source_id,target_id,target_type,relation_type,description
5/nh-tt,5/nh-tt_1,ARTICLE,CONTAIN,
5/nh-tt,5/nh-tt_2,ARTICLE,CONTAIN,
5/nh-tt,5/nh-tt_3,ARTICLE,CONTAIN,
5/nh-tt,5/nh-tt_5,ARTICLE,CONTAIN,
5/nh-tt,5/nh-tt_6,ARTICLE,CONTAIN,
5/nh-tt,5/nh-tt_7,ARTICLE,CONTAIN,
5/nh-tt,5/nh-tt_8,ARTICLE,CONTAIN,
5/nh-tt,5/nh-tt_9,ARTICLE,CONTAIN,
5/nh-tt,5/nh-tt_10,ARTICLE,CONTAIN,
5/nh-tt,5/nh-tt_11,ARTICLE,CONTAIN,
89/nh-qđ,89/nh-qđ_1,ARTICLE,CONTAIN,
89/nh-qđ,89/nh-qđ_2,ARTICLE,CONTAIN,
89/nh-qđ,89/nh-qđ_3,ARTICLE,CONTAIN,
89/nh-qđ,89/nh-qđ_4,ARTICLE,CONTAIN,
125/nh-tt,125/nh-tt_1,ARTICLE,CONTAIN,
125/nh-tt,125/nh-tt_2,ARTICLE,CONTAIN,
125/nh-tt,125/nh-tt_3,ARTICLE,CONTAIN,
125/nh-tt,125/nh-tt_4,ARTICLE,CONTAIN,
222/nh-tt,222/nh-tt_1,ARTICLE,CONTAIN,
222/nh-tt,222/nh-tt_2,ARTICLE,CONTAIN,
222/nh-tt,222/nh-tt_4,ARTICLE,CONTAIN,
222/nh-tt,222/nh-tt_5,ARTICLE,CONTAIN,
222/nh-tt,222/nh-tt_6,ARTICLE,CONTAIN,
222/nh-tt,222/nh-tt_7,ARTICLE,CONTAIN,
222/nh-tt,222/nh-tt_8,ARTICLE,CONTAIN,
222/nh-tt,222/nh-tt_9,ARTICLE,CONTAIN,
159-nh/tt,159-nh/tt_1,ARTICLE,CONTAIN,
159-nh/tt,159-nh/tt_2,ARTICLE,CONTAIN,
159-nh/tt,159-nh/tt_3,ARTICLE,CONTAIN,
159-nh/tt,159-nh/tt_5,ARTICLE,CONTAIN,
159-nh/tt_5,146-NH/QĐ_5,ARTICLE,GUIDE,
5/nh-tt,5/nh-tt_1,ARTICLE,CONTAIN,
5/nh-tt,5/nh-tt_2,ARTICLE,CONTAIN,
5/nh-tt,5/nh-tt_3,ARTICLE,CONTAIN,
5/nh-tt,5/nh-tt_4,ARTICLE,CONTAIN,
5/nh-tt,5/nh-tt_5,ARTICLE,CONTAIN,
5/nh-tt,5/nh-tt_6,ARTICLE,CONTAIN,
5/nh-tt,5/nh-tt_7,ARTICLE,CONTAIN,
5/nh-tt,5/nh-tt_8,ARTICLE,CONTAIN,
5/nh-tt,5/nh-tt_9,ARTICLE,CONTAIN,
5/nh-tt,5/nh-tt_10,ARTICLE,CONTAIN,
5/nh-tt,5/nh-tt_11,ARTICLE,CONTAIN,
89/nh-qđ,89/nh-qđ_1,ARTICLE,CONTAIN,
89/nh-qđ,89/nh-qđ_2,ARTICLE,CONTAIN,
89/nh-qđ,89/nh-qđ_3,ARTICLE,CONTAIN,
89/nh-qđ,89/nh-qđ_4,ARTICLE,CONTAIN,
125/nh-tt,125/nh-tt_1,ARTICLE,CONTAIN,
125/nh-tt,125/nh-tt_2,ARTICLE,CONTAIN,
125/nh-tt,125/nh-tt_3,ARTICLE,CONTAIN,
125/nh-tt,125/nh-tt_4,ARTICLE,CONTAIN,
222/nh-tt,222/nh-tt_1,ARTICLE,CONTAIN,
222/nh-tt,222/nh-tt_2,ARTICLE,CONTAIN,
222/nh-tt,222/nh-tt_3,ARTICLE,CONTAIN,
222/nh-tt,222/nh-tt_4,ARTICLE,CONTAIN,
222/nh-tt,222/nh-tt_5,ARTICLE,CONTAIN,
222/nh-tt,222/nh-tt_6,ARTICLE,CONTAIN,
222/nh-tt,222/nh-tt_7,ARTICLE,CONTAIN,
222/nh-tt,222/nh-tt_8,ARTICLE,CONTAIN,
222/nh-tt,222/nh-tt_9,ARTICLE,CONTAIN,
159-nh/tt,159-nh/tt_1,ARTICLE,CONTAIN,
159-nh/tt,159-nh/tt_2,ARTICLE,CONTAIN,
159-nh/tt,159-nh/tt_3,ARTICLE,CONTAIN,
159-nh/tt,159-nh/tt_4,ARTICLE,CONTAIN,
159-nh/tt,159-nh/tt_5,ARTICLE,CONTAIN,
159-nh/tt_5,146-NH/QĐ_5,ARTICLE,GUIDE,
159-nh/tt_5,146-NH/QĐ_7,ARTICLE,GUIDE,
73/nh-qđ,73/nh-qđ_1,ARTICLE,CONTAIN,
73/nh-qđ,73/nh-qđ_2,ARTICLE,CONTAIN,
73/nh-qđ,73/nh-qđ_3,ARTICLE,CONTAIN,
73/nh-qđ,73/nh-qđ_4,ARTICLE,CONTAIN,
140/ct,140/ct_1,ARTICLE,CONTAIN,
140/ct,140/ct_2,ARTICLE,CONTAIN,
140/ct,140/ct_3,ARTICLE,CONTAIN,
140/ct,140/ct_4,ARTICLE,CONTAIN,
129/nh-tt,129/nh-tt_1,ARTICLE,CONTAIN,
129/nh-tt,129/nh-tt_2,ARTICLE,CONTAIN,
129/nh-tt,129/nh-tt_3,ARTICLE,CONTAIN,
129/nh-tt,129/nh-tt_4,ARTICLE,CONTAIN,
24/tt-lb,24/tt-lb_1,ARTICLE,CONTAIN,
24/tt-lb,24/tt-lb_2,ARTICLE,CONTAIN,
24/tt-lb,24/tt-lb_3,ARTICLE,CONTAIN,
24/tt-lb,24/tt-lb_4,ARTICLE,CONTAIN,
24/tt-lb,24/tt-lb_5,ARTICLE,CONTAIN,
25/nh-qđ,25/nh-qđ_1,ARTICLE,CONTAIN,
25/nh-qđ,25/nh-qđ_2,ARTICLE,CONTAIN,
18/nh-qđ,18/nh-qđ_1,ARTICLE,CONTAIN,
18/nh-qđ,18/nh-qđ_2,ARTICLE,CONTAIN,
18/nh-qđ,18/nh-qđ_3,ARTICLE,CONTAIN,
18/nh-qđ,18/nh-qđ_4,ARTICLE,CONTAIN,
18/nh-qđ,18/nh-qđ_5,ARTICLE,CONTAIN,
18/nh-qđ,18/nh-qđ_6,ARTICLE,CONTAIN,
18/nh-qđ,18/nh-qđ_7,ARTICLE,CONTAIN,
18/nh-qđ,18/nh-qđ_8,ARTICLE,CONTAIN,
18/nh-qđ,18/nh-qđ_9,ARTICLE,CONTAIN,
18/nh-qđ,18/nh-qđ_10,ARTICLE,CONTAIN,
18/nh-qđ,18/nh-qđ_11,ARTICLE,CONTAIN,
18/nh-qđ,18/nh-qđ_12,ARTICLE,CONTAIN,
18/nh-qđ,18/nh-qđ_13,ARTICLE,CONTAIN,
18/nh-qđ,18/nh-qđ_14,ARTICLE,CONTAIN,
18/nh-qđ,18/nh-qđ_15,ARTICLE,CONTAIN,
16/nh-qđ,16/nh-qđ_1,ARTICLE,CONTAIN,
16/nh-qđ,16/nh-qđ_2,ARTICLE,CONTAIN,
16/nh-qđ,16/nh-qđ_3,ARTICLE,CONTAIN,
16/nh-qđ,16/nh-qđ_4,ARTICLE,CONTAIN,
35/nhnn-tt,35/nhnn-tt_1,ARTICLE,CONTAIN,
35/nhnn-tt,35/nhnn-tt_2,ARTICLE,CONTAIN,
35/nhnn-tt,35/nhnn-tt_3,ARTICLE,CONTAIN,
35/nhnn-tt,35/nhnn-tt_4,ARTICLE,CONTAIN,
130/nh-tt,130/nh-tt_1,ARTICLE,CONTAIN,
130/nh-tt,130/nh-tt_2,ARTICLE,CONTAIN,
130/nh-tt,130/nh-tt_3,ARTICLE,CONTAIN,
130/nh-tt,130/nh-tt_4,ARTICLE,CONTAIN,
130/nh-tt,130/nh-tt_5,ARTICLE,CONTAIN,
130/nh-tt,130/nh-tt_6,ARTICLE,CONTAIN,
130/nh-tt,130/nh-tt_7,ARTICLE,CONTAIN,
130/nh-tt,130/nh-tt_8,ARTICLE,CONTAIN,
112/nh-qđ,112/nh-qđ_1,ARTICLE,CONTAIN,
112/nh-qđ,112/nh-qđ_2,ARTICLE,CONTAIN,
112/nh-qđ,112/nh-qđ_3,ARTICLE,CONTAIN,
112/nh-qđ,112/nh-qđ_4,ARTICLE,CONTAIN,
112/nh-qđ,112/nh-qđ_5,ARTICLE,CONTAIN,
112/nh-qđ,112/nh-qđ_6,ARTICLE,CONTAIN,
112/nh-qđ,112/nh-qđ_7,ARTICLE,CONTAIN,
112/nh-qđ,112/nh-qđ_8,ARTICLE,CONTAIN,
112/nh-qđ,112/nh-qđ_9,ARTICLE,CONTAIN,
112/nh-qđ,112/nh-qđ_10,ARTICLE,CONTAIN,
112/nh-qđ,112/nh-qđ_11,ARTICLE,CONTAIN,
112/nh-qđ,112/nh-qđ_12,ARTICLE,CONTAIN,
111-nh/qđ,111-nh/qđ_1,ARTICLE,CONTAIN,
111-nh/qđ,111-nh/qđ_2,ARTICLE,CONTAIN,
111-nh/qđ,111-nh/qđ_3,ARTICLE,CONTAIN,
111-nh/qđ_3,111-nh/qđ_4,ARTICLE,GUIDE,
111-nh/qđ,111-nh/qđ_4,ARTICLE,CONTAIN,
111-nh/qđ,111-nh/qđ_5,ARTICLE,CONTAIN,
111-nh/qđ,111-nh/qđ_6,ARTICLE,CONTAIN,
111-nh/qđ,111-nh/qđ_7,ARTICLE,CONTAIN,
111-nh/qđ,111-nh/qđ_8,ARTICLE,CONTAIN,
111-nh/qđ,111-nh/qđ_9,ARTICLE,CONTAIN,
109-nh/qđ,109-nh/qđ_1,ARTICLE,CONTAIN,
109-nh/qđ,109-nh/qđ_2,ARTICLE,CONTAIN,
109-nh/qđ,109-nh/qđ_3,ARTICLE,CONTAIN,
109-nh/qđ,109-nh/qđ_4,ARTICLE,CONTAIN,
10-ttlb/nh/bđ,10-ttlb/nh/bđ_1,ARTICLE,CONTAIN,
10-ttlb/nh/bđ,10-ttlb/nh/bđ_2,ARTICLE,CONTAIN,
10-ttlb/nh/bđ,10-ttlb/nh/bđ_3,ARTICLE,CONTAIN,
10-ttlb/nh/bđ,10-ttlb/nh/bđ_4,ARTICLE,CONTAIN,
10-ttlb/nh/bđ,10-ttlb/nh/bđ_5,ARTICLE,CONTAIN,
8-ttlb/nh/bđ,8-ttlb/nh/bđ_1,ARTICLE,CONTAIN,
8-ttlb/nh/bđ,8-ttlb/nh/bđ_2,ARTICLE,CONTAIN,
8-ttlb/nh/bđ,8-ttlb/nh/bđ_3,ARTICLE,CONTAIN,
8-ttlb/nh/bđ,8-ttlb/nh/bđ_4,ARTICLE,CONTAIN,
8-ttlb/nh/bđ,8-ttlb/nh/bđ_5,ARTICLE,CONTAIN,
9-ttlb/nh/bđ,9-ttlb/nh/bđ_1,ARTICLE,CONTAIN,
9-ttlb/nh/bđ,9-ttlb/nh/bđ_2,ARTICLE,CONTAIN,
9-ttlb/nh/bđ,9-ttlb/nh/bđ_3,ARTICLE,CONTAIN,
9-ttlb/nh/bđ,9-ttlb/nh/bđ_4,ARTICLE,CONTAIN,
9-ttlb/nh/bđ,9-ttlb/nh/bđ_5,ARTICLE,CONTAIN,
9-ttlb/nh/bđ,9-ttlb/nh/bđ_6,ARTICLE,CONTAIN,
9-ttlb/nh/bđ,9-ttlb/nh/bđ_7,ARTICLE,CONTAIN,
9-ttlb/nh/bđ,9-ttlb/nh/bđ_8,ARTICLE,CONTAIN,
9-ttlb/nh/bđ,9-ttlb/nh/bđ_9,ARTICLE,CONTAIN,
9-ttlb/nh/bđ,9-ttlb/nh/bđ_10,ARTICLE,CONTAIN,
9-ttlb/nh/bđ,9-ttlb/nh/bđ_11,ARTICLE,CONTAIN,
9-ttlb/nh/bđ,9-ttlb/nh/bđ_12,ARTICLE,CONTAIN,
9-ttlb/nh/bđ,9-ttlb/nh/bđ_13,ARTICLE,CONTAIN,
218-ct,218-ct_1,ARTICLE,CONTAIN,
218-ct,218-ct_2,ARTICLE,CONTAIN,
128/ct,128/ct_1,ARTICLE,CONTAIN,
128/ct,128/ct_2,ARTICLE,CONTAIN,
128/ct,128/ct_3,ARTICLE,CONTAIN,
126/ct,126/ct_1,ARTICLE,CONTAIN,
126/ct,126/ct_2,ARTICLE,CONTAIN,
126/ct,126/ct_3,ARTICLE,CONTAIN,
126/ct,126/ct_4,ARTICLE,CONTAIN,
126/ct,126/ct_5,ARTICLE,CONTAIN,
67/nh-qđ,67/nh-qđ_1,ARTICLE,CONTAIN,
67/nh-qđ,67/nh-qđ_2,ARTICLE,CONTAIN,
67/nh-qđ,67/nh-qđ_3,ARTICLE,CONTAIN,
67/nh-qđ,67/nh-qđ_4,ARTICLE,CONTAIN,
67/nh-qđ,67/nh-qđ_5,ARTICLE,CONTAIN,
67/nh-qđ,67/nh-qđ_6,ARTICLE,CONTAIN,
67/nh-qđ,67/nh-qđ_7,ARTICLE,CONTAIN,
67/nh-qđ,67/nh-qđ_8,ARTICLE,CONTAIN,
67/nh-qđ,67/nh-qđ_9,ARTICLE,CONTAIN,
67/nh-qđ,67/nh-qđ_10,ARTICLE,CONTAIN,
67/nh-qđ_10,67/nh-qđ_6,ARTICLE,GUIDE,
67/nh-qđ,67/nh-qđ_11,ARTICLE,CONTAIN,
3/nh-tt,3/nh-tt_1,ARTICLE,CONTAIN,
3/nh-tt,3/nh-tt_2,ARTICLE,CONTAIN,
3/nh-tt,3/nh-tt_3,ARTICLE,CONTAIN,
3/nh-tt_3,33-NH/QĐ_7,ARTICLE,GUIDE,
3/nh-tt_3,33-NH/QĐ_8,ARTICLE,GUIDE,
3/nh-tt_3,33-NH/QĐ_10,ARTICLE,GUIDE,
33/nh-qđ,33/nh-qđ_1,ARTICLE,CONTAIN,
33/nh-qđ,33/nh-qđ_2,ARTICLE,CONTAIN,
33/nh-qđ,33/nh-qđ_3,ARTICLE,CONTAIN,
33/nh-qđ,33/nh-qđ_4,ARTICLE,CONTAIN,
33/nh-qđ,33/nh-qđ_5,ARTICLE,CONTAIN,
33/nh-qđ,33/nh-qđ_6,ARTICLE,CONTAIN,
33/nh-qđ,33/nh-qđ_7,ARTICLE,CONTAIN,
33/nh-qđ,33/nh-qđ_8,ARTICLE,CONTAIN,
33/nh-qđ,33/nh-qđ_9,ARTICLE,CONTAIN,
33/nh-qđ,33/nh-qđ_10,ARTICLE,CONTAIN,
33/nh-qđ,33/nh-qđ_11,ARTICLE,CONTAIN,
33/nh-qđ,33/nh-qđ_12,ARTICLE,CONTAIN,
33/nh-qđ,33/nh-qđ_13,ARTICLE,CONTAIN,
33/nh-qđ,33/nh-qđ_14,ARTICLE,CONTAIN,
33/nh-qđ,33/nh-qđ_15,ARTICLE,CONTAIN,
33/nh-qđ,33/nh-qđ_16,ARTICLE,CONTAIN,
24/nh-qđ,24/nh-qđ_1,ARTICLE,CONTAIN,
24/nh-qđ,24/nh-qđ_2,ARTICLE,CONTAIN,
24/nh-qđ,24/nh-qđ_3,ARTICLE,CONTAIN,
24/nh-qđ,24/nh-qđ_4,ARTICLE,CONTAIN,
24/nh-qđ,24/nh-qđ_5,ARTICLE,CONTAIN,
24/nh-qđ,24/nh-qđ_6,ARTICLE,CONTAIN,
24/nh-qđ,24/nh-qđ_7,ARTICLE,CONTAIN,
24/nh-qđ,24/nh-qđ_8,ARTICLE,CONTAIN,
24/nh-qđ,24/nh-qđ_9,ARTICLE,CONTAIN,
24/nh-qđ,24/nh-qđ_10,ARTICLE,CONTAIN,
24/nh-qđ,24/nh-qđ_11,ARTICLE,CONTAIN,
24/nh-qđ,24/nh-qđ_12,ARTICLE,CONTAIN,
24/nh-qđ,24/nh-qđ_13,ARTICLE,CONTAIN,
24/nh-qđ,24/nh-qđ_14,ARTICLE,CONTAIN,
24/nh-qđ,24/nh-qđ_15,ARTICLE,CONTAIN,
24/nh-qđ,24/nh-qđ_16,ARTICLE,CONTAIN,
24/nh-qđ,24/nh-qđ_17,ARTICLE,CONTAIN,
34/nh-tt,34/nh-tt_1,ARTICLE,CONTAIN,
34/nh-tt,34/nh-tt_2,ARTICLE,CONTAIN,
34/nh-tt,34/nh-tt_3,ARTICLE,CONTAIN,
34/nh-tt,34/nh-tt_4,ARTICLE,CONTAIN,
34/nh-tt,34/nh-tt_5,ARTICLE,CONTAIN,
34/nh-tt,34/nh-tt_6,ARTICLE,CONTAIN,
9/ttlb-ngt-nh,9/ttlb-ngt-nh_1,ARTICLE,CONTAIN,
9/ttlb-ngt-nh,9/ttlb-ngt-nh_2,ARTICLE,CONTAIN,
9/ttlb-ngt-nh,9/ttlb-ngt-nh_3,ARTICLE,CONTAIN,
9/ttlb-ngt-nh,9/ttlb-ngt-nh_4,ARTICLE,CONTAIN,
9/ttlb-ngt-nh,9/ttlb-ngt-nh_5,ARTICLE,CONTAIN,
9/ttlb-ngt-nh,9/ttlb-ngt-nh_6,ARTICLE,CONTAIN,
9/ttlb-ngt-nh,9/ttlb-ngt-nh_7,ARTICLE,CONTAIN,
9/ttlb-ngt-nh,9/ttlb-ngt-nh_8,ARTICLE,CONTAIN,
52/nh-qđ,52/nh-qđ_1,ARTICLE,CONTAIN,
52/nh-qđ,52/nh-qđ_2,ARTICLE,CONTAIN,
52/nh-qđ,52/nh-qđ_3,ARTICLE,CONTAIN,
52/nh-qđ,52/nh-qđ_4,ARTICLE,CONTAIN,
52/nh-qđ,52/nh-qđ_5,ARTICLE,CONTAIN,
52/nh-qđ,52/nh-qđ_6,ARTICLE,CONTAIN,
52/nh-qđ,52/nh-qđ_7,ARTICLE,CONTAIN,
52/nh-qđ,52/nh-qđ_8,ARTICLE,CONTAIN,
52/nh-qđ,52/nh-qđ_9,ARTICLE,CONTAIN,
52/nh-qđ,52/nh-qđ_10,ARTICLE,CONTAIN,
52/nh-qđ,52/nh-qđ_11,ARTICLE,CONTAIN,
52/nh-qđ,52/nh-qđ_12,ARTICLE,CONTAIN,
52/nh-qđ,52/nh-qđ_13,ARTICLE,CONTAIN,
52/nh-qđ,52/nh-qđ_14,ARTICLE,CONTAIN,
52/nh-qđ,52/nh-qđ_15,ARTICLE,CONTAIN,
52/nh-qđ,52/nh-qđ_16,ARTICLE,CONTAIN,
52/nh-qđ,52/nh-qđ_17,ARTICLE,CONTAIN,
52/nh-qđ,52/nh-qđ_18,ARTICLE,CONTAIN,
52/nh-qđ,52/nh-qđ_19,ARTICLE,CONTAIN,
52/nh-qđ,52/nh-qđ_20,ARTICLE,CONTAIN,
52/nh-qđ,52/nh-qđ_21,ARTICLE,CONTAIN,
52/nh-qđ,52/nh-qđ_22,ARTICLE,CONTAIN,
52/nh-qđ,52/nh-qđ_23,ARTICLE,CONTAIN,
52/nh-qđ,52/nh-qđ_24,ARTICLE,CONTAIN,
120/nh-qđ,120/nh-qđ_1,ARTICLE,CONTAIN,
120/nh-qđ,120/nh-qđ_2,ARTICLE,CONTAIN,
120/nh-qđ,120/nh-qđ_3,ARTICLE,CONTAIN,
120/nh-qđ,120/nh-qđ_4,ARTICLE,CONTAIN,
120/nh-qđ,120/nh-qđ_5,ARTICLE,CONTAIN,
120/nh-qđ,120/nh-qđ_6,ARTICLE,CONTAIN,
120/nh-qđ,120/nh-qđ_7,ARTICLE,CONTAIN,
120/nh-qđ,120/nh-qđ_8,ARTICLE,CONTAIN,
120/nh-qđ,120/nh-qđ_9,ARTICLE,CONTAIN,
120/nh-qđ,120/nh-qđ_10,ARTICLE,CONTAIN,
120/nh-qđ,120/nh-qđ_11,ARTICLE,CONTAIN,
120/nh-qđ,120/nh-qđ_12,ARTICLE,CONTAIN,
120/nh-qđ,120/nh-qđ_13,ARTICLE,CONTAIN,
120/nh-qđ,120/nh-qđ_14,ARTICLE,CONTAIN,
120/nh-qđ,120/nh-qđ_15,ARTICLE,CONTAIN,
120/nh-qđ_15,120/nh-qđ_9,ARTICLE,GUIDE,
120/nh-qđ_15,120/nh-qđ_10,ARTICLE,GUIDE,
120/nh-qđ,120/nh-qđ_16,ARTICLE,CONTAIN,
120/nh-qđ_16,120/nh-qđ_13,ARTICLE,GUIDE,
120/nh-qđ_16,120/nh-qđ_14,ARTICLE,GUIDE,
120/nh-qđ,120/nh-qđ_17,ARTICLE,CONTAIN,
120/nh-qđ,120/nh-qđ_18,ARTICLE,CONTAIN,
120/nh-qđ,120/nh-qđ_19,ARTICLE,CONTAIN,
122/nh-qđ,122/nh-qđ_1,ARTICLE,CONTAIN,
122/nh-qđ,122/nh-qđ_2,ARTICLE,CONTAIN,
122/nh-qđ,122/nh-qđ_3,ARTICLE,CONTAIN,
122/nh-qđ,122/nh-qđ_4,ARTICLE,CONTAIN,
122/nh-qđ,122/nh-qđ_5,ARTICLE,CONTAIN,
122/nh-qđ,122/nh-qđ_6,ARTICLE,CONTAIN,
122/nh-qđ_6,122/nh-qđ_3,ARTICLE,GUIDE,
122/nh-qđ_6,122/nh-qđ_15,ARTICLE,GUIDE,
122/nh-qđ_6,122/nh-qđ_16,ARTICLE,GUIDE,
122/nh-qđ_6,122/nh-qđ_17,ARTICLE,GUIDE,
122/nh-qđ_6,122/nh-qđ_18,ARTICLE,GUIDE,
10/tt-lb,10/tt-lb_1,ARTICLE,CONTAIN,
10/tt-lb,10/tt-lb_2,ARTICLE,CONTAIN,
10/tt-lb,10/tt-lb_3,ARTICLE,CONTAIN,
10/tt-lb,10/tt-lb_4,ARTICLE,CONTAIN,
16/tt-lb,16/tt-lb_1,ARTICLE,CONTAIN,
16/tt-lb,16/tt-lb_2,ARTICLE,CONTAIN,
16/tt-lb,16/tt-lb_3,ARTICLE,CONTAIN,
16/tt-lb,16/tt-lb_4,ARTICLE,CONTAIN,
16/tt-lb,16/tt-lb_5,ARTICLE,CONTAIN,
16/tt-lb,16/tt-lb_6,ARTICLE,CONTAIN,
16/tt-lb,16/tt-lb_7,ARTICLE,CONTAIN,
259-cp,259-cp_1,ARTICLE,CONTAIN,
259-cp,259-cp_2,ARTICLE,CONTAIN,
259-cp,259-cp_3,ARTICLE,CONTAIN,
259-cp,259-cp_4,ARTICLE,CONTAIN,
224-cp,224-cp_1,ARTICLE,CONTAIN,
224-cp,224-cp_2,ARTICLE,CONTAIN,
224-cp,224-cp_3,ARTICLE,CONTAIN,
224-cp,224-cp_4,ARTICLE,CONTAIN,
224-cp,224-cp_5,ARTICLE,CONTAIN,
26/tt-lb,26/tt-lb_1,ARTICLE,CONTAIN,
26/tt-lb,26/tt-lb_2,ARTICLE,CONTAIN,
26/tt-lb,26/tt-lb_3,ARTICLE,CONTAIN,
26/tt-lb,26/tt-lb_4,ARTICLE,CONTAIN,
26/tt-lb_4,26/tt-lb_1,ARTICLE,GUIDE,
26/tt-lb,26/tt-lb_5,ARTICLE,CONTAIN,
26/tt-lb_5,26/tt-lb_1,ARTICLE,GUIDE,
140/2000/qđ-ttg,140/2000/qđ-ttg_1,ARTICLE,CONTAIN,
140/2000/qđ-ttg,140/2000/qđ-ttg_2,ARTICLE,CONTAIN,
140/2000/qđ-ttg,140/2000/qđ-ttg_3,ARTICLE,CONTAIN,
140/2000/qđ-ttg,140/2000/qđ-ttg_4,ARTICLE,CONTAIN,
140/2000/qđ-ttg,140/2000/qđ-ttg_5,ARTICLE,CONTAIN,
140/2000/qđ-ttg,140/2000/qđ-ttg_6,ARTICLE,CONTAIN,
140/2000/qđ-ttg,140/2000/qđ-ttg_7,ARTICLE,CONTAIN,
140/2000/qđ-ttg,140/2000/qđ-ttg_8,ARTICLE,CONTAIN,
140/2000/qđ-ttg,140/2000/qđ-ttg_9,ARTICLE,CONTAIN,
466/2000/qđ-nhnn1,466/2000/qđ-nhnn1_1,ARTICLE,CONTAIN,
466/2000/qđ-nhnn1,466/2000/qđ-nhnn1_2,ARTICLE,CONTAIN,
466/2000/qđ-nhnn1,466/2000/qđ-nhnn1_3,ARTICLE,CONTAIN,
92/2000/qđ-nhnn7,92/2000/qđ-nhnn7_1,ARTICLE,CONTAIN,
92/2000/qđ-nhnn7,92/2000/qđ-nhnn7_2,ARTICLE,CONTAIN,
92/2000/qđ-nhnn7_2,92/2000/QĐ-NHNN7_4,ARTICLE,GUIDE,
92/2000/qđ-nhnn7_2,92/2000/QĐ-NHNN7_5,ARTICLE,GUIDE,
92/2000/qđ-nhnn7,92/2000/qđ-nhnn7_3,ARTICLE,CONTAIN,
92/2000/qđ-nhnn7_3,92/2000/qđ-nhnn7_4,ARTICLE,GUIDE,
92/2000/qđ-nhnn7,92/2000/qđ-nhnn7_4,ARTICLE,CONTAIN,
92/2000/qđ-nhnn7,92/2000/qđ-nhnn7_5,ARTICLE,CONTAIN,
92/2000/qđ-nhnn7_5,92/2000/qđ-nhnn7_4,ARTICLE,GUIDE,
92/2000/qđ-nhnn7,92/2000/qđ-nhnn7_6,ARTICLE,CONTAIN,
92/2000/qđ-nhnn7_6,92/2000/qđ-nhnn7_5,ARTICLE,GUIDE,
92/2000/qđ-nhnn7,92/2000/qđ-nhnn7_7,ARTICLE,CONTAIN,
92/2000/qđ-nhnn7,92/2000/qđ-nhnn7_8,ARTICLE,CONTAIN,
92/2000/qđ-nhnn7,92/2000/qđ-nhnn7_9,ARTICLE,CONTAIN,
92/2000/qđ-nhnn7,92/2000/qđ-nhnn7_10,ARTICLE,CONTAIN,
38/2000/qđ-nhnn1,38/2000/qđ-nhnn1_1,ARTICLE,CONTAIN,
38/2000/qđ-nhnn1,38/2000/qđ-nhnn1_2,ARTICLE,CONTAIN,
38/2000/qđ-nhnn1,38/2000/qđ-nhnn1_3,ARTICLE,CONTAIN,
38/2000/qđ-nhnn1,38/2000/qđ-nhnn1_4,ARTICLE,CONTAIN,
37/2000/qđ-nhnn1,37/2000/qđ-nhnn1_1,ARTICLE,CONTAIN,
37/2000/qđ-nhnn1,37/2000/qđ-nhnn1_2,ARTICLE,CONTAIN,
37/2000/qđ-nhnn1,37/2000/qđ-nhnn1_3,ARTICLE,CONTAIN,
37/2000/qđ-nhnn1,37/2000/qđ-nhnn1_4,ARTICLE,CONTAIN,
37/2000/qđ-nhnn1,37/2000/qđ-nhnn1_5,ARTICLE,CONTAIN,
37/2000/qđ-nhnn1,37/2000/qđ-nhnn1_6,ARTICLE,CONTAIN,
37/2000/qđ-nhnn1,37/2000/qđ-nhnn1_7,ARTICLE,CONTAIN,
37/2000/qđ-nhnn1,37/2000/qđ-nhnn1_8,ARTICLE,CONTAIN,
37/2000/qđ-nhnn1,37/2000/qđ-nhnn1_9,ARTICLE,CONTAIN,
37/2000/qđ-nhnn1,37/2000/qđ-nhnn1_10,ARTICLE,CONTAIN,
37/2000/qđ-nhnn1,37/2000/qđ-nhnn1_11,ARTICLE,CONTAIN,
37/2000/qđ-nhnn1,37/2000/qđ-nhnn1_12,ARTICLE,CONTAIN,
37/2000/qđ-nhnn1,37/2000/qđ-nhnn1_13,ARTICLE,CONTAIN,
37/2000/qđ-nhnn1,37/2000/qđ-nhnn1_14,ARTICLE,CONTAIN,
37/2000/qđ-nhnn1,37/2000/qđ-nhnn1_15,ARTICLE,CONTAIN,
37/2000/qđ-nhnn1,37/2000/qđ-nhnn1_16,ARTICLE,CONTAIN,
37/2000/qđ-nhnn1,37/2000/qđ-nhnn1_17,ARTICLE,CONTAIN,
75/2000/qđ-ttg,75/2000/qđ-ttg_1,ARTICLE,CONTAIN,
75/2000/qđ-ttg,75/2000/qđ-ttg_2,ARTICLE,CONTAIN,
75/2000/qđ-ttg,75/2000/qđ-ttg_3,ARTICLE,CONTAIN,
191/1999/qđ-nhnnl,191/1999/qđ-nhnnl_1,ARTICLE,CONTAIN,
191/1999/qđ-nhnnl_1,51/1999/QĐ-NHNN1_11,ARTICLE,GUIDE,
191/1999/qđ-nhnnl,191/1999/qđ-nhnnl_2,ARTICLE,CONTAIN,
191/1999/qđ-nhnnl,191/1999/qđ-nhnnl_3,ARTICLE,CONTAIN,
191/1999/qđ-nhnnl,191/1999/qđ-nhnnl_4,ARTICLE,CONTAIN,
191/1999/qđ-nhnnl,191/1999/qđ-nhnnl_5,ARTICLE,CONTAIN,
191/1999/qđ-nhnnl_5,51/1999/QĐ-NHNN1_14,ARTICLE,GUIDE,
191/1999/qđ-nhnnl,191/1999/qđ-nhnnl_6,ARTICLE,CONTAIN,
191/1999/qđ-nhnnl,191/1999/qđ-nhnnl_7,ARTICLE,CONTAIN,
218/1999/qđ-ttg,218/1999/qđ-ttg_1,ARTICLE,CONTAIN,
218/1999/qđ-ttg,218/1999/qđ-ttg_2,ARTICLE,CONTAIN,
218/1999/qđ-ttg,218/1999/qđ-ttg_3,ARTICLE,CONTAIN,
218/1999/qđ-ttg,218/1999/qđ-ttg_4,ARTICLE,CONTAIN,
218/1999/qđ-ttg,218/1999/qđ-ttg_5,ARTICLE,CONTAIN,
218/1999/qđ-ttg,218/1999/qđ-ttg_6,ARTICLE,CONTAIN,
218/1999/qđ-ttg,218/1999/qđ-ttg_7,ARTICLE,CONTAIN,
218/1999/qđ-ttg,218/1999/qđ-ttg_8,ARTICLE,CONTAIN,
218/1999/qđ-ttg,218/1999/qđ-ttg_9,ARTICLE,CONTAIN,
52/1999/qđ-nhnn1,52/1999/qđ-nhnn1_1,ARTICLE,CONTAIN,
52/1999/qđ-nhnn1_1,51/1999/QĐ-NHNN1_11,ARTICLE,GUIDE,
52/1999/qđ-nhnn1,52/1999/qđ-nhnn1_2,ARTICLE,CONTAIN,
52/1999/qđ-nhnn1,52/1999/qđ-nhnn1_3,ARTICLE,CONTAIN,
52/1999/qđ-nhnn1,52/1999/qđ-nhnn1_4,ARTICLE,CONTAIN,
52/1999/qđ-nhnn1,52/1999/qđ-nhnn1_5,ARTICLE,CONTAIN,
52/1999/qđ-nhnn1,52/1999/qđ-nhnn1_6,ARTICLE,CONTAIN,
52/1999/qđ-nhnn1,52/1999/qđ-nhnn1_7,ARTICLE,CONTAIN,
397/1999/qđ-nhnn1,397/1999/qđ-nhnn1_1,ARTICLE,CONTAIN,
397/1999/qđ-nhnn1,397/1999/qđ-nhnn1_2,ARTICLE,CONTAIN,
397/1999/qđ-nhnn1,397/1999/qđ-nhnn1_3,ARTICLE,CONTAIN,
389/1999/qđ-nhnn10,389/1999/qđ-nhnn10_1,ARTICLE,CONTAIN,
389/1999/qđ-nhnn10,389/1999/qđ-nhnn10_2,ARTICLE,CONTAIN,
389/1999/qđ-nhnn10,389/1999/qđ-nhnn10_3,ARTICLE,CONTAIN,
362/1999/qđ-nhnn1,362/1999/qđ-nhnn1_1,ARTICLE,CONTAIN,
362/1999/qđ-nhnn1,362/1999/qđ-nhnn1_2,ARTICLE,CONTAIN,
362/1999/qđ-nhnn1,362/1999/qđ-nhnn1_3,ARTICLE,CONTAIN,
340/1999/qđ-nhnn14,340/1999/qđ-nhnn14_1,ARTICLE,CONTAIN,
340/1999/qđ-nhnn14,340/1999/qđ-nhnn14_2,ARTICLE,CONTAIN,
340/1999/qđ-nhnn14,340/1999/qđ-nhnn14_3,ARTICLE,CONTAIN,
340/1999/qđ-nhnn14,340/1999/qđ-nhnn14_4,ARTICLE,CONTAIN,
170/1999/qđ-ttg,170/1999/qđ-ttg_1,ARTICLE,CONTAIN,
170/1999/qđ-ttg,170/1999/qđ-ttg_2,ARTICLE,CONTAIN,
170/1999/qđ-ttg,170/1999/qđ-ttg_3,ARTICLE,CONTAIN,
170/1999/qđ-ttg,170/1999/qđ-ttg_4,ARTICLE,CONTAIN,
170/1999/qđ-ttg,170/1999/qđ-ttg_5,ARTICLE,CONTAIN,
170/1999/qđ-ttg,170/1999/qđ-ttg_6,ARTICLE,CONTAIN,
170/1999/qđ-ttg,170/1999/qđ-ttg_7,ARTICLE,CONTAIN,
170/1999/qđ-ttg,170/1999/qđ-ttg_8,ARTICLE,CONTAIN,
170/1999/qđ-ttg,170/1999/qđ-ttg_9,ARTICLE,CONTAIN,
170/1999/qđ-ttg,170/1999/qđ-ttg_10,ARTICLE,CONTAIN,
89/1999/nđ-cp,89/1999/nđ-cp_6,ARTICLE,CONTAIN,
89/1999/nđ-cp,89/1999/nđ-cp_7,ARTICLE,CONTAIN,
89/1999/nđ-cp,89/1999/nđ-cp_8,ARTICLE,CONTAIN,
89/1999/nđ-cp,89/1999/nđ-cp_9,ARTICLE,CONTAIN,
89/1999/nđ-cp,89/1999/nđ-cp_10,ARTICLE,CONTAIN,
89/1999/nđ-cp,89/1999/nđ-cp_11,ARTICLE,CONTAIN,
89/1999/nđ-cp,89/1999/nđ-cp_12,ARTICLE,CONTAIN,
89/1999/nđ-cp,89/1999/nđ-cp_13,ARTICLE,CONTAIN,
89/1999/nđ-cp,89/1999/nđ-cp_14,ARTICLE,CONTAIN,
89/1999/nđ-cp,89/1999/nđ-cp_15,ARTICLE,CONTAIN,
89/1999/nđ-cp_15,89/1999/NĐ-CP_14,ARTICLE,GUIDE,
89/1999/nđ-cp,89/1999/nđ-cp_16,ARTICLE,CONTAIN,
89/1999/nđ-cp_16,89/1999/nđ-cp_4,ARTICLE,GUIDE,
89/1999/nđ-cp,89/1999/nđ-cp_17,ARTICLE,CONTAIN,
89/1999/nđ-cp,89/1999/nđ-cp_18,ARTICLE,CONTAIN,
89/1999/nđ-cp,89/1999/nđ-cp_19,ARTICLE,CONTAIN,
89/1999/nđ-cp,89/1999/nđ-cp_20,ARTICLE,CONTAIN,
89/1999/nđ-cp,89/1999/nđ-cp_21,ARTICLE,CONTAIN,
89/1999/nđ-cp,89/1999/nđ-cp_22,ARTICLE,CONTAIN,
89/1999/nđ-cp,89/1999/nđ-cp_23,ARTICLE,CONTAIN,
89/1999/nđ-cp,89/1999/nđ-cp_24,ARTICLE,CONTAIN,
258/1998/qđ-nhnn2,258/1998/qđ-nhnn2_1,ARTICLE,CONTAIN,
258/1998/qđ-nhnn2_1,240/1998/qđ-nhnn2_3,ARTICLE,REPEAL,
258/1998/qđ-nhnn2,258/1998/qđ-nhnn2_2,ARTICLE,CONTAIN,
258/1998/qđ-nhnn2,258/1998/qđ-nhnn2_3,ARTICLE,CONTAIN,
258/1998/qđ-nhnn2,258/1998/qđ-nhnn2_4,ARTICLE,CONTAIN,
14-1998/qđ-nhnn2,14-1998/qđ-nhnn2_4,ARTICLE,CONTAIN,
14-1998/qđ-nhnn2,14-1998/qđ-nhnn2_5,ARTICLE,CONTAIN,
14-1998/qđ-nhnn2,14-1998/qđ-nhnn2_6,ARTICLE,CONTAIN,
14-1998/qđ-nhnn2,14-1998/qđ-nhnn2_7,ARTICLE,CONTAIN,
14-1998/qđ-nhnn2,14-1998/qđ-nhnn2_8,ARTICLE,CONTAIN,
14-1998/qđ-nhnn2,14-1998/qđ-nhnn2_9,ARTICLE,CONTAIN,
14-1998/qđ-nhnn2,14-1998/qđ-nhnn2_10,ARTICLE,CONTAIN,
14-1998/qđ-nhnn2,14-1998/qđ-nhnn2_11,ARTICLE,CONTAIN,
14-1998/qđ-nhnn2,14-1998/qđ-nhnn2_12,ARTICLE,CONTAIN,
14-1998/qđ-nhnn2,14-1998/qđ-nhnn2_13,ARTICLE,CONTAIN,
14-1998/qđ-nhnn2,14-1998/qđ-nhnn2_14,ARTICLE,CONTAIN,
14-1998/qđ-nhnn2,14-1998/qđ-nhnn2_15,ARTICLE,CONTAIN,
102/1998/ttlt/btc-nhnn,102/1998/ttlt/btc-nhnn_1,ARTICLE,CONTAIN,
102/1998/ttlt/btc-nhnn,102/1998/ttlt/btc-nhnn_2,ARTICLE,CONTAIN,
102/1998/ttlt/btc-nhnn,102/1998/ttlt/btc-nhnn_3,ARTICLE,CONTAIN,
102/1998/ttlt/btc-nhnn,102/1998/ttlt/btc-nhnn_4,ARTICLE,CONTAIN,
102/1998/ttlt/btc-nhnn,102/1998/ttlt/btc-nhnn_5,ARTICLE,CONTAIN,
102/1998/ttlt/btc-nhnn_5,95/1998/QĐ/TTg_13,ARTICLE,GUIDE,
102/1998/ttlt/btc-nhnn_5,95/1998/QĐ/TTg_14,ARTICLE,GUIDE,
102/1998/ttlt/btc-nhnn_5,95/1998/QĐ/TTg_19,ARTICLE,GUIDE,
102/1998/ttlt/btc-nhnn,102/1998/ttlt/btc-nhnn_6,ARTICLE,CONTAIN,
102/1998/ttlt/btc-nhnn,102/1998/ttlt/btc-nhnn_7,ARTICLE,CONTAIN,
102/1998/ttlt/btc-nhnn_7,95/1998/QĐ/TTg_7,ARTICLE,GUIDE,
102/1998/ttlt/btc-nhnn_7,95/1998/QĐ/TTg_9,ARTICLE,GUIDE,
102/1998/ttlt/btc-nhnn_7,95/1998/QĐ/TTg_15,ARTICLE,GUIDE,
102/1998/ttlt/btc-nhnn_7,95/1998/QĐ/TTg_17,ARTICLE,GUIDE,
102/1998/ttlt/btc-nhnn_7,95/1998/QĐ/TTg_19,ARTICLE,GUIDE,
131/1998/qđ-nhnn1,131/1998/qđ-nhnn1_1,ARTICLE,CONTAIN,
131/1998/qđ-nhnn1,131/1998/qđ-nhnn1_2,ARTICLE,CONTAIN,
131/1998/qđ-nhnn1,131/1998/qđ-nhnn1_3,ARTICLE,CONTAIN,
131/1998/qđ-nhnn1,131/1998/qđ-nhnn1_4,ARTICLE,CONTAIN,
40/1998/qđ-nhnn1,40/1998/qđ-nhnn1_1,ARTICLE,CONTAIN,
40/1998/qđ-nhnn1,40/1998/qđ-nhnn1_2,ARTICLE,CONTAIN,
40/1998/qđ-nhnn1_2,40/1998/qđ-nhnn1_1,ARTICLE,GUIDE,
40/1998/qđ-nhnn1,40/1998/qđ-nhnn1_3,ARTICLE,CONTAIN,
30/1998/qđ-ttg,30/1998/qđ-ttg_1,ARTICLE,CONTAIN,
30/1998/qđ-ttg,30/1998/qđ-ttg_2,ARTICLE,CONTAIN,
30/1998/qđ-ttg,30/1998/qđ-ttg_3,ARTICLE,CONTAIN,
30/1998/qđ-ttg,30/1998/qđ-ttg_4,ARTICLE,CONTAIN,
30/1998/qđ-ttg,30/1998/qđ-ttg_5,ARTICLE,CONTAIN,
37/1998/qđ-ttg,37/1998/qđ-ttg_1,ARTICLE,CONTAIN,
37/1998/qđ-ttg,37/1998/qđ-ttg_2,ARTICLE,CONTAIN,
37/1998/qđ-ttg,37/1998/qđ-ttg_3,ARTICLE,CONTAIN,
37/1998/qđ-ttg,37/1998/qđ-ttg_4,ARTICLE,CONTAIN,
37/1998/qđ-ttg_4,37/1998/qđ-ttg_5,ARTICLE,GUIDE,
37/1998/qđ-ttg,37/1998/qđ-ttg_5,ARTICLE,CONTAIN,
37/1998/qđ-ttg_5,37/1998/qđ-ttg_3,ARTICLE,GUIDE,
37/1998/qđ-ttg_5,37/1998/qđ-ttg_4,ARTICLE,GUIDE,
37/1998/qđ-ttg,37/1998/qđ-ttg_6,ARTICLE,CONTAIN,
37/1998/qđ-ttg,37/1998/qđ-ttg_7,ARTICLE,CONTAIN,
37/1998/qđ-ttg,37/1998/qđ-ttg_8,ARTICLE,CONTAIN,
37/1998/qđ-ttg,37/1998/qđ-ttg_9,ARTICLE,CONTAIN,
37/1998/qđ-ttg,37/1998/qđ-ttg_10,ARTICLE,CONTAIN,
37/1998/qđ-ttg,37/1998/qđ-ttg_11,ARTICLE,CONTAIN,
37/1998/qđ-ttg,37/1998/qđ-ttg_12,ARTICLE,CONTAIN,
37/1998/qđ-ttg,37/1998/qđ-ttg_13,ARTICLE,CONTAIN,
37/1998/qđ-ttg,37/1998/qđ-ttg_14,ARTICLE,CONTAIN,
20/1998/qđ-nhnn1,20/1998/qđ-nhnn1_1,ARTICLE,CONTAIN,
20/1998/qđ-nhnn1,20/1998/qđ-nhnn1_2,ARTICLE,CONTAIN,
20/1998/qđ-nhnn1,20/1998/qđ-nhnn1_3,ARTICLE,CONTAIN,
997/qđ-nhnn5,997/qđ-nhnn5_1,ARTICLE,CONTAIN,
997/qđ-nhnn5,997/qđ-nhnn5_2,ARTICLE,CONTAIN,
997/qđ-nhnn5,997/qđ-nhnn5_3,ARTICLE,CONTAIN,
997/qđ-nhnn5_3,997/qđ-nhnn5_1,ARTICLE,GUIDE,
997/qđ-nhnn5,997/qđ-nhnn5_4,ARTICLE,CONTAIN,
997/qđ-nhnn5_4,997/qđ-nhnn5_3,ARTICLE,GUIDE,
997/qđ-nhnn5,997/qđ-nhnn5_5,ARTICLE,CONTAIN,
997/qđ-nhnn5_5,997/qđ-nhnn5_2,ARTICLE,GUIDE,
997/qđ-nhnn5,997/qđ-nhnn5_6,ARTICLE,CONTAIN,
333/qđ-nh2,333/qđ-nh2_1,ARTICLE,CONTAIN,
333/qđ-nh2_1,133/QĐ-NH2_4,ARTICLE,AMEND,
333/qđ-nh2_1,133/QĐ-NH2_4,ARTICLE,REPEAL,
307/qđ-nh2,307/qđ-nh2_1,ARTICLE,CONTAIN,
307/qđ-nh2,307/qđ-nh2_2,ARTICLE,CONTAIN,
307/qđ-nh2,307/qđ-nh2_3,ARTICLE,CONTAIN,
297/qđ-nh2,297/qđ-nh2_1,ARTICLE,CONTAIN,
297/qđ-nh2,297/qđ-nh2_2,ARTICLE,CONTAIN,
297/qđ-nh2,297/qđ-nh2_3,ARTICLE,CONTAIN,
297/qđ-nh2,297/qđ-nh2_4,ARTICLE,CONTAIN,
297/qđ-nh2,297/qđ-nh2_5,ARTICLE,CONTAIN,
297/qđ-nh2,297/qđ-nh2_6,ARTICLE,CONTAIN,
133/qđ-nh2,133/qđ-nh2_1,ARTICLE,CONTAIN,
133/qđ-nh2,133/qđ-nh2_2,ARTICLE,CONTAIN,
133/qđ-nh2,133/qđ-nh2_3,ARTICLE,CONTAIN,
133/qđ-nh2,133/qđ-nh2_4,ARTICLE,CONTAIN,
96/qđ-nh2,96/qđ-nh2_1,ARTICLE,CONTAIN,
96/qđ-nh2,96/qđ-nh2_2,ARTICLE,CONTAIN,
96/qđ-nh2,96/qđ-nh2_3,ARTICLE,CONTAIN,
96/qđ-nh2,96/qđ-nh2_4,ARTICLE,CONTAIN,
408-1997/qđ-nhnn5,408-1997/qđ-nhnn5_1,ARTICLE,CONTAIN,
408-1997/qđ-nhnn5,408-1997/qđ-nhnn5_2,ARTICLE,CONTAIN,
408-1997/qđ-nhnn5,408-1997/qđ-nhnn5_3,ARTICLE,CONTAIN,
408-1997/qđ-nhnn5,408-1997/qđ-nhnn5_4,ARTICLE,CONTAIN,
408-1997/qđ-nhnn5,408-1997/qđ-nhnn5_5,ARTICLE,CONTAIN,
408-1997/qđ-nhnn5,408-1997/qđ-nhnn5_6,ARTICLE,CONTAIN,
408-1997/qđ-nhnn5,408-1997/qđ-nhnn5_7,ARTICLE,CONTAIN,
408-1997/qđ-nhnn5,408-1997/qđ-nhnn5_8,ARTICLE,CONTAIN,
408-1997/qđ-nhnn5,408-1997/qđ-nhnn5_9,ARTICLE,CONTAIN,
408-1997/qđ-nhnn5_9,408-1997/qđ-nhnn5_7,ARTICLE,GUIDE,
408-1997/qđ-nhnn5,408-1997/qđ-nhnn5_10,ARTICLE,CONTAIN,
408-1997/qđ-nhnn5,408-1997/qđ-nhnn5_11,ARTICLE,CONTAIN,
408-1997/qđ-nhnn5,408-1997/qđ-nhnn5_12,ARTICLE,CONTAIN,
408-1997/qđ-nhnn5,408-1997/qđ-nhnn5_13,ARTICLE,CONTAIN,
408-1997/qđ-nhnn5,408-1997/qđ-nhnn5_14,ARTICLE,CONTAIN,
408-1997/qđ-nhnn5_14,57/2015/QH13_32,ARTICLE,GUIDE,
408-1997/qđ-nhnn5_14,408-1997/qđ-nhnn5_13,ARTICLE,GUIDE,
408-1997/qđ-nhnn5,408-1997/qđ-nhnn5_15,ARTICLE,CONTAIN,
408-1997/qđ-nhnn5,408-1997/qđ-nhnn5_16,ARTICLE,CONTAIN,
408-1997/qđ-nhnn5,408-1997/qđ-nhnn5_17,ARTICLE,CONTAIN,
408-1997/qđ-nhnn5,408-1997/qđ-nhnn5_18,ARTICLE,CONTAIN,
408-1997/qđ-nhnn5,408-1997/qđ-nhnn5_19,ARTICLE,CONTAIN,
408-1997/qđ-nhnn5,408-1997/qđ-nhnn5_20,ARTICLE,CONTAIN,
408-1997/qđ-nhnn5,408-1997/qđ-nhnn5_21,ARTICLE,CONTAIN,
408-1997/qđ-nhnn5,408-1997/qđ-nhnn5_22,ARTICLE,CONTAIN,
408-1997/qđ-nhnn5,408-1997/qđ-nhnn5_23,ARTICLE,CONTAIN,
408-1997/qđ-nhnn5,408-1997/qđ-nhnn5_24,ARTICLE,CONTAIN,
408-1997/qđ-nhnn5,408-1997/qđ-nhnn5_25,ARTICLE,CONTAIN,
408-1997/qđ-nhnn5,408-1997/qđ-nhnn5_26,ARTICLE,CONTAIN,
408-1997/qđ-nhnn5,408-1997/qđ-nhnn5_27,ARTICLE,CONTAIN,
408-1997/qđ-nhnn5,408-1997/qđ-nhnn5_28,ARTICLE,CONTAIN,
408-1997/qđ-nhnn5,408-1997/qđ-nhnn5_29,ARTICLE,CONTAIN,
408-1997/qđ-nhnn5,408-1997/qđ-nhnn5_30,ARTICLE,CONTAIN,
408-1997/qđ-nhnn5_30,408-1997/qđ-nhnn5_7,ARTICLE,GUIDE,
408-1997/qđ-nhnn5,408-1997/qđ-nhnn5_31,ARTICLE,CONTAIN,
408-1997/qđ-nhnn5_31,408-1997/qđ-nhnn5_7,ARTICLE,GUIDE,
408-1997/qđ-nhnn5,408-1997/qđ-nhnn5_32,ARTICLE,CONTAIN,
408-1997/qđ-nhnn5_32,408-1997/qđ-nhnn5_7,ARTICLE,GUIDE,
408-1997/qđ-nhnn5,408-1997/qđ-nhnn5_33,ARTICLE,CONTAIN,
408-1997/qđ-nhnn5,408-1997/qđ-nhnn5_34,ARTICLE,CONTAIN,
408-1997/qđ-nhnn5,408-1997/qđ-nhnn5_35,ARTICLE,CONTAIN,
408-1997/qđ-nhnn5,408-1997/qđ-nhnn5_36,ARTICLE,CONTAIN,
408-1997/qđ-nhnn5,408-1997/qđ-nhnn5_37,ARTICLE,CONTAIN,
408-1997/qđ-nhnn5,408-1997/qđ-nhnn5_38,ARTICLE,CONTAIN,
408-1997/qđ-nhnn5,408-1997/qđ-nhnn5_39,ARTICLE,CONTAIN,
408-1997/qđ-nhnn5,408-1997/qđ-nhnn5_40,ARTICLE,CONTAIN,
408-1997/qđ-nhnn5,408-1997/qđ-nhnn5_41,ARTICLE,CONTAIN,
408-1997/qđ-nhnn5,408-1997/qđ-nhnn5_42,ARTICLE,CONTAIN,
408-1997/qđ-nhnn5,408-1997/qđ-nhnn5_43,ARTICLE,CONTAIN,
408-1997/qđ-nhnn5,408-1997/qđ-nhnn5_44,ARTICLE,CONTAIN,
408-1997/qđ-nhnn5,408-1997/qđ-nhnn5_45,ARTICLE,CONTAIN,
408-1997/qđ-nhnn5,408-1997/qđ-nhnn5_46,ARTICLE,CONTAIN,
271/qđ-nh9,271/qđ-nh9_1,ARTICLE,CONTAIN,
271/qđ-nh9,271/qđ-nh9_2,ARTICLE,CONTAIN,
271/qđ-nh9,271/qđ-nh9_3,ARTICLE,CONTAIN,
179/qđ-nh9,179/qđ-nh9_1,ARTICLE,CONTAIN,
179/qđ-nh9,179/qđ-nh9_2,ARTICLE,CONTAIN,
179/qđ-nh9,179/qđ-nh9_3,ARTICLE,CONTAIN,
427/1997/qđ-nhnn2,427/1997/qđ-nhnn2_1,ARTICLE,CONTAIN,
427/1997/qđ-nhnn2,427/1997/qđ-nhnn2_2,ARTICLE,CONTAIN,
427/1997/qđ-nhnn2,427/1997/qđ-nhnn2_3,ARTICLE,CONTAIN,
427/1997/qđ-nhnn2,427/1997/qđ-nhnn2_4,ARTICLE,CONTAIN,
427/1997/qđ-nhnn2,427/1997/qđ-nhnn2_5,ARTICLE,CONTAIN,
427/1997/qđ-nhnn2,427/1997/qđ-nhnn2_6,ARTICLE,CONTAIN,
427/1997/qđ-nhnn2,427/1997/qđ-nhnn2_7,ARTICLE,CONTAIN,
427/1997/qđ-nhnn2_7,427/1997/qđ-nhnn2_9,ARTICLE,GUIDE,
427/1997/qđ-nhnn2,427/1997/qđ-nhnn2_8,ARTICLE,CONTAIN,
427/1997/qđ-nhnn2,427/1997/qđ-nhnn2_9,ARTICLE,CONTAIN,
427/1997/qđ-nhnn2,427/1997/qđ-nhnn2_10,ARTICLE,CONTAIN,
427/1997/qđ-nhnn2,427/1997/qđ-nhnn2_11,ARTICLE,CONTAIN,
427/1997/qđ-nhnn2,427/1997/qđ-nhnn2_12,ARTICLE,CONTAIN,
427/1997/qđ-nhnn2,427/1997/qđ-nhnn2_13,ARTICLE,CONTAIN,
427/1997/qđ-nhnn2,427/1997/qđ-nhnn2_14,ARTICLE,CONTAIN,
396/1997/qđ-nhnn1,396/1997/qđ-nhnn1_1,ARTICLE,CONTAIN,
396/1997/qđ-nhnn1_1,396/1997/qđ-nhnn1_5,ARTICLE,GUIDE,
396/1997/qđ-nhnn1,396/1997/qđ-nhnn1_2,ARTICLE,CONTAIN,
396/1997/qđ-nhnn1,396/1997/qđ-nhnn1_3,ARTICLE,CONTAIN,
396/1997/qđ-nhnn1,396/1997/qđ-nhnn1_4,ARTICLE,CONTAIN,
396/1997/qđ-nhnn1,396/1997/qđ-nhnn1_5,ARTICLE,CONTAIN,
396/1997/qđ-nhnn1,396/1997/qđ-nhnn1_6,ARTICLE,CONTAIN,
396/1997/qđ-nhnn1,396/1997/qđ-nhnn1_7,ARTICLE,CONTAIN,
396/1997/qđ-nhnn1,396/1997/qđ-nhnn1_8,ARTICLE,CONTAIN,
396/1997/qđ-nhnn1,396/1997/qđ-nhnn1_9,ARTICLE,CONTAIN,
396/1997/qđ-nhnn1,396/1997/qđ-nhnn1_10,ARTICLE,CONTAIN,
396/1997/qđ-nhnn1,396/1997/qđ-nhnn1_11,ARTICLE,CONTAIN,
396/1997/qđ-nhnn1,396/1997/qđ-nhnn1_12,ARTICLE,CONTAIN,
396/1997/qđ-nhnn1_12,396/1997/qđ-nhnn1_11,ARTICLE,GUIDE,
396/1997/qđ-nhnn1,396/1997/qđ-nhnn1_13,ARTICLE,CONTAIN,
396/1997/qđ-nhnn1,396/1997/qđ-nhnn1_14,ARTICLE,CONTAIN,
396/1997/qđ-nhnn1,396/1997/qđ-nhnn1_15,ARTICLE,CONTAIN,
396/1997/qđ-nhnn1_15,396/1997/qđ-nhnn1_14,ARTICLE,GUIDE,
396/1997/qđ-nhnn1,396/1997/qđ-nhnn1_16,ARTICLE,CONTAIN,
396/1997/qđ-nhnn1,396/1997/qđ-nhnn1_17,ARTICLE,CONTAIN,
396/1997/qđ-nhnn1_17,396/1997/qđ-nhnn1_14,ARTICLE,GUIDE,
396/1997/qđ-nhnn1,396/1997/qđ-nhnn1_18,ARTICLE,CONTAIN,
396/1997/qđ-nhnn1_18,396/1997/qđ-nhnn1_12,ARTICLE,GUIDE,
05/1997/tt-nhnn17,05/1997/tt-nhnn17_1,ARTICLE,CONTAIN,
05/1997/tt-nhnn17,05/1997/tt-nhnn17_2,ARTICLE,CONTAIN,
05/1997/tt-nhnn17,05/1997/tt-nhnn17_3,ARTICLE,CONTAIN,
05/1997/tt-nhnn17,05/1997/tt-nhnn17_4,ARTICLE,CONTAIN,
05/1997/tt-nhnn17,05/1997/tt-nhnn17_5,ARTICLE,CONTAIN,
06/1997/tt-nhnn17,06/1997/tt-nhnn17_1,ARTICLE,CONTAIN,
06/1997/tt-nhnn17,06/1997/tt-nhnn17_2,ARTICLE,CONTAIN,
06/1997/tt-nhnn17,06/1997/tt-nhnn17_3,ARTICLE,CONTAIN,
06/1997/tt-nhnn17,06/1997/tt-nhnn17_4,ARTICLE,CONTAIN,
06/1997/tt-nhnn17,06/1997/tt-nhnn17_5,ARTICLE,CONTAIN,
06/1997/tt-nhnn17,06/1997/tt-nhnn17_6,ARTICLE,CONTAIN,
06/1997/tt-nhnn17,06/1997/tt-nhnn17_7,ARTICLE,CONTAIN,
356/1997/qđ-nhnn2,356/1997/qđ-nhnn2_1,ARTICLE,CONTAIN,
356/1997/qđ-nhnn2,356/1997/qđ-nhnn2_2,ARTICLE,CONTAIN,
356/1997/qđ-nhnn2,356/1997/qđ-nhnn2_3,ARTICLE,CONTAIN,
04/1997/tt-nhnn1,04/1997/tt-nhnn1_1,ARTICLE,CONTAIN,
04/1997/tt-nhnn1,04/1997/tt-nhnn1_2,ARTICLE,CONTAIN,
04/1997/tt-nhnn1,04/1997/tt-nhnn1_3,ARTICLE,CONTAIN,
04/1997/tt-nhnn1,04/1997/tt-nhnn1_4,ARTICLE,CONTAIN,
04/1997/tt-nhnn1,04/1997/tt-nhnn1_5,ARTICLE,CONTAIN,
802/ttg,802/ttg_1,ARTICLE,CONTAIN,
802/ttg,802/ttg_2,ARTICLE,CONTAIN,
802/ttg,802/ttg_3,ARTICLE,CONTAIN,
802/ttg,802/ttg_4,ARTICLE,CONTAIN,
802/ttg,802/ttg_5,ARTICLE,CONTAIN,
802/ttg,802/ttg_6,ARTICLE,CONTAIN,
802/ttg,802/ttg_7,ARTICLE,CONTAIN,
66/tt-lt,66/tt-lt_1,ARTICLE,CONTAIN,
66/tt-lt,66/tt-lt_2,ARTICLE,CONTAIN,
66/tt-lt,66/tt-lt_3,ARTICLE,CONTAIN,
66/tt-lt,66/tt-lt_4,ARTICLE,CONTAIN,
66/tt-lt,66/tt-lt_5,ARTICLE,CONTAIN,
769/ttg,769/ttg_1,ARTICLE,CONTAIN,
769/ttg,769/ttg_2,ARTICLE,CONTAIN,
769/ttg,769/ttg_3,ARTICLE,CONTAIN,
769/ttg,769/ttg_4,ARTICLE,CONTAIN,
769/ttg,769/ttg_5,ARTICLE,CONTAIN,
746/ttg,746/ttg_1,ARTICLE,CONTAIN,
746/ttg,746/ttg_2,ARTICLE,CONTAIN,
03/tt-nh2,03/tt-nh2_4,ARTICLE,CONTAIN,
03/tt-nh2,03/tt-nh2_5,ARTICLE,CONTAIN,
03/tt-nh2,03/tt-nh2_6,ARTICLE,CONTAIN,
03/tt-nh2,03/tt-nh2_7,ARTICLE,CONTAIN,
43/tc-tcnh,43/tc-tcnh_1,ARTICLE,CONTAIN,
43/tc-tcnh,43/tc-tcnh_2,ARTICLE,CONTAIN,
43/tc-tcnh,43/tc-tcnh_3,ARTICLE,CONTAIN,
43/tc-tcnh,43/tc-tcnh_4,ARTICLE,CONTAIN,
43/tc-tcnh,43/tc-tcnh_5,ARTICLE,CONTAIN,
43/tc-tcnh_5,43/tc-tcnh_19,ARTICLE,GUIDE,
43/tc-tcnh,43/tc-tcnh_6,ARTICLE,CONTAIN,
197/qđ-nh1,197/qđ-nh1_1,ARTICLE,CONTAIN,
197/qđ-nh1,197/qđ-nh1_2,ARTICLE,CONTAIN,
197/qđ-nh1,197/qđ-nh1_3,ARTICLE,CONTAIN,
197/qđ-nh1_3,197/qđ-nh1_1,ARTICLE,GUIDE,
197/qđ-nh1_3,197/qđ-nh1_2,ARTICLE,GUIDE,
122/qđ-nh5,122/qđ-nh5_1,ARTICLE,CONTAIN,
122/qđ-nh5,122/qđ-nh5_2,ARTICLE,CONTAIN,
122/qđ-nh5,122/qđ-nh5_3,ARTICLE,CONTAIN,
81/qđ-nh9,81/qđ-nh9_1,ARTICLE,CONTAIN,
81/qđ-nh9,81/qđ-nh9_2,ARTICLE,CONTAIN,
81/qđ-nh9,81/qđ-nh9_3,ARTICLE,CONTAIN,
62/qđ-nh9,62/qđ-nh9_1,ARTICLE,CONTAIN,
62/qđ-nh9,62/qđ-nh9_2,ARTICLE,CONTAIN,
62/qđ-nh9,62/qđ-nh9_3,ARTICLE,CONTAIN,
47/qđ-nh21,47/qđ-nh21_1,ARTICLE,CONTAIN,
47/qđ-nh21,47/qđ-nh21_2,ARTICLE,CONTAIN,
47/qđ-nh21,47/qđ-nh21_3,ARTICLE,CONTAIN,
47/qđ-nh21,47/qđ-nh21_4,ARTICLE,CONTAIN,
47/qđ-nh21,47/qđ-nh21_5,ARTICLE,CONTAIN,
47/qđ-nh21,47/qđ-nh21_6,ARTICLE,CONTAIN,
47/qđ-nh21,47/qđ-nh21_7,ARTICLE,CONTAIN,
47/qđ-nh21,47/qđ-nh21_8,ARTICLE,CONTAIN,
47/qđ-nh21,47/qđ-nh21_9,ARTICLE,CONTAIN,
47/qđ-nh21,47/qđ-nh21_10,ARTICLE,CONTAIN,
47/qđ-nh21,47/qđ-nh21_11,ARTICLE,CONTAIN,
47/qđ-nh21,47/qđ-nh21_12,ARTICLE,CONTAIN,
47/qđ-nh21,47/qđ-nh21_13,ARTICLE,CONTAIN,
47/qđ-nh21,47/qđ-nh21_14,ARTICLE,CONTAIN,
01/1997/tt-nh11,01/1997/tt-nh11_1,ARTICLE,CONTAIN,
01/1997/tt-nh11,01/1997/tt-nh11_2,ARTICLE,CONTAIN,
01/1997/tt-nh11_2,42/CP_7,ARTICLE,GUIDE,
01/1997/tt-nh11,01/1997/tt-nh11_3,ARTICLE,CONTAIN,
01/1997/tt-nh11,01/1997/tt-nh11_4,ARTICLE,CONTAIN,
01/1997/tt-nh11_4,42/CP_27,ARTICLE,GUIDE,
01/1997/tt-nh11_4,42/CP_30,ARTICLE,GUIDE,
01/1997/tt-nh11_4,43/CP_43,ARTICLE,GUIDE,
01/1997/tt-nh11_4,42/CP_36,ARTICLE,GUIDE,
01/1997/tt-nh11_4,42/CP_37,ARTICLE,GUIDE,
01/1997/tt-nh11_4,42/CP_6,ARTICLE,GUIDE,
01/1997/tt-nh11,01/1997/tt-nh11_5,ARTICLE,CONTAIN,
01/1997/tt-nh11,01/1997/tt-nh11_6,ARTICLE,CONTAIN,
01/1997/tt-nh11,01/1997/tt-nh11_7,ARTICLE,CONTAIN,
01/1997/tt-nh11,01/1997/tt-nh11_8,ARTICLE,CONTAIN,
01/1997/tt-nh11,01/1997/tt-nh11_9,ARTICLE,CONTAIN,
299/qđ-nh5,299/qđ-nh5_1,ARTICLE,CONTAIN,
299/qđ-nh5,299/qđ-nh5_2,ARTICLE,CONTAIN,
299/qđ-nh5,299/qđ-nh5_3,ARTICLE,CONTAIN,
299/qđ-nh5,299/qđ-nh5_4,ARTICLE,CONTAIN,
299/qđ-nh5,299/qđ-nh5_5,ARTICLE,CONTAIN,
300/qđ-nh5,300/qđ-nh5_1,ARTICLE,CONTAIN,
300/qđ-nh5,300/qđ-nh5_2,ARTICLE,CONTAIN,
300/qđ-nh5_2,300/qđ-nh5_1,ARTICLE,REPEAL,
300/qđ-nh5,300/qđ-nh5_3,ARTICLE,CONTAIN,
286/qđ-nh5,286/qđ-nh5_1,ARTICLE,CONTAIN,
286/qđ-nh5,286/qđ-nh5_2,ARTICLE,CONTAIN,
286/qđ-nh5,286/qđ-nh5_3,ARTICLE,CONTAIN,
286/qđ-nh5,286/qđ-nh5_4,ARTICLE,CONTAIN,
286/qđ-nh5,286/qđ-nh5_5,ARTICLE,CONTAIN,
286/qđ-nh5,286/qđ-nh5_6,ARTICLE,CONTAIN,
286/qđ-nh5,286/qđ-nh5_7,ARTICLE,CONTAIN,
285/qđ-nh5,285/qđ-nh5_1,ARTICLE,CONTAIN,
285/qđ-nh5,285/qđ-nh5_2,ARTICLE,CONTAIN,
285/qđ-nh5,285/qđ-nh5_3,ARTICLE,CONTAIN,
285/qđ-nh5,285/qđ-nh5_4,ARTICLE,CONTAIN,
285/qđ-nh5,285/qđ-nh5_5,ARTICLE,CONTAIN,
285/qđ-nh5,285/qđ-nh5_6,ARTICLE,CONTAIN,
285/qđ-nh5,285/qđ-nh5_7,ARTICLE,CONTAIN,
287/qđ-nh5,287/qđ-nh5_1,ARTICLE,CONTAIN,
287/qđ-nh5,287/qđ-nh5_2,ARTICLE,CONTAIN,
287/qđ-nh5,287/qđ-nh5_3,ARTICLE,CONTAIN,
287/qđ-nh5,287/qđ-nh5_4,ARTICLE,CONTAIN,
287/qđ-nh5,287/qđ-nh5_5,ARTICLE,CONTAIN,
287/qđ-nh5,287/qđ-nh5_6,ARTICLE,CONTAIN,
287/qđ-nh5,287/qđ-nh5_7,ARTICLE,CONTAIN,
303/qđ-nh4,303/qđ-nh4_1,ARTICLE,CONTAIN,
303/qđ-nh4,303/qđ-nh4_2,ARTICLE,CONTAIN,
303/qđ-nh4,303/qđ-nh4_3,ARTICLE,CONTAIN,
280/qđ-nh5,280/qđ-nh5_1,ARTICLE,CONTAIN,
280/qđ-nh5,280/qđ-nh5_2,ARTICLE,CONTAIN,
280/qđ-nh5,280/qđ-nh5_3,ARTICLE,CONTAIN,
280/qđ-nh5,280/qđ-nh5_4,ARTICLE,CONTAIN,
280/qđ-nh5,280/qđ-nh5_5,ARTICLE,CONTAIN,
280/qđ-nh5,280/qđ-nh5_6,ARTICLE,CONTAIN,
280/qđ-nh5,280/qđ-nh5_7,ARTICLE,CONTAIN,
283/qđ-nh14,283/qđ-nh14_1,ARTICLE,CONTAIN,
283/qđ-nh14,283/qđ-nh14_2,ARTICLE,CONTAIN,
283/qđ-nh14,283/qđ-nh14_3,ARTICLE,CONTAIN,
283/qđ-nh14,283/qđ-nh14_4,ARTICLE,CONTAIN,
266/qđ-nh1,266/qđ-nh1_1,ARTICLE,CONTAIN,
266/qđ-nh1,266/qđ-nh1_2,ARTICLE,CONTAIN,
266/qđ-nh1_2,266/qđ-nh1_1,ARTICLE,GUIDE,
266/qđ-nh1,266/qđ-nh1_3,ARTICLE,CONTAIN,
266/qđ-nh1_3,381/QĐ-NH1_1,ARTICLE,GUIDE,
266/qđ-nh1,266/qđ-nh1_4,ARTICLE,CONTAIN,
266/qđ-nh1_4,266/qđ-nh1_1,ARTICLE,GUIDE,
266/qđ-nh1_4,266/qđ-nh1_3,ARTICLE,GUIDE,
266/qđ-nh1,266/qđ-nh1_5,ARTICLE,CONTAIN,
286/qđ-nh5,286/qđ-nh5_1,ARTICLE,CONTAIN,
286/qđ-nh5,286/qđ-nh5_2,ARTICLE,CONTAIN,
286/qđ-nh5,286/qđ-nh5_3,ARTICLE,CONTAIN,
286/qđ-nh5,286/qđ-nh5_4,ARTICLE,CONTAIN,
286/qđ-nh5,286/qđ-nh5_5,ARTICLE,CONTAIN,
286/qđ-nh5,286/qđ-nh5_6,ARTICLE,CONTAIN,
286/qđ-nh5,286/qđ-nh5_7,ARTICLE,CONTAIN,
235/qđ-nh5,235/qđ-nh5_1,ARTICLE,CONTAIN,
235/qđ-nh5,235/qđ-nh5_2,ARTICLE,CONTAIN,
235/qđ-nh5,235/qđ-nh5_3,ARTICLE,CONTAIN,
235/qđ-nh5,235/qđ-nh5_4,ARTICLE,CONTAIN,
235/qđ-nh5,235/qđ-nh5_5,ARTICLE,CONTAIN,
235/qđ-nh5,235/qđ-nh5_6,ARTICLE,CONTAIN,
235/qđ-nh5,235/qđ-nh5_7,ARTICLE,CONTAIN,
241/qđ-nh1,241/qđ-nh1_1,ARTICLE,CONTAIN,
241/qđ-nh1,241/qđ-nh1_2,ARTICLE,CONTAIN,
241/qđ-nh1_2,241/qđ-nh1_1,ARTICLE,GUIDE,
241/qđ-nh1,241/qđ-nh1_3,ARTICLE,CONTAIN,
224/qđ-nh6,224/qđ-nh6_1,ARTICLE,CONTAIN,
224/qđ-nh6_1,184/NH-QĐ_27,ARTICLE,AMEND,
224/qđ-nh6,224/qđ-nh6_2,ARTICLE,CONTAIN,
224/qđ-nh6,224/qđ-nh6_3,ARTICLE,CONTAIN,
05/tt-nh1,05/tt-nh1_1,ARTICLE,CONTAIN,
05/tt-nh1,05/tt-nh1_2,ARTICLE,CONTAIN,
05/tt-nh1,05/tt-nh1_3,ARTICLE,CONTAIN,
05/tt-nh1,05/tt-nh1_4,ARTICLE,CONTAIN,
225/qđ-nh1,225/qđ-nh1_1,ARTICLE,CONTAIN,
225/qđ-nh1,225/qđ-nh1_2,ARTICLE,CONTAIN,
225/qđ-nh1,225/qđ-nh1_3,ARTICLE,CONTAIN,
225/qđ-nh1_3,225/qđ-nh1_1,ARTICLE,GUIDE,
225/qđ-nh1,225/qđ-nh1_4,ARTICLE,CONTAIN,
191/qđ-nh1,191/qđ-nh1_1,ARTICLE,CONTAIN,
191/qđ-nh1,191/qđ-nh1_2,ARTICLE,CONTAIN,
191/qđ-nh1,191/qđ-nh1_3,ARTICLE,CONTAIN,
191/qđ-nh1_3,191/qđ-nh1_1,ARTICLE,GUIDE,
191/qđ-nh1,191/qđ-nh1_4,ARTICLE,CONTAIN,
67/qđ-nh5,67/qđ-nh5_1,ARTICLE,CONTAIN,
67/qđ-nh5,67/qđ-nh5_2,ARTICLE,CONTAIN,
67/qđ-nh5,67/qđ-nh5_3,ARTICLE,CONTAIN,
67/qđ-nh5,67/qđ-nh5_4,ARTICLE,CONTAIN,
67/qđ-nh5,67/qđ-nh5_5,ARTICLE,CONTAIN,
43/qđ-nh14,43/qđ-nh14_1,ARTICLE,CONTAIN,
43/qđ-nh14,43/qđ-nh14_2,ARTICLE,CONTAIN,
43/qđ-nh14,43/qđ-nh14_3,ARTICLE,CONTAIN,
43/qđ-nh14,43/qđ-nh14_4,ARTICLE,CONTAIN,
43/qđ-nh14,43/qđ-nh14_5,ARTICLE,CONTAIN,
43/qđ-nh14,43/qđ-nh14_6,ARTICLE,CONTAIN,
43/qđ-nh14,43/qđ-nh14_7,ARTICLE,CONTAIN,
43/qđ-nh14,43/qđ-nh14_8,ARTICLE,CONTAIN,
43/qđ-nh14,43/qđ-nh14_9,ARTICLE,CONTAIN,
43/qđ-nh14,43/qđ-nh14_10,ARTICLE,CONTAIN,
43/qđ-nh14,43/qđ-nh14_11,ARTICLE,CONTAIN,
43/qđ-nh14,43/qđ-nh14_12,ARTICLE,CONTAIN,
43/qđ-nh14,43/qđ-nh14_13,ARTICLE,CONTAIN,
43/qđ-nh14,43/qđ-nh14_14,ARTICLE,CONTAIN,
43/qđ-nh14,43/qđ-nh14_15,ARTICLE,CONTAIN,
43/qđ-nh14,43/qđ-nh14_16,ARTICLE,CONTAIN,
43/qđ-nh14,43/qđ-nh14_17,ARTICLE,CONTAIN,
43/qđ-nh14,43/qđ-nh14_18,ARTICLE,CONTAIN,
43/qđ-nh14,43/qđ-nh14_19,ARTICLE,CONTAIN,
43/qđ-nh14,43/qđ-nh14_20,ARTICLE,CONTAIN,
43/qđ-nh14,43/qđ-nh14_21,ARTICLE,CONTAIN,
43/qđ-nh14,43/qđ-nh14_22,ARTICLE,CONTAIN,
59/qđ-nh5,59/qđ-nh5_1,ARTICLE,CONTAIN,
59/qđ-nh5,59/qđ-nh5_2,ARTICLE,CONTAIN,
59/qđ-nh5,59/qđ-nh5_3,ARTICLE,CONTAIN,
59/qđ-nh5,59/qđ-nh5_4,ARTICLE,CONTAIN,
03/tt-nh5,03/tt-nh5_1,ARTICLE,CONTAIN,
03/tt-nh5,03/tt-nh5_2,ARTICLE,CONTAIN,
03/tt-nh5,03/tt-nh5_3,ARTICLE,CONTAIN,
03/tt-nh5_3,64/CP_6,ARTICLE,GUIDE,
03/tt-nh5_3,64/CP_15,ARTICLE,GUIDE,
03/tt-nh5,03/tt-nh5_4,ARTICLE,CONTAIN,
03/tt-nh5,03/tt-nh5_5,ARTICLE,CONTAIN,
03/tt-nh5,03/tt-nh5_6,ARTICLE,CONTAIN,
03/tt-nh5,03/tt-nh5_7,ARTICLE,CONTAIN,
03/tt-nh5_7,21/2014/qh13_33,ARTICLE,GUIDE,
03/tt-nh5_7,18/CP_70,ARTICLE,GUIDE,
03/tt-nh5,03/tt-nh5_8,ARTICLE,CONTAIN,
03/tt-nh5_8,18/CP_83,ARTICLE,GUIDE,
83/qđ-nh2,83/qđ-nh2_1,ARTICLE,CONTAIN,
83/qđ-nh2,83/qđ-nh2_2,ARTICLE,CONTAIN,
83/qđ-nh2,83/qđ-nh2_3,ARTICLE,CONTAIN,
04/tt-nh14,04/tt-nh14_1,ARTICLE,CONTAIN,
04/tt-nh14,04/tt-nh14_2,ARTICLE,CONTAIN,
04/tt-nh14,04/tt-nh14_3,ARTICLE,CONTAIN,
04/tt-nh14,04/tt-nh14_4,ARTICLE,CONTAIN,
04/tt-nh14,04/tt-nh14_5,ARTICLE,CONTAIN,
04/tt-nh14,04/tt-nh14_6,ARTICLE,CONTAIN,
142/qđ-nh17,142/qđ-nh17_1,ARTICLE,CONTAIN,
142/qđ-nh17,142/qđ-nh17_2,ARTICLE,CONTAIN,
142/qđ-nh17,142/qđ-nh17_3,ARTICLE,CONTAIN,
125/qđ-nh5,125/qđ-nh5_1,ARTICLE,CONTAIN,
125/qđ-nh5,125/qđ-nh5_2,ARTICLE,CONTAIN,
125/qđ-nh5,125/qđ-nh5_3,ARTICLE,CONTAIN,
104/qđ-nh5,104/qđ-nh5_1,ARTICLE,CONTAIN,
104/qđ-nh5,104/qđ-nh5_2,ARTICLE,CONTAIN,
104/qđ-nh5,104/qđ-nh5_3,ARTICLE,CONTAIN,
10/qđ-nh1,10/qđ-nh1_1,ARTICLE,CONTAIN,
10/qđ-nh1,10/qđ-nh1_2,ARTICLE,CONTAIN,
10/qđ-nh1_2,244/QĐ-NH1_1,ARTICLE,REPLACE,
10/qđ-nh1_2,10/qđ-nh1_1,ARTICLE,GUIDE,
10/qđ-nh1,10/qđ-nh1_3,ARTICLE,CONTAIN,
09/qđ-nh5,09/qđ-nh5_1,ARTICLE,CONTAIN,
09/qđ-nh5,09/qđ-nh5_2,ARTICLE,CONTAIN,
09/qđ-nh5,09/qđ-nh5_3,ARTICLE,CONTAIN,
38/tt-lb,38/tt-lb_1,ARTICLE,CONTAIN,
38/tt-lb,38/tt-lb_2,ARTICLE,CONTAIN,
38/tt-lb,38/tt-lb_3,ARTICLE,CONTAIN,
38/tt-lb,38/tt-lb_4,ARTICLE,CONTAIN,
38/tt-lb,38/tt-lb_5,ARTICLE,CONTAIN,
38/tt-lb,38/tt-lb_6,ARTICLE,CONTAIN,
381/qđ-nh1,381/qđ-nh1_1,ARTICLE,CONTAIN,
381/qđ-nh1,381/qđ-nh1_2,ARTICLE,CONTAIN,
381/qđ-nh1_2,381/qđ-nh1,ARTICLE,GUIDE,
381/qđ-nh1,381/qđ-nh1_3,ARTICLE,CONTAIN,
381/qđ-nh1,381/qđ-nh1_4,ARTICLE,CONTAIN,
382/qđ-nh7,382/qđ-nh7_1,ARTICLE,CONTAIN,
382/qđ-nh7,382/qđ-nh7_2,ARTICLE,CONTAIN,
382/qđ-nh7,382/qđ-nh7_3,ARTICLE,CONTAIN,
382/qđ-nh7,382/qđ-nh7_4,ARTICLE,CONTAIN,
383/qđ-nh7,383/qđ-nh7_1,ARTICLE,CONTAIN,
383/qđ-nh7_1,455/QĐ-NH7_2,ARTICLE,AMEND,
383/qđ-nh7,383/qđ-nh7_2,ARTICLE,CONTAIN,
383/qđ-nh7,383/qđ-nh7_3,ARTICLE,CONTAIN,
367/qđ-nh5,367/qđ-nh5_1,ARTICLE,CONTAIN,
367/qđ-nh5,367/qđ-nh5_2,ARTICLE,CONTAIN,
367/qđ-nh5,367/qđ-nh5_3,ARTICLE,CONTAIN,
367/qđ-nh5,367/qđ-nh5_4,ARTICLE,CONTAIN,
367/qđ-nh5,367/qđ-nh5_5,ARTICLE,CONTAIN,
367/qđ-nh5,367/qđ-nh5_6,ARTICLE,CONTAIN,
367/qđ-nh5,367/qđ-nh5_7,ARTICLE,CONTAIN,
367/qđ-nh5,367/qđ-nh5_8,ARTICLE,CONTAIN,
367/qđ-nh5,367/qđ-nh5_9,ARTICLE,CONTAIN,
367/qđ-nh5,367/qđ-nh5_10,ARTICLE,CONTAIN,
367/qđ-nh5,367/qđ-nh5_11,ARTICLE,CONTAIN,
367/qđ-nh5,367/qđ-nh5_12,ARTICLE,CONTAIN,
367/qđ-nh5_12,93/2015/nd-cp_30,ARTICLE,GUIDE,
367/qđ-nh5,367/qđ-nh5_13,ARTICLE,CONTAIN,
367/qđ-nh5,367/qđ-nh5_14,ARTICLE,CONTAIN,
367/qđ-nh5,367/qđ-nh5_15,ARTICLE,CONTAIN,
367/qđ-nh5,367/qđ-nh5_16,ARTICLE,CONTAIN,
367/qđ-nh5,367/qđ-nh5_17,ARTICLE,CONTAIN,
367/qđ-nh5,367/qđ-nh5_18,ARTICLE,CONTAIN,
367/qđ-nh5,367/qđ-nh5_19,ARTICLE,CONTAIN,
367/qđ-nh5,367/qđ-nh5_20,ARTICLE,CONTAIN,
367/qđ-nh5,367/qđ-nh5_21,ARTICLE,CONTAIN,
367/qđ-nh5,367/qđ-nh5_22,ARTICLE,CONTAIN,
367/qđ-nh5,367/qđ-nh5_23,ARTICLE,CONTAIN,
367/qđ-nh5,367/qđ-nh5_24,ARTICLE,CONTAIN,
367/qđ-nh5,367/qđ-nh5_25,ARTICLE,CONTAIN,
04/tt-nh1,04/tt-nh1_1,ARTICLE,CONTAIN,
04/tt-nh1,04/tt-nh1_2,ARTICLE,CONTAIN,
04/tt-nh1,04/tt-nh1_3,ARTICLE,CONTAIN,
04/tt-nh1,04/tt-nh1_4,ARTICLE,CONTAIN,
04/tt-nh1,04/tt-nh1_5,ARTICLE,CONTAIN,
04/tt-nh1,04/tt-nh1_6,ARTICLE,CONTAIN,
04/tt-nh1_6,04/tt-nh1_7,ARTICLE,GUIDE,
04/tt-nh1,04/tt-nh1_7,ARTICLE,CONTAIN,
04/tt-nh1,04/tt-nh1_8,ARTICLE,CONTAIN,
04/tt-nh1,04/tt-nh1_9,ARTICLE,CONTAIN,
04/tt-nh1,04/tt-nh1_10,ARTICLE,CONTAIN,
04/tt-nh1,04/tt-nh1_11,ARTICLE,CONTAIN,
04/tt-nh1,04/tt-nh1_12,ARTICLE,CONTAIN,
05/tt-nh5,05/tt-nh5_1,ARTICLE,CONTAIN,
05/tt-nh5,05/tt-nh5_2,ARTICLE,CONTAIN,
05/tt-nh5,05/tt-nh5_3,ARTICLE,CONTAIN,
05/tt-nh5,05/tt-nh5_4,ARTICLE,CONTAIN,
05/tt-nh5,05/tt-nh5_5,ARTICLE,CONTAIN,
05/tt-nh5,05/tt-nh5_6,ARTICLE,CONTAIN,
05/tt-nh5,05/tt-nh5_7,ARTICLE,CONTAIN,
05/tt-nh5,05/tt-nh5_8,ARTICLE,CONTAIN,
05/tt-nh5,05/tt-nh5_9,ARTICLE,CONTAIN,
05/tt-nh5,05/tt-nh5_10,ARTICLE,CONTAIN,
215/ub-lxt,215/ub-lxt_1,ARTICLE,CONTAIN,
215/ub-lxt_1,18/CP_74,ARTICLE,GUIDE,
215/ub-lxt,215/ub-lxt_2,ARTICLE,CONTAIN,
215/ub-lxt,215/ub-lxt_3,ARTICLE,CONTAIN,
215/ub-lxt,215/ub-lxt_4,ARTICLE,CONTAIN,
215/ub-lxt,215/ub-lxt_5,ARTICLE,CONTAIN,
215/ub-lxt,215/ub-lxt_6,ARTICLE,CONTAIN,
215/ub-lxt,215/ub-lxt_7,ARTICLE,CONTAIN,
215/ub-lxt,215/ub-lxt_8,ARTICLE,CONTAIN,
215/ub-lxt_8,18/CP_76,ARTICLE,GUIDE,
215/ub-lxt,215/ub-lxt_9,ARTICLE,CONTAIN,
215/ub-lxt,215/ub-lxt_10,ARTICLE,CONTAIN,
215/ub-lxt_10,02/2014/QH13_19,ARTICLE,GUIDE,
215/ub-lxt,215/ub-lxt_11,ARTICLE,CONTAIN,
215/ub-lxt_11,18/CP_39,ARTICLE,GUIDE,
215/ub-lxt_11,18/CP_100,ARTICLE,GUIDE,
215/ub-lxt_11,18/CP_40,ARTICLE,GUIDE,
215/ub-lxt_11,18/CP_53,ARTICLE,GUIDE,
215/ub-lxt_11,18/CP_18,ARTICLE,GUIDE,
215/ub-lxt,215/ub-lxt_12,ARTICLE,CONTAIN,
215/ub-lxt,215/ub-lxt_13,ARTICLE,CONTAIN,
215/ub-lxt,215/ub-lxt_14,ARTICLE,CONTAIN,
215/ub-lxt,215/ub-lxt_15,ARTICLE,CONTAIN,
215/ub-lxt,215/ub-lxt_16,ARTICLE,CONTAIN,
215/ub-lxt,215/ub-lxt_17,ARTICLE,CONTAIN,
215/ub-lxt,215/ub-lxt_18,ARTICLE,CONTAIN,
215/ub-lxt,215/ub-lxt_19,ARTICLE,CONTAIN,
215/ub-lxt,215/ub-lxt_20,ARTICLE,CONTAIN,
215/ub-lxt,215/ub-lxt_21,ARTICLE,CONTAIN,
215/ub-lxt,215/ub-lxt_22,ARTICLE,CONTAIN,
269/qđ-nh9,269/qđ-nh9_1,ARTICLE,CONTAIN,
269/qđ-nh9,269/qđ-nh9_2,ARTICLE,CONTAIN,
269/qđ-nh9,269/qđ-nh9_3,ARTICLE,CONTAIN,
269/qđ-nh9,269/qđ-nh9_4,ARTICLE,CONTAIN,
525-ttg,525-ttg_1,ARTICLE,CONTAIN,
525-ttg,525-ttg_2,ARTICLE,CONTAIN,
236/qđ-nh9,236/qđ-nh9_1,ARTICLE,CONTAIN,
236/qđ-nh9,236/qđ-nh9_2,ARTICLE,CONTAIN,
236/qđ-nh9,236/qđ-nh9_3,ARTICLE,CONTAIN,
236/qđ-nh9,236/qđ-nh9_4,ARTICLE,CONTAIN,
236/qđ-nh9,236/qđ-nh9_5,ARTICLE,CONTAIN,
236/qđ-nh9,236/qđ-nh9_6,ARTICLE,CONTAIN,
236/qđ-nh9,236/qđ-nh9_7,ARTICLE,CONTAIN,
236/qđ-nh9,236/qđ-nh9_8,ARTICLE,CONTAIN,
236/qđ-nh9,236/qđ-nh9_9,ARTICLE,CONTAIN,
236/qđ-nh9,236/qđ-nh9_10,ARTICLE,CONTAIN,
03/tt-nh1,03/tt-nh1_1,ARTICLE,CONTAIN,
03/tt-nh1,03/tt-nh1_2,ARTICLE,CONTAIN,
03/tt-nh1,03/tt-nh1_3,ARTICLE,CONTAIN,
03/tt-nh1,03/tt-nh1_4,ARTICLE,CONTAIN,
03/tt-nh1_4,02/2012/tt-btc_25,ARTICLE,GUIDE,
03/tt-nh1,03/tt-nh1_5,ARTICLE,CONTAIN,
03/tt-nh1,03/tt-nh1_6,ARTICLE,CONTAIN,
03/tt-nh1,03/tt-nh1_7,ARTICLE,CONTAIN,
208/qđ-nh7,208/qđ-nh7_1,ARTICLE,CONTAIN,
208/qđ-nh7,208/qđ-nh7_2,ARTICLE,CONTAIN,
208/qđ-nh7,208/qđ-nh7_3,ARTICLE,CONTAIN,
208/qđ-nh7,208/qđ-nh7_4,ARTICLE,CONTAIN,
208/qđ-nh7,208/qđ-nh7_5,ARTICLE,CONTAIN,
208/qđ-nh7,208/qđ-nh7_6,ARTICLE,CONTAIN,
208/qđ-nh7,208/qđ-nh7_7,ARTICLE,CONTAIN,
208/qđ-nh7,208/qđ-nh7_8,ARTICLE,CONTAIN,
208/qđ-nh7,208/qđ-nh7_9,ARTICLE,CONTAIN,
208/qđ-nh7,208/qđ-nh7_10,ARTICLE,CONTAIN,
208/qđ-nh7,208/qđ-nh7_11,ARTICLE,CONTAIN,
208/qđ-nh7,208/qđ-nh7_12,ARTICLE,CONTAIN,
208/qđ-nh7,208/qđ-nh7_13,ARTICLE,CONTAIN,
208/qđ-nh7,208/qđ-nh7_14,ARTICLE,CONTAIN,
208/qđ-nh7,208/qđ-nh7_15,ARTICLE,CONTAIN,
208/qđ-nh7,208/qđ-nh7_16,ARTICLE,CONTAIN,
208/qđ-nh7,208/qđ-nh7_17,ARTICLE,CONTAIN,
208/qđ-nh7,208/qđ-nh7_18,ARTICLE,CONTAIN,
455/qđ-nh7,455/qđ-nh7_1,ARTICLE,CONTAIN,
455/qđ-nh7,455/qđ-nh7_2,ARTICLE,CONTAIN,
273/qđ-nh2,273/qđ-nh2_1,ARTICLE,CONTAIN,
273/qđ-nh2,273/qđ-nh2_2,ARTICLE,CONTAIN,
273/qđ-nh2,273/qđ-nh2_3,ARTICLE,CONTAIN,
02/tt-lb,02/tt-lb_1,ARTICLE,CONTAIN,
02/tt-lb,02/tt-lb_2,ARTICLE,CONTAIN,
02/tt-lb,02/tt-lb_3,ARTICLE,CONTAIN,
02/tt-lb,02/tt-lb_4,ARTICLE,CONTAIN,
02/tt-lb,02/tt-lb_5,ARTICLE,CONTAIN,
02/tt-lb,02/tt-lb_6,ARTICLE,CONTAIN,
02/tt-lb,02/tt-lb_7,ARTICLE,CONTAIN,
02/tt-lb,02/tt-lb_8,ARTICLE,CONTAIN,
02/tt-lb,02/tt-lb_9,ARTICLE,CONTAIN,
02/tt-lb_9,71/2014/qh13_38,ARTICLE,GUIDE,
202/qđ-nh9,202/qđ-nh9_1,ARTICLE,CONTAIN,
202/qđ-nh9,202/qđ-nh9_2,ARTICLE,CONTAIN,
202/qđ-nh9,202/qđ-nh9_3,ARTICLE,CONTAIN,
135/qđ-nh6,135/qđ-nh6_1,ARTICLE,CONTAIN,
135/qđ-nh6,135/qđ-nh6_2,ARTICLE,CONTAIN,
135/qđ-nh6,135/qđ-nh6_3,ARTICLE,CONTAIN,
135/qđ-nh6,135/qđ-nh6_4,ARTICLE,CONTAIN,
135/qđ-nh6,135/qđ-nh6_5,ARTICLE,CONTAIN,
135/qđ-nh6,135/qđ-nh6_6,ARTICLE,CONTAIN,
135/qđ-nh6,135/qđ-nh6_7,ARTICLE,CONTAIN,
135/qđ-nh6,135/qđ-nh6_8,ARTICLE,CONTAIN,
135/qđ-nh6,135/qđ-nh6_9,ARTICLE,CONTAIN,
135/qđ-nh6,135/qđ-nh6_10,ARTICLE,CONTAIN,
135/qđ-nh6,135/qđ-nh6_11,ARTICLE,CONTAIN,
135/qđ-nh6,135/qđ-nh6_12,ARTICLE,CONTAIN,
135/qđ-nh6,135/qđ-nh6_13,ARTICLE,CONTAIN,
135/qđ-nh6,135/qđ-nh6_14,ARTICLE,CONTAIN,
135/qđ-nh6,135/qđ-nh6_15,ARTICLE,CONTAIN,
135/qđ-nh6,135/qđ-nh6_16,ARTICLE,CONTAIN,
135/qđ-nh6_16,135/qđ-nh6_15,ARTICLE,GUIDE,
135/qđ-nh6,135/qđ-nh6_17,ARTICLE,CONTAIN,
135/qđ-nh6,135/qđ-nh6_18,ARTICLE,CONTAIN,
135/qđ-nh6,135/qđ-nh6_19,ARTICLE,CONTAIN,
136/qđ-nh2,136/qđ-nh2_1,ARTICLE,CONTAIN,
136/qđ-nh2,136/qđ-nh2_2,ARTICLE,CONTAIN,
136/qđ-nh2,136/qđ-nh2_3,ARTICLE,CONTAIN,
140/qđ-nh4,140/qđ-nh4_3,ARTICLE,CONTAIN,
140/qđ-nh4,140/qđ-nh4_4,ARTICLE,CONTAIN,
140/qđ-nh4,140/qđ-nh4_5,ARTICLE,CONTAIN,
140/qđ-nh4,140/qđ-nh4_6,ARTICLE,CONTAIN,
48-qđ/nh7,48-qđ/nh7_1,ARTICLE,CONTAIN,
48-qđ/nh7,48-qđ/nh7_2,ARTICLE,CONTAIN,
48-qđ/nh7,48-qđ/nh7_3,ARTICLE,CONTAIN,
48-qđ/nh7,48-qđ/nh7_4,ARTICLE,CONTAIN,
76/qđ-nh14,76/qđ-nh14_13,ARTICLE,CONTAIN,
76/qđ-nh14,76/qđ-nh14_14,ARTICLE,CONTAIN,
76/qđ-nh14,76/qđ-nh14_15,ARTICLE,CONTAIN,
76/qđ-nh14,76/qđ-nh14_16,ARTICLE,CONTAIN,
76/qđ-nh14,76/qđ-nh14_17,ARTICLE,CONTAIN,
196-nh14/qđ,196-nh14/qđ_1,ARTICLE,CONTAIN,
196-nh14/qđ,196-nh14/qđ_2,ARTICLE,CONTAIN,
196-nh14/qđ,196-nh14/qđ_3,ARTICLE,CONTAIN,
196-nh14/qđ,196-nh14/qđ_4,ARTICLE,CONTAIN,
196-nh14/qđ,196-nh14/qđ_5,ARTICLE,CONTAIN,
196-nh14/qđ,196-nh14/qđ_6,ARTICLE,CONTAIN,
196-nh14/qđ,196-nh14/qđ_7,ARTICLE,CONTAIN,
196-nh14/qđ,196-nh14/qđ_8,ARTICLE,CONTAIN,
196-nh14/qđ,196-nh14/qđ_9,ARTICLE,CONTAIN,
196-nh14/qđ,196-nh14/qđ_10,ARTICLE,CONTAIN,
196-nh14/qđ,196-nh14/qđ_11,ARTICLE,CONTAIN,
196-nh14/qđ,196-nh14/qđ_12,ARTICLE,CONTAIN,
196-nh14/qđ,196-nh14/qđ_13,ARTICLE,CONTAIN,
196-nh14/qđ,196-nh14/qđ_14,ARTICLE,CONTAIN,
196-nh14/qđ,196-nh14/qđ_15,ARTICLE,CONTAIN,
196-nh14/qđ,196-nh14/qđ_16,ARTICLE,CONTAIN,
196-nh14/qđ,196-nh14/qđ_17,ARTICLE,CONTAIN,
196-nh14/qđ,196-nh14/qđ_18,ARTICLE,CONTAIN,
196-nh14/qđ,196-nh14/qđ_19,ARTICLE,CONTAIN,
196-nh14/qđ,196-nh14/qđ_20,ARTICLE,CONTAIN,
196-nh14/qđ,196-nh14/qđ_21,ARTICLE,CONTAIN,
196-nh14/qđ,196-nh14/qđ_22,ARTICLE,CONTAIN,
259-qđ/nh6,259-qđ/nh6_1,ARTICLE,CONTAIN,
259-qđ/nh6,259-qđ/nh6_2,ARTICLE,CONTAIN,
259-qđ/nh6,259-qđ/nh6_3,ARTICLE,CONTAIN,
259-qđ/nh6,259-qđ/nh6_4,ARTICLE,CONTAIN,
259-qđ/nh6,259-qđ/nh6_5,ARTICLE,CONTAIN,
259-qđ/nh6,259-qđ/nh6_6,ARTICLE,CONTAIN,
259-qđ/nh6,259-qđ/nh6_7,ARTICLE,CONTAIN,
259-qđ/nh6,259-qđ/nh6_8,ARTICLE,CONTAIN,
259-qđ/nh6,259-qđ/nh6_9,ARTICLE,CONTAIN,
259-qđ/nh6,259-qđ/nh6_10,ARTICLE,CONTAIN,
259-qđ/nh6,259-qđ/nh6_11,ARTICLE,CONTAIN,
259-qđ/nh6,259-qđ/nh6_12,ARTICLE,CONTAIN,
259-qđ/nh6,259-qđ/nh6_13,ARTICLE,CONTAIN,
259-qđ/nh6,259-qđ/nh6_14,ARTICLE,CONTAIN,
259-qđ/nh6,259-qđ/nh6_15,ARTICLE,CONTAIN,
259-qđ/nh6,259-qđ/nh6_16,ARTICLE,CONTAIN,
259-qđ/nh6,259-qđ/nh6_17,ARTICLE,CONTAIN,
259-qđ/nh6,259-qđ/nh6_18,ARTICLE,CONTAIN,
259-qđ/nh6,259-qđ/nh6_19,ARTICLE,CONTAIN,
259-qđ/nh6,259-qđ/nh6_20,ARTICLE,CONTAIN,
259-qđ/nh6,259-qđ/nh6_21,ARTICLE,CONTAIN,
259-qđ/nh6,259-qđ/nh6_22,ARTICLE,CONTAIN,
259-qđ/nh6,259-qđ/nh6_23,ARTICLE,CONTAIN,
259-qđ/nh6,259-qđ/nh6_24,ARTICLE,CONTAIN,
259-qđ/nh6,259-qđ/nh6_25,ARTICLE,CONTAIN,
259-qđ/nh6,259-qđ/nh6_26,ARTICLE,CONTAIN,
185-qđ/nh5,185-qđ/nh5_1,ARTICLE,CONTAIN,
185-qđ/nh5,185-qđ/nh5_2,ARTICLE,CONTAIN,
185-qđ/nh5,185-qđ/nh5_3,ARTICLE,CONTAIN,
185-qđ/nh5,185-qđ/nh5_4,ARTICLE,CONTAIN,
185-qđ/nh5_4,185-qđ/nh5_3,ARTICLE,GUIDE,
185-qđ/nh5,185-qđ/nh5_5,ARTICLE,CONTAIN,
185-qđ/nh5,185-qđ/nh5_6,ARTICLE,CONTAIN,
185-qđ/nh5,185-qđ/nh5_7,ARTICLE,CONTAIN,
185-qđ/nh5,185-qđ/nh5_8,ARTICLE,CONTAIN,
185-qđ/nh5,185-qđ/nh5_9,ARTICLE,CONTAIN,
185-qđ/nh5,185-qđ/nh5_10,ARTICLE,CONTAIN,
185-qđ/nh5,185-qđ/nh5_11,ARTICLE,CONTAIN,
185-qđ/nh5,185-qđ/nh5_12,ARTICLE,CONTAIN,
185-qđ/nh5_12,185-qđ/nh5_1,ARTICLE,GUIDE,
185-qđ/nh5_12,28/2014/NĐ-CP_30,ARTICLE,GUIDE,
185-qđ/nh5,185-qđ/nh5_13,ARTICLE,CONTAIN,
185-qđ/nh5,185-qđ/nh5_14,ARTICLE,CONTAIN,
185-qđ/nh5,185-qđ/nh5_15,ARTICLE,CONTAIN,
185-qđ/nh5_15,185-qđ/nh5_11,ARTICLE,GUIDE,
185-qđ/nh5,185-qđ/nh5_16,ARTICLE,CONTAIN,
185-qđ/nh5,185-qđ/nh5_17,ARTICLE,CONTAIN,
185-qđ/nh5,185-qđ/nh5_18,ARTICLE,CONTAIN,
185-qđ/nh5,185-qđ/nh5_19,ARTICLE,CONTAIN,
174/qđ-nh5,174/qđ-nh5_1,ARTICLE,CONTAIN,
174/qđ-nh5,174/qđ-nh5_2,ARTICLE,CONTAIN,
175/qđ-nh5,175/qđ-nh5_1,ARTICLE,CONTAIN,
175/qđ-nh5,175/qđ-nh5_2,ARTICLE,CONTAIN,
12/tt-nh7,12/tt-nh7_1,ARTICLE,CONTAIN,
12/tt-nh7_1,18-CP_83,ARTICLE,GUIDE,
12/tt-nh7,12/tt-nh7_2,ARTICLE,CONTAIN,
12/tt-nh7,12/tt-nh7_3,ARTICLE,CONTAIN,
12/tt-nh7,12/tt-nh7_4,ARTICLE,CONTAIN,
12/tt-nh7,12/tt-nh7_5,ARTICLE,CONTAIN,
12/tt-nh7,12/tt-nh7_6,ARTICLE,CONTAIN,
10/tt-nh1,10/tt-nh1_1,ARTICLE,CONTAIN,
10/tt-nh1,10/tt-nh1_2,ARTICLE,CONTAIN,
10/tt-nh1,10/tt-nh1_3,ARTICLE,CONTAIN,
10/tt-nh1,10/tt-nh1_4,ARTICLE,CONTAIN,
05/tt-nh7,05/tt-nh7_1,ARTICLE,CONTAIN,
05/tt-nh7_1,67-CP_1,ARTICLE,GUIDE,
05/tt-nh7,05/tt-nh7_2,ARTICLE,CONTAIN,
05/tt-nh7,05/tt-nh7_3,ARTICLE,CONTAIN,
05/tt-nh7_3,05/tt-nh7_17,ARTICLE,GUIDE,
05/tt-nh7_3,05/tt-nh7_18,ARTICLE,GUIDE,
05/tt-nh7_3,05/tt-nh7_20,ARTICLE,GUIDE,
05/tt-nh7,05/tt-nh7_4,ARTICLE,CONTAIN,
05/tt-nh7,05/tt-nh7_5,ARTICLE,CONTAIN,
05/tt-nh7,05/tt-nh7_6,ARTICLE,CONTAIN,
7/tt-nh7,7/tt-nh7_1,ARTICLE,CONTAIN,
7/tt-nh7,7/tt-nh7_2,ARTICLE,CONTAIN,
7/tt-nh7,7/tt-nh7_3,ARTICLE,CONTAIN,
7/tt-nh7,7/tt-nh7_4,ARTICLE,CONTAIN,
7/tt-nh7,7/tt-nh7_5,ARTICLE,CONTAIN,
7/tt-nh7,7/tt-nh7_6,ARTICLE,CONTAIN,
7/tt-nh7,7/tt-nh7_7,ARTICLE,CONTAIN,
7/tt-nh7,7/tt-nh7_8,ARTICLE,CONTAIN,
7/tt-nh7,7/tt-nh7_9,ARTICLE,CONTAIN,
7/tt-nh7,7/tt-nh7_10,ARTICLE,CONTAIN,
45/qđ-nh1,45/qđ-nh1_1,ARTICLE,CONTAIN,
45/qđ-nh1,45/qđ-nh1_2,ARTICLE,CONTAIN,
45/qđ-nh1_2,187-QĐ/NH1_1,ARTICLE,REPLACE,
45/qđ-nh1_2,45/qđ-nh1_1,ARTICLE,GUIDE,
45/qđ-nh1,45/qđ-nh1_3,ARTICLE,CONTAIN,
07/nh-tt,07/nh-tt_1,ARTICLE,CONTAIN,
07/nh-tt,07/nh-tt_2,ARTICLE,CONTAIN,
07/nh-tt,07/nh-tt_3,ARTICLE,CONTAIN,
07/nh-tt,07/nh-tt_4,ARTICLE,CONTAIN,
07/nh-tt,07/nh-tt_5,ARTICLE,CONTAIN,
07/nh-tt,07/nh-tt_6,ARTICLE,CONTAIN,
07/nh-tt_6,phap-lenh-xu-ly-hanh-chinh_11,ARTICLE,GUIDE,
07/nh-tt_6,phap-lenh-xu-ly-hanh-chinh_13,ARTICLE,GUIDE,
07/nh-tt_6,phap-lenh-xu-ly-hanh-chinh_14,ARTICLE,GUIDE,
07/nh-tt_6,phap-lenh-xu-ly-hanh-chinh_15,ARTICLE,GUIDE,
07/nh-tt_6,phap-lenh-xu-ly-hanh-chinh_16,ARTICLE,GUIDE,
07/nh-tt_6,phap-lenh-xu-ly-hanh-chinh_17,ARTICLE,GUIDE,
228/qđ-nh5,228/qđ-nh5_1,ARTICLE,CONTAIN,
228/qđ-nh5,228/qđ-nh5_2,ARTICLE,CONTAIN,
228/qđ-nh5,228/qđ-nh5_3,ARTICLE,CONTAIN,
228/qđ-nh5,228/qđ-nh5_4,ARTICLE,CONTAIN,
228/qđ-nh5,228/qđ-nh5_5,ARTICLE,CONTAIN,
228/qđ-nh5,228/qđ-nh5_6,ARTICLE,CONTAIN,
228/qđ-nh5,228/qđ-nh5_7,ARTICLE,CONTAIN,
228/qđ-nh5,228/qđ-nh5_8,ARTICLE,CONTAIN,
228/qđ-nh5,228/qđ-nh5_9,ARTICLE,CONTAIN,
228/qđ-nh5,228/qđ-nh5_10,ARTICLE,CONTAIN,
228/qđ-nh5,228/qđ-nh5_11,ARTICLE,CONTAIN,
228/qđ-nh5,228/qđ-nh5_12,ARTICLE,CONTAIN,
228/qđ-nh5,228/qđ-nh5_13,ARTICLE,CONTAIN,
228/qđ-nh5,228/qđ-nh5_14,ARTICLE,CONTAIN,
228/qđ-nh5_14,228/qđ-nh5_13,ARTICLE,GUIDE,
228/qđ-nh5_14,228/qđ-nh5_15,ARTICLE,GUIDE,
228/qđ-nh5_14,228/qđ-nh5_16,ARTICLE,GUIDE,
228/qđ-nh5,228/qđ-nh5_25,ARTICLE,CONTAIN,
228/qđ-nh5,228/qđ-nh5_26,ARTICLE,CONTAIN,
228/qđ-nh5_26,202/2015/NĐ-CP_47,ARTICLE,GUIDE,
228/qđ-nh5,228/qđ-nh5_27,ARTICLE,CONTAIN,
11/tt-nh5,11/tt-nh5_1,ARTICLE,CONTAIN,
11/tt-nh5,11/tt-nh5_2,ARTICLE,CONTAIN,
11/tt-nh5,11/tt-nh5_3,ARTICLE,CONTAIN,
11/tt-nh5,11/tt-nh5_4,ARTICLE,CONTAIN,
11/tt-nh5,11/tt-nh5_5,ARTICLE,CONTAIN,
11/tt-nh5,11/tt-nh5_6,ARTICLE,CONTAIN,
11/tt-nh5,11/tt-nh5_7,ARTICLE,CONTAIN,
11/tt-nh5,11/tt-nh5_8,ARTICLE,CONTAIN,
11/tt-nh5,11/tt-nh5_9,ARTICLE,CONTAIN,
11/tt-nh5,11/tt-nh5_10,ARTICLE,CONTAIN,
11/tt-nh5,11/tt-nh5_11,ARTICLE,CONTAIN,
10/tt-nh5,10/tt-nh5_1,ARTICLE,CONTAIN,
10/tt-nh5,10/tt-nh5_2,ARTICLE,CONTAIN,
10/tt-nh5,10/tt-nh5_3,ARTICLE,CONTAIN,
10/tt-nh5_3,10/tt-nh5_4,ARTICLE,GUIDE,
10/tt-nh5,10/tt-nh5_4,ARTICLE,CONTAIN,
106-nh/qđ,106-nh/qđ_1,ARTICLE,CONTAIN,
106-nh/qđ,106-nh/qđ_2,ARTICLE,CONTAIN,
07-nhnn/tt,07-nhnn/tt_1,ARTICLE,CONTAIN,
07-nhnn/tt,07-nhnn/tt_2,ARTICLE,CONTAIN,
07-nhnn/tt,07-nhnn/tt_3,ARTICLE,CONTAIN,
07-nhnn/tt,07-nhnn/tt_4,ARTICLE,CONTAIN,
07-nhnn/tt,07-nhnn/tt_5,ARTICLE,CONTAIN,
07-nhnn/tt,07-nhnn/tt_6,ARTICLE,CONTAIN,
170/qđ-nh7,170/qđ-nh7_1,ARTICLE,CONTAIN,
170/qđ-nh7,170/qđ-nh7_2,ARTICLE,CONTAIN,
170/qđ-nh7,170/qđ-nh7_3,ARTICLE,CONTAIN,
170/qđ-nh7,170/qđ-nh7_4,ARTICLE,CONTAIN,
170/qđ-nh7,170/qđ-nh7_5,ARTICLE,CONTAIN,
170/qđ-nh7,170/qđ-nh7_6,ARTICLE,CONTAIN,
170/qđ-nh7,170/qđ-nh7_7,ARTICLE,CONTAIN,
17/tt-nh3,17/tt-nh3_1,ARTICLE,CONTAIN,
17/tt-nh3_1,04/2020/QLBVXH_1,ARTICLE,GUIDE,
17/tt-nh3_1,04/2020/QLBVXH_4,ARTICLE,GUIDE,
17/tt-nh3_1,04/2020/QLBVXH_7,ARTICLE,GUIDE,
17/tt-nh3,17/tt-nh3_2,ARTICLE,CONTAIN,
17/tt-nh3,17/tt-nh3_3,ARTICLE,CONTAIN,
17/tt-nh3,17/tt-nh3_4,ARTICLE,CONTAIN,
17/tt-nh3,17/tt-nh3_5,ARTICLE,CONTAIN,
17/tt-nh3,17/tt-nh3_6,ARTICLE,CONTAIN,
17/tt-nh3,17/tt-nh3_7,ARTICLE,CONTAIN,
17/tt-nh3,17/tt-nh3_8,ARTICLE,CONTAIN,
17/tt-nh3,17/tt-nh3_9,ARTICLE,CONTAIN,
17/tt-nh3,17/tt-nh3_10,ARTICLE,CONTAIN,
17/tt-nh3,17/tt-nh3_11,ARTICLE,CONTAIN,
17/tt-nh3,17/tt-nh3_12,ARTICLE,CONTAIN,
17/tt-nh3,17/tt-nh3_13,ARTICLE,CONTAIN,
17/tt-nh3,17/tt-nh3_14,ARTICLE,CONTAIN,
17/tt-nh3,17/tt-nh3_15,ARTICLE,CONTAIN,
17/tt-nh3,17/tt-nh3_16,ARTICLE,CONTAIN,
17/tt-nh3,17/tt-nh3_17,ARTICLE,CONTAIN,
17/tt-nh3,17/tt-nh3_18,ARTICLE,CONTAIN,
17/tt-nh3,17/tt-nh3_19,ARTICLE,CONTAIN,
17/tt-nh3_19,01/2015/nd-cp_24,ARTICLE,GUIDE,
17/tt-nh3,17/tt-nh3_20,ARTICLE,CONTAIN,
17/tt-nh3,17/tt-nh3_21,ARTICLE,CONTAIN,
17/tt-nh3,17/tt-nh3_22,ARTICLE,CONTAIN,
17/tt-nh3,17/tt-nh3_23,ARTICLE,CONTAIN,
17/tt-nh3,17/tt-nh3_24,ARTICLE,CONTAIN,
17/tt-nh3,17/tt-nh3_25,ARTICLE,CONTAIN,
17/tt-nh3,17/tt-nh3_26,ARTICLE,CONTAIN,
17/tt-nh3,17/tt-nh3_27,ARTICLE,CONTAIN,
17/tt-nh3,17/tt-nh3_28,ARTICLE,CONTAIN,
17/tt-nh3,17/tt-nh3_29,ARTICLE,CONTAIN,
17/tt-nh3,17/tt-nh3_30,ARTICLE,CONTAIN,
17/tt-nh3,17/tt-nh3_31,ARTICLE,CONTAIN,
17/tt-nh3,17/tt-nh3_32,ARTICLE,CONTAIN,
17/tt-nh3,17/tt-nh3_33,ARTICLE,CONTAIN,
17/tt-nh3,17/tt-nh3_34,ARTICLE,CONTAIN,
17/tt-nh3,17/tt-nh3_35,ARTICLE,CONTAIN,
17/tt-nh3,17/tt-nh3_36,ARTICLE,CONTAIN,
17/tt-nh3,17/tt-nh3_37,ARTICLE,CONTAIN,
17/tt-nh3_37,38-HĐBT_29,ARTICLE,GUIDE,
17/tt-nh3,17/tt-nh3_38,ARTICLE,CONTAIN,
17/tt-nh3_38,38-HĐBT_28,ARTICLE,GUIDE,
17/tt-nh3,17/tt-nh3_39,ARTICLE,CONTAIN,
17/tt-nh3,17/tt-nh3_40,ARTICLE,CONTAIN,
17/tt-nh3_40,38-HĐBT_25,ARTICLE,GUIDE,
17/tt-nh3,17/tt-nh3_41,ARTICLE,CONTAIN,
17/tt-nh3,17/tt-nh3_42,ARTICLE,CONTAIN,
17/tt-nh3,17/tt-nh3_43,ARTICLE,CONTAIN,
17/tt-nh3,17/tt-nh3_44,ARTICLE,CONTAIN,
13/tt-lb,13/tt-lb_1,ARTICLE,CONTAIN,
13/tt-lb,13/tt-lb_2,ARTICLE,CONTAIN,
13/tt-lb,13/tt-lb_3,ARTICLE,CONTAIN,
13/tt-lb,13/tt-lb_4,ARTICLE,CONTAIN,
13/tt-lb,13/tt-lb_5,ARTICLE,CONTAIN,
13/tt-lb,13/tt-lb_6,ARTICLE,CONTAIN,
13/tt-lb,13/tt-lb_7,ARTICLE,CONTAIN,
13/tt-lb,13/tt-lb_8,ARTICLE,CONTAIN,
13/tt-lb,13/tt-lb_9,ARTICLE,CONTAIN,
13/tt-lb,13/tt-lb_10,ARTICLE,CONTAIN,
9/nh-tt,9/nh-tt_1,ARTICLE,CONTAIN,
9/nh-tt,9/nh-tt_2,ARTICLE,CONTAIN,
9/nh-tt,9/nh-tt_3,ARTICLE,CONTAIN,
9/nh-tt,9/nh-tt_4,ARTICLE,CONTAIN,
9/nh-tt,9/nh-tt_5,ARTICLE,CONTAIN,
9/nh-tt,9/nh-tt_6,ARTICLE,CONTAIN,
05/nh-qđ,05/nh-qđ_1,ARTICLE,CONTAIN,
05/nh-qđ,05/nh-qđ_2,ARTICLE,CONTAIN,
05/nh-qđ,05/nh-qđ_3,ARTICLE,CONTAIN,
05/nh-qđ,05/nh-qđ_4,ARTICLE,CONTAIN,
05/nh-qđ,05/nh-qđ_5,ARTICLE,CONTAIN,
05/nh-qđ,05/nh-qđ_6,ARTICLE,CONTAIN,
05/nh-qđ,05/nh-qđ_7,ARTICLE,CONTAIN,
05/nh-qđ,05/nh-qđ_8,ARTICLE,CONTAIN,
05/nh-qđ,05/nh-qđ_9,ARTICLE,CONTAIN,
05/nh-qđ,05/nh-qđ_10,ARTICLE,CONTAIN,
05/nh-qđ_10,05/nh-qđ_2,ARTICLE,GUIDE,
56-nhnn/tt,56-nhnn/tt_1,ARTICLE,CONTAIN,
56-nhnn/tt,56-nhnn/tt_2,ARTICLE,CONTAIN,
56-nhnn/tt,56-nhnn/tt_3,ARTICLE,CONTAIN,
56-nhnn/tt,56-nhnn/tt_4,ARTICLE,CONTAIN,
56-nhnn/tt,56-nhnn/tt_5,ARTICLE,CONTAIN,
56-nhnn/tt,56-nhnn/tt_6,ARTICLE,CONTAIN,
56-nhnn/tt,56-nhnn/tt_7,ARTICLE,CONTAIN,
56-nhnn/tt,56-nhnn/tt_8,ARTICLE,CONTAIN,
203/nh-tt,203/nh-tt_1,ARTICLE,CONTAIN,
203/nh-tt,203/nh-tt_2,ARTICLE,CONTAIN,
203/nh-tt,203/nh-tt_3,ARTICLE,CONTAIN,
203/nh-tt,203/nh-tt_4,ARTICLE,CONTAIN,
203/nh-tt,203/nh-tt_5,ARTICLE,CONTAIN,
203/nh-tt,203/nh-tt_6,ARTICLE,CONTAIN,
203/nh-tt,203/nh-tt_7,ARTICLE,CONTAIN,
203/nh-tt,203/nh-tt_8,ARTICLE,CONTAIN,
203/nh-tt,203/nh-tt_9,ARTICLE,CONTAIN,
157/ct,157/ct_1,ARTICLE,CONTAIN,
157/ct,157/ct_2,ARTICLE,CONTAIN,
157/ct,157/ct_3,ARTICLE,CONTAIN,
157/ct,157/ct_4,ARTICLE,CONTAIN,
157/ct,157/ct_5,ARTICLE,CONTAIN,
157/ct,157/ct_6,ARTICLE,CONTAIN,
157/ct,157/ct_7,ARTICLE,CONTAIN,
08/2007/ttlt-nhnn-bca-btp,08/2007/ttlt-nhnn-bca-btp_1,ARTICLE,CONTAIN,
08/2007/ttlt-nhnn-bca-btp,08/2007/ttlt-nhnn-bca-btp_2,ARTICLE,CONTAIN,
08/2007/ttlt-nhnn-bca-btp,08/2007/ttlt-nhnn-bca-btp_3,ARTICLE,CONTAIN,
08/2007/ttlt-nhnn-bca-btp,08/2007/ttlt-nhnn-bca-btp_4,ARTICLE,CONTAIN,
08/2007/ttlt-nhnn-bca-btp,08/2007/ttlt-nhnn-bca-btp_5,ARTICLE,CONTAIN,
08/2007/ttlt-nhnn-bca-btp,08/2007/ttlt-nhnn-bca-btp_6,ARTICLE,CONTAIN,
08/2007/ttlt-nhnn-bca-btp,08/2007/ttlt-nhnn-bca-btp_7,ARTICLE,CONTAIN,
08/2007/ttlt-nhnn-bca-btp_7,49/2005/qh11_256,ARTICLE,GUIDE,
08/2007/ttlt-nhnn-bca-btp_7,18/2003/qh10_76,ARTICLE,GUIDE,
08/2007/ttlt-nhnn-bca-btp,08/2007/ttlt-nhnn-bca-btp_8,ARTICLE,CONTAIN,
08/2007/ttlt-nhnn-bca-btp,08/2007/ttlt-nhnn-bca-btp_9,ARTICLE,CONTAIN,
08/2007/ttlt-nhnn-bca-btp,08/2007/ttlt-nhnn-bca-btp_10,ARTICLE,CONTAIN,
08/2007/ttlt-nhnn-bca-btp,08/2007/ttlt-nhnn-bca-btp_11,ARTICLE,CONTAIN,
08/2007/ttlt-nhnn-bca-btp,08/2007/ttlt-nhnn-bca-btp_12,ARTICLE,CONTAIN,
08/2007/ttlt-nhnn-bca-btp,08/2007/ttlt-nhnn-bca-btp_13,ARTICLE,CONTAIN,
08/2007/ttlt-nhnn-bca-btp,08/2007/ttlt-nhnn-bca-btp_14,ARTICLE,CONTAIN,
08/2007/ttlt-nhnn-bca-btp,08/2007/ttlt-nhnn-bca-btp_15,ARTICLE,CONTAIN,
08/2007/ttlt-nhnn-bca-btp,08/2007/ttlt-nhnn-bca-btp_16,ARTICLE,CONTAIN,
08/2007/ttlt-nhnn-bca-btp,08/2007/ttlt-nhnn-bca-btp_17,ARTICLE,CONTAIN,
08/2007/ttlt-nhnn-bca-btp,08/2007/ttlt-nhnn-bca-btp_18,ARTICLE,CONTAIN,
08/2007/ttlt-nhnn-bca-btp,08/2007/ttlt-nhnn-bca-btp_19,ARTICLE,CONTAIN,
59/2009/nđ-cp,59/2009/nđ-cp_1,ARTICLE,CONTAIN,
59/2009/nđ-cp,59/2009/nđ-cp_2,ARTICLE,CONTAIN,
59/2009/nđ-cp,59/2009/nđ-cp_3,ARTICLE,CONTAIN,
59/2009/nđ-cp,59/2009/nđ-cp_4,ARTICLE,CONTAIN,
59/2009/nđ-cp,59/2009/nđ-cp_5,ARTICLE,CONTAIN,
59/2009/nđ-cp_5,59/2009/nđ-cp_22,ARTICLE,GUIDE,
59/2009/nđ-cp,59/2009/nđ-cp_6,ARTICLE,CONTAIN,
59/2009/nđ-cp,59/2009/nđ-cp_7,ARTICLE,CONTAIN,
59/2009/nđ-cp,59/2009/nđ-cp_8,ARTICLE,CONTAIN,
59/2009/nđ-cp,59/2009/nđ-cp_9,ARTICLE,CONTAIN,
59/2009/nđ-cp,59/2009/nđ-cp_10,ARTICLE,CONTAIN,
59/2009/nđ-cp_10,32/2024/qh15_22,ARTICLE,GUIDE,
59/2009/nđ-cp,59/2009/nđ-cp_11,ARTICLE,CONTAIN,
59/2009/nđ-cp,59/2009/nđ-cp_12,ARTICLE,CONTAIN,
59/2009/nđ-cp_12,32/2024/qh15_24,ARTICLE,GUIDE,
59/2009/nđ-cp_12,32/2024/qh15_25,ARTICLE,GUIDE,
59/2009/nđ-cp_12,32/2024/qh15_26,ARTICLE,GUIDE,
59/2009/nđ-cp_12,32/2024/qh15_27,ARTICLE,GUIDE,
59/2009/nđ-cp_12,32/2024/qh15_28,ARTICLE,GUIDE,
59/2009/nđ-cp,59/2009/nđ-cp_13,ARTICLE,CONTAIN,
59/2009/nđ-cp,59/2009/nđ-cp_14,ARTICLE,CONTAIN,
59/2009/nđ-cp,59/2009/nđ-cp_15,ARTICLE,CONTAIN,
59/2009/nđ-cp,59/2009/nđ-cp_16,ARTICLE,CONTAIN,
59/2009/nđ-cp,59/2009/nđ-cp_17,ARTICLE,CONTAIN,
59/2009/nđ-cp,59/2009/nđ-cp_18,ARTICLE,CONTAIN,
59/2009/nđ-cp,59/2009/nđ-cp_19,ARTICLE,CONTAIN,
59/2009/nđ-cp_19,59/2009/nđ-cp_25,ARTICLE,GUIDE,
59/2009/nđ-cp,59/2009/nđ-cp_20,ARTICLE,CONTAIN,
59/2009/nđ-cp,59/2009/nđ-cp_21,ARTICLE,CONTAIN,
59/2009/nđ-cp_21,59/2009/nđ-cp_19,ARTICLE,GUIDE,
59/2009/nđ-cp_21,59/2009/nđ-cp_22,ARTICLE,GUIDE,
59/2009/nđ-cp_21,59/2009/nđ-cp_27,ARTICLE,GUIDE,
59/2009/nđ-cp_21,59/2009/nđ-cp_28,ARTICLE,GUIDE,
59/2009/nđ-cp,59/2009/nđ-cp_22,ARTICLE,CONTAIN,
59/2009/nđ-cp_22,59/2009/nđ-cp_5,ARTICLE,GUIDE,
59/2009/nđ-cp,59/2009/nđ-cp_23,ARTICLE,CONTAIN,
59/2009/nđ-cp_23,59/2009/nđ-cp_19,ARTICLE,GUIDE,
59/2009/nđ-cp,59/2009/nđ-cp_24,ARTICLE,CONTAIN,
59/2009/nđ-cp_24,59/2009/nđ-cp_27,ARTICLE,GUIDE,
59/2009/nđ-cp_24,59/2009/nđ-cp_28,ARTICLE,GUIDE,
59/2009/nđ-cp,59/2009/nđ-cp_25,ARTICLE,CONTAIN,
59/2009/nđ-cp_25,59/2009/nđ-cp_20,ARTICLE,GUIDE,
59/2009/nđ-cp,59/2009/nđ-cp_26,ARTICLE,CONTAIN,
59/2009/nđ-cp_26,59/2009/nđ-cp_21,ARTICLE,GUIDE,
59/2009/nđ-cp,59/2009/nđ-cp_27,ARTICLE,CONTAIN,
59/2009/nđ-cp_27,13/2005/QH11_118,ARTICLE,GUIDE,
59/2009/nđ-cp,59/2009/nđ-cp_28,ARTICLE,CONTAIN,
59/2009/nđ-cp_28,59/2009/nđ-cp_5,ARTICLE,GUIDE,
59/2009/nđ-cp,59/2009/nđ-cp_29,ARTICLE,CONTAIN,
59/2009/nđ-cp_29,47/2005/QH11_117,ARTICLE,GUIDE,
59/2009/nđ-cp_29,47/2005/QH11_125,ARTICLE,GUIDE,
59/2009/nđ-cp,59/2009/nđ-cp_30,ARTICLE,CONTAIN,
59/2009/nđ-cp_30,58/2005/QH11_78,ARTICLE,GUIDE,
59/2009/nđ-cp_30,58/2005/QH11_81,ARTICLE,GUIDE,
59/2009/nđ-cp,59/2009/nđ-cp_31,ARTICLE,CONTAIN,
59/2009/nđ-cp_31,59/2015/QH13_79,ARTICLE,GUIDE,
59/2009/nđ-cp_31,59/2015/QH13_81,ARTICLE,GUIDE,
59/2009/nđ-cp_31,59/2015/QH13_82,ARTICLE,GUIDE,
59/2009/nđ-cp,59/2009/nđ-cp_32,ARTICLE,CONTAIN,
59/2009/nđ-cp,59/2009/nđ-cp_33,ARTICLE,CONTAIN,
59/2009/nđ-cp_33,45/2005/qh11_86,ARTICLE,GUIDE,
59/2009/nđ-cp,59/2009/nđ-cp_34,ARTICLE,CONTAIN,
59/2009/nđ-cp_34,69/2007/NĐ-CP_4,ARTICLE,GUIDE,
59/2009/nđ-cp,59/2009/nđ-cp_35,ARTICLE,CONTAIN,
59/2009/nđ-cp_35,56/2005/QH11_85,ARTICLE,GUIDE,
59/2009/nđ-cp,59/2009/nđ-cp_36,ARTICLE,CONTAIN,
59/2009/nđ-cp,59/2009/nđ-cp_37,ARTICLE,CONTAIN,
59/2009/nđ-cp_37,59/2005/QH11_88,ARTICLE,GUIDE,
59/2009/nđ-cp,59/2009/nđ-cp_38,ARTICLE,CONTAIN,
59/2009/nđ-cp,59/2009/nđ-cp_39,ARTICLE,CONTAIN,
59/2009/nđ-cp,59/2009/nđ-cp_40,ARTICLE,CONTAIN,
59/2009/nđ-cp,59/2009/nđ-cp_41,ARTICLE,CONTAIN,
59/2009/nđ-cp_41,68/2005/qh11_96,ARTICLE,GUIDE,
59/2009/nđ-cp,59/2009/nđ-cp_42,ARTICLE,CONTAIN,
59/2009/nđ-cp,59/2009/nđ-cp_43,ARTICLE,CONTAIN,
59/2009/nđ-cp_43,45/2005/qh11_104,ARTICLE,GUIDE,
59/2009/nđ-cp_43,59/2009/nđ-cp_41,ARTICLE,GUIDE,
59/2009/nđ-cp_43,45/2005/qh11_105,ARTICLE,GUIDE,
59/2009/nđ-cp,59/2009/nđ-cp_44,ARTICLE,CONTAIN,
59/2009/nđ-cp_44,45/2005/QH11_106,ARTICLE,GUIDE,
59/2009/nđ-cp,59/2009/nđ-cp_45,ARTICLE,CONTAIN,
59/2009/nđ-cp_45,45/2005/QH11_107,ARTICLE,GUIDE,
59/2009/nđ-cp,59/2009/nđ-cp_46,ARTICLE,CONTAIN,
59/2009/nđ-cp_46,59/2009/nđ-cp_41,ARTICLE,GUIDE,
59/2009/nđ-cp,59/2009/nđ-cp_47,ARTICLE,CONTAIN,
59/2009/nđ-cp_47,48/2005/qh11_111,ARTICLE,GUIDE,
59/2009/nđ-cp,59/2009/nđ-cp_48,ARTICLE,CONTAIN,
59/2009/nđ-cp,59/2009/nđ-cp_49,ARTICLE,CONTAIN,
59/2009/nđ-cp,59/2009/nđ-cp_50,ARTICLE,CONTAIN,
59/2009/nđ-cp,59/2009/nđ-cp_51,ARTICLE,CONTAIN,
59/2009/nđ-cp,59/2009/nđ-cp_52,ARTICLE,CONTAIN,
59/2009/nđ-cp_52,59/2009/NĐ-CP_31,ARTICLE,GUIDE,
59/2009/nđ-cp,59/2009/nđ-cp_53,ARTICLE,CONTAIN,
59/2009/nđ-cp,59/2009/nđ-cp_54,ARTICLE,CONTAIN,
59/2009/nđ-cp,59/2009/nđ-cp_55,ARTICLE,CONTAIN,
59/2009/nđ-cp_55,59/2005/QH11_116,ARTICLE,GUIDE,
59/2009/nđ-cp,59/2009/nđ-cp_56,ARTICLE,CONTAIN,
59/2009/nđ-cp_56,59/2005/QH11_64,ARTICLE,GUIDE,
59/2009/nđ-cp,59/2009/nđ-cp_57,ARTICLE,CONTAIN,
59/2009/nđ-cp,59/2009/nđ-cp_58,ARTICLE,CONTAIN,
59/2009/nđ-cp_58,59/2009/nđ-cp_46,ARTICLE,GUIDE,
59/2009/nđ-cp,59/2009/nđ-cp_59,ARTICLE,CONTAIN,
59/2009/nđ-cp_59,59/2009/NĐ-CP_47,ARTICLE,GUIDE,
59/2009/nđ-cp,59/2009/nđ-cp_60,ARTICLE,CONTAIN,
59/2009/nđ-cp,59/2009/nđ-cp_61,ARTICLE,CONTAIN,
59/2009/nđ-cp_61,59/2009/nđ-cp_49,ARTICLE,GUIDE,
59/2009/nđ-cp_61,59/2009/nđ-cp_50,ARTICLE,GUIDE,
59/2009/nđ-cp,59/2009/nđ-cp_62,ARTICLE,CONTAIN,
59/2009/nđ-cp_62,59/2009/nđ-cp_51,ARTICLE,GUIDE,
59/2009/nđ-cp,59/2009/nđ-cp_63,ARTICLE,CONTAIN,
59/2009/nđ-cp,59/2009/nđ-cp_64,ARTICLE,CONTAIN,
59/2009/nđ-cp,59/2009/nđ-cp_65,ARTICLE,CONTAIN,
59/2009/nđ-cp,59/2009/nđ-cp_66,ARTICLE,CONTAIN,
59/2009/nđ-cp,59/2009/nđ-cp_67,ARTICLE,CONTAIN,
59/2009/nđ-cp,59/2009/nđ-cp_68,ARTICLE,CONTAIN,
59/2009/nđ-cp_68,59/2014/QH13_44,ARTICLE,GUIDE,
59/2009/nđ-cp_68,59/2014/QH13_43,ARTICLE,GUIDE,
59/2009/nđ-cp,59/2009/nđ-cp_69,ARTICLE,CONTAIN,
59/2009/nđ-cp_69,59/2009/NĐ-CP_68,ARTICLE,GUIDE,
59/2009/nđ-cp,59/2009/nđ-cp_70,ARTICLE,CONTAIN,
59/2009/nđ-cp_70,59/2009/nđ-cp_46,ARTICLE,GUIDE,
59/2009/nđ-cp_70,59/2009/nđ-cp_29,ARTICLE,GUIDE,
59/2009/nđ-cp_70,59/2009/nđ-cp_47,ARTICLE,GUIDE,
59/2009/nđ-cp_70,59/2009/nđ-cp_48,ARTICLE,GUIDE,
59/2009/nđ-cp_70,59/2009/nđ-cp_68,ARTICLE,GUIDE,
59/2009/nđ-cp_70,59/2009/nđ-cp_69,ARTICLE,GUIDE,
59/2009/nđ-cp,59/2009/nđ-cp_71,ARTICLE,CONTAIN,
59/2009/nđ-cp_71,68/2009/QH12_40,ARTICLE,GUIDE,
59/2009/nđ-cp,59/2009/nđ-cp_72,ARTICLE,CONTAIN,
59/2009/nđ-cp_72,59/2009/nđ-cp_49,ARTICLE,GUIDE,
59/2009/nđ-cp,59/2009/nđ-cp_73,ARTICLE,CONTAIN,
59/2009/nđ-cp_73,59/2009/nđ-cp_51,ARTICLE,GUIDE,
59/2009/nđ-cp,59/2009/nđ-cp_74,ARTICLE,CONTAIN,
59/2009/nđ-cp_74,59/2009/nđ-cp_52,ARTICLE,GUIDE,
59/2009/nđ-cp_74,59/2009/nđ-cp_53,ARTICLE,GUIDE,
59/2009/nđ-cp_74,59/2009/nđ-cp_54,ARTICLE,GUIDE,
59/2009/nđ-cp,59/2009/nđ-cp_75,ARTICLE,CONTAIN,
59/2009/nđ-cp_75,59/2009/nđ-cp_55,ARTICLE,GUIDE,
59/2009/nđ-cp,59/2009/nđ-cp_76,ARTICLE,CONTAIN,
59/2009/nđ-cp,59/2009/nđ-cp_77,ARTICLE,CONTAIN,
59/2009/nđ-cp,59/2009/nđ-cp_78,ARTICLE,CONTAIN,
59/2009/nđ-cp,59/2009/nđ-cp_79,ARTICLE,CONTAIN,
59/2009/nđ-cp,59/2009/nđ-cp_80,ARTICLE,CONTAIN,
59/2009/nđ-cp,59/2009/nđ-cp_81,ARTICLE,CONTAIN,
59/2009/nđ-cp,59/2009/nđ-cp_82,ARTICLE,CONTAIN,
59/2009/nđ-cp,59/2009/nđ-cp_83,ARTICLE,CONTAIN,
59/2009/nđ-cp,59/2009/nđ-cp_84,ARTICLE,CONTAIN,
59/2009/nđ-cp,59/2009/nđ-cp_85,ARTICLE,CONTAIN,
59/2009/nđ-cp,59/2009/nđ-cp_86,ARTICLE,CONTAIN,
59/2009/nđ-cp,59/2009/nđ-cp_87,ARTICLE,CONTAIN,
59/2009/nđ-cp,59/2009/nđ-cp_88,ARTICLE,CONTAIN,
59/2009/nđ-cp,59/2009/nđ-cp_89,ARTICLE,CONTAIN,
59/2009/nđ-cp,59/2009/nđ-cp_90,ARTICLE,CONTAIN,
59/2009/nđ-cp,59/2009/nđ-cp_91,ARTICLE,CONTAIN,
59/2009/nđ-cp_91,59/2009/nđ-cp_88,ARTICLE,GUIDE,
59/2009/nđ-cp,59/2009/nđ-cp_92,ARTICLE,CONTAIN,
59/2009/nđ-cp_92,32/2024/qh15_94,ARTICLE,GUIDE,
59/2009/nđ-cp,59/2009/nđ-cp_93,ARTICLE,CONTAIN,
59/2009/nđ-cp,59/2009/nđ-cp_94,ARTICLE,CONTAIN,
59/2009/nđ-cp,59/2009/nđ-cp_95,ARTICLE,CONTAIN,
59/2009/nđ-cp,59/2009/nđ-cp_96,ARTICLE,CONTAIN,
59/2009/nđ-cp_96,32/2024/qh15_29,ARTICLE,GUIDE,
59/2009/nđ-cp_96,32/2024/qh15_28,ARTICLE,GUIDE,
59/2009/nđ-cp,59/2009/nđ-cp_97,ARTICLE,CONTAIN,
59/2009/nđ-cp_97,59/2009/nđ-cp_95,ARTICLE,GUIDE,
59/2009/nđ-cp,59/2009/nđ-cp_98,ARTICLE,CONTAIN,
59/2009/nđ-cp_98,59/2009/NĐ-CP_16,ARTICLE,GUIDE,
59/2009/nđ-cp_98,59/2009/NĐ-CP_21,ARTICLE,GUIDE,
59/2009/nđ-cp_98,59/2009/NĐ-CP_34,ARTICLE,GUIDE,
59/2009/nđ-cp,59/2009/nđ-cp_99,ARTICLE,CONTAIN,
59/2009/nđ-cp,59/2009/nđ-cp_100,ARTICLE,CONTAIN,
14/2009/tt-nhnn,14/2009/tt-nhnn_1,ARTICLE,CONTAIN,
14/2009/tt-nhnn,14/2009/tt-nhnn_2,ARTICLE,CONTAIN,
14/2009/tt-nhnn,14/2009/tt-nhnn_3,ARTICLE,CONTAIN,
14/2009/tt-nhnn,14/2009/tt-nhnn_4,ARTICLE,CONTAIN,
14/2009/tt-nhnn,14/2009/tt-nhnn_5,ARTICLE,CONTAIN,
06/2009/tt-nhnn,06/2009/tt-nhnn_1,ARTICLE,CONTAIN,
06/2009/tt-nhnn,06/2009/tt-nhnn_2,ARTICLE,CONTAIN,
06/2009/tt-nhnn_2,06/2009/tt-nhnn_1,ARTICLE,GUIDE,
06/2009/tt-nhnn,06/2009/tt-nhnn_3,ARTICLE,CONTAIN,
06/2009/tt-nhnn_3,06/2009/tt-nhnn_2,ARTICLE,GUIDE,
06/2009/tt-nhnn,06/2009/tt-nhnn_4,ARTICLE,CONTAIN,
06/2009/tt-nhnn,06/2009/tt-nhnn_5,ARTICLE,CONTAIN,
06/2009/tt-nhnn,06/2009/tt-nhnn_6,ARTICLE,CONTAIN,
06/2009/tt-nhnn,06/2009/tt-nhnn_7,ARTICLE,CONTAIN,
05/2009/tt-nhnn,05/2009/tt-nhnn_1,ARTICLE,CONTAIN,
05/2009/tt-nhnn,05/2009/tt-nhnn_2,ARTICLE,CONTAIN,
05/2009/tt-nhnn_2,131/QĐ-TTg_2,ARTICLE,GUIDE,
05/2009/tt-nhnn_2,333/QĐ-TTg_1,ARTICLE,GUIDE,
05/2009/tt-nhnn_2,127/2005/QĐ-NHNN_1,ARTICLE,GUIDE,
05/2009/tt-nhnn_2,151/2006/NĐ-CP_1,ARTICLE,GUIDE,
05/2009/tt-nhnn_2,151/2006/NĐ-CP_6,ARTICLE,GUIDE,
05/2009/tt-nhnn,05/2009/tt-nhnn_3,ARTICLE,CONTAIN,
05/2009/tt-nhnn,05/2009/tt-nhnn_4,ARTICLE,CONTAIN,
05/2009/tt-nhnn,05/2009/tt-nhnn_5,ARTICLE,CONTAIN,
05/2009/tt-nhnn,05/2009/tt-nhnn_6,ARTICLE,CONTAIN,
09/2009/tt-nhnn,09/2009/tt-nhnn_1,ARTICLE,CONTAIN,
09/2009/tt-nhnn,09/2009/tt-nhnn_2,ARTICLE,CONTAIN,
09/2009/tt-nhnn_2,131/QĐ-TTg_2,ARTICLE,GUIDE,
09/2009/tt-nhnn_2,333/QĐ-TTg_1,ARTICLE,GUIDE,
09/2009/tt-nhnn,09/2009/tt-nhnn_3,ARTICLE,CONTAIN,
09/2009/tt-nhnn,09/2009/tt-nhnn_4,ARTICLE,CONTAIN,
09/2009/tt-nhnn,09/2009/tt-nhnn_5,ARTICLE,CONTAIN,
09/2009/tt-nhnn,09/2009/tt-nhnn_6,ARTICLE,CONTAIN,
09/2009/tt-nhnn,09/2009/tt-nhnn_7,ARTICLE,CONTAIN,
04/2009/tt-nhnn,04/2009/tt-nhnn_1,ARTICLE,CONTAIN,
04/2009/tt-nhnn_1,02/2009/TT-NHNN_1,ARTICLE,AMEND,
04/2009/tt-nhnn,04/2009/tt-nhnn_2,ARTICLE,CONTAIN,
04/2009/tt-nhnn,04/2009/tt-nhnn_3,ARTICLE,CONTAIN,
02/2009/tt-nhnn,02/2009/tt-nhnn_1,ARTICLE,CONTAIN,
02/2009/tt-nhnn_1,127/2005/QĐ-NHNN_1,ARTICLE,GUIDE,
02/2009/tt-nhnn,02/2009/tt-nhnn_2,ARTICLE,CONTAIN,
02/2009/tt-nhnn,02/2009/tt-nhnn_3,ARTICLE,CONTAIN,
02/2009/tt-nhnn_3,1627/2001/QĐ-NHNN_15,ARTICLE,GUIDE,
02/2009/tt-nhnn_3,32/2024/qh15_55,ARTICLE,GUIDE,
02/2009/tt-nhnn,02/2009/tt-nhnn_4,ARTICLE,CONTAIN,
02/2009/tt-nhnn,02/2009/tt-nhnn_5,ARTICLE,CONTAIN,
176/2007/qđ-ttg,176/2007/qđ-ttg_1,ARTICLE,CONTAIN,
176/2007/qđ-ttg,176/2007/qđ-ttg_2,ARTICLE,CONTAIN,
176/2007/qđ-ttg,176/2007/qđ-ttg_3,ARTICLE,CONTAIN,
176/2007/qđ-ttg_3,175/2007/QĐ-TTg_2,ARTICLE,GUIDE,
176/2007/qđ-ttg_3,176/2007/qđ-ttg_1,ARTICLE,GUIDE,
176/2007/qđ-ttg,176/2007/qđ-ttg_4,ARTICLE,CONTAIN,
176/2007/qđ-ttg,176/2007/qđ-ttg_5,ARTICLE,CONTAIN,
176/2007/qđ-ttg,176/2007/qđ-ttg_6,ARTICLE,CONTAIN,
176/2007/qđ-ttg,176/2007/qđ-ttg_7,ARTICLE,CONTAIN,
176/2007/qđ-ttg,176/2007/qđ-ttg_8,ARTICLE,CONTAIN,
176/2007/qđ-ttg,176/2007/qđ-ttg_9,ARTICLE,CONTAIN,
176/2007/qđ-ttg,176/2007/qđ-ttg_10,ARTICLE,CONTAIN,
176/2007/qđ-ttg,176/2007/qđ-ttg_11,ARTICLE,CONTAIN,
176/2007/qđ-ttg,176/2007/qđ-ttg_12,ARTICLE,CONTAIN,
176/2007/qđ-ttg,176/2007/qđ-ttg_1,ARTICLE,CONTAIN,
176/2007/qđ-ttg,176/2007/qđ-ttg_2,ARTICLE,CONTAIN,
176/2007/qđ-ttg,176/2007/qđ-ttg_3,ARTICLE,CONTAIN,
176/2007/qđ-ttg_3,175/2007/QĐ-TTg_2,ARTICLE,GUIDE,
176/2007/qđ-ttg_3,176/2007/qđ-ttg_1,ARTICLE,GUIDE,
176/2007/qđ-ttg,176/2007/qđ-ttg_4,ARTICLE,CONTAIN,
176/2007/qđ-ttg,176/2007/qđ-ttg_5,ARTICLE,CONTAIN,
176/2007/qđ-ttg,176/2007/qđ-ttg_6,ARTICLE,CONTAIN,
176/2007/qđ-ttg,176/2007/qđ-ttg_7,ARTICLE,CONTAIN,
176/2007/qđ-ttg,176/2007/qđ-ttg_8,ARTICLE,CONTAIN,
176/2007/qđ-ttg,176/2007/qđ-ttg_9,ARTICLE,CONTAIN,
176/2007/qđ-ttg,176/2007/qđ-ttg_10,ARTICLE,CONTAIN,
176/2007/qđ-ttg,176/2007/qđ-ttg_11,ARTICLE,CONTAIN,
176/2007/qđ-ttg,176/2007/qđ-ttg_12,ARTICLE,CONTAIN,
06/2007/tt-nhnn,06/2007/tt-nhnn_1,ARTICLE,CONTAIN,
06/2007/tt-nhnn,06/2007/tt-nhnn_2,ARTICLE,CONTAIN,
06/2007/tt-nhnn,06/2007/tt-nhnn_3,ARTICLE,CONTAIN,
06/2007/tt-nhnn,06/2007/tt-nhnn_4,ARTICLE,CONTAIN,
06/2007/tt-nhnn,06/2007/tt-nhnn_5,ARTICLE,CONTAIN,
06/2007/tt-nhnn,06/2007/tt-nhnn_6,ARTICLE,CONTAIN,
06/2007/tt-nhnn,06/2007/tt-nhnn_7,ARTICLE,CONTAIN,
06/2007/tt-nhnn,06/2007/tt-nhnn_8,ARTICLE,CONTAIN,
06/2007/tt-nhnn,06/2007/tt-nhnn_9,ARTICLE,CONTAIN,
06/2007/tt-nhnn,06/2007/tt-nhnn_10,ARTICLE,CONTAIN,
06/2007/tt-nhnn,06/2007/tt-nhnn_11,ARTICLE,CONTAIN,
06/2007/tt-nhnn,06/2007/tt-nhnn_12,ARTICLE,CONTAIN,
06/2007/tt-nhnn,06/2007/tt-nhnn_13,ARTICLE,CONTAIN,
165/2007/nđ-cp,165/2007/nđ-cp_1,ARTICLE,CONTAIN,
165/2007/nđ-cp_1,28/2005/NĐ-CP_2,ARTICLE,AMEND,
165/2007/nđ-cp_1,28/2005/NĐ-CP_3,ARTICLE,AMEND,
165/2007/nđ-cp_1,28/2005/NĐ-CP_5,ARTICLE,AMEND,
165/2007/nđ-cp_1,28/2005/NĐ-CP_6,ARTICLE,AMEND,
165/2007/nđ-cp_1,28/2005/NĐ-CP_8,ARTICLE,AMEND,
165/2007/nđ-cp_1,28/2005/NĐ-CP_9,ARTICLE,AMEND,
165/2007/nđ-cp_1,28/2005/NĐ-CP_12,ARTICLE,AMEND,
165/2007/nđ-cp_1,28/2005/NĐ-CP_16,ARTICLE,AMEND,
165/2007/nđ-cp_1,28/2005/NĐ-CP_22,ARTICLE,AMEND,
165/2007/nđ-cp_1,28/2005/NĐ-CP_27,ARTICLE,AMEND,
165/2007/nđ-cp_1,28/2005/NĐ-CP_30,ARTICLE,AMEND,
165/2007/nđ-cp_1,28/2005/NĐ-CP_37,ARTICLE,AMEND,
165/2007/nđ-cp_1,28/2005/NĐ-CP_13,ARTICLE,REPEAL,
165/2007/nđ-cp_1,28/2005/NĐ-CP_15,ARTICLE,REPEAL,
165/2007/nđ-cp_1,28/2005/NĐ-CP_20,ARTICLE,REPEAL,
165/2007/nđ-cp_1,28/2005/NĐ-CP_36,ARTICLE,REPEAL,
165/2007/nđ-cp,165/2007/nđ-cp_2,ARTICLE,CONTAIN,
165/2007/nđ-cp,165/2007/nđ-cp_3,ARTICLE,CONTAIN,
165/2007/nđ-cp,165/2007/nđ-cp_4,ARTICLE,CONTAIN,
17/2007/qđ-nhnn,17/2007/qđ-nhnn_3,ARTICLE,CONTAIN,
17/2007/qđ-nhnn,17/2007/qđ-nhnn_4,ARTICLE,CONTAIN,
17/2007/qđ-nhnn,17/2007/qđ-nhnn_5,ARTICLE,CONTAIN,
17/2007/qđ-nhnn,17/2007/qđ-nhnn_6,ARTICLE,CONTAIN,
17/2007/qđ-nhnn_6,17/2007/qđ-nhnn_4,ARTICLE,GUIDE,
17/2007/qđ-nhnn_6,17/2007/qđ-nhnn_7,ARTICLE,GUIDE,
17/2007/qđ-nhnn,17/2007/qđ-nhnn_7,ARTICLE,CONTAIN,
17/2007/qđ-nhnn_7,17/2007/qđ-nhnn_4,ARTICLE,GUIDE,
17/2007/qđ-nhnn,17/2007/qđ-nhnn_8,ARTICLE,CONTAIN,
17/2007/qđ-nhnn,17/2007/qđ-nhnn_9,ARTICLE,CONTAIN,
17/2007/qđ-nhnn,17/2007/qđ-nhnn_10,ARTICLE,CONTAIN,
17/2007/qđ-nhnn_10,17/2007/qđ-nhnn_3,ARTICLE,GUIDE,
17/2007/qđ-nhnn_10,17/2007/qđ-nhnn_9,ARTICLE,GUIDE,
17/2007/qđ-nhnn,17/2007/qđ-nhnn_11,ARTICLE,CONTAIN,
17/2007/qđ-nhnn,17/2007/qđ-nhnn_12,ARTICLE,CONTAIN,
17/2007/qđ-nhnn,17/2007/qđ-nhnn_13,ARTICLE,CONTAIN,
17/2007/qđ-nhnn,17/2007/qđ-nhnn_14,ARTICLE,CONTAIN,
13/2007/qđ-nhnn,13/2007/qđ-nhnn_1,ARTICLE,CONTAIN,
13/2007/qđ-nhnn_1,1128/2004/QĐ-NHNN_3,ARTICLE,AMEND,
13/2007/qđ-nhnn,13/2007/qđ-nhnn_2,ARTICLE,CONTAIN,
13/2007/qđ-nhnn,13/2007/qđ-nhnn_3,ARTICLE,CONTAIN,
16/2007/qđ-nhnn,16/2007/qđ-nhnn_1,ARTICLE,CONTAIN,
16/2007/qđ-nhnn,16/2007/qđ-nhnn_2,ARTICLE,CONTAIN,
16/2007/qđ-nhnn,16/2007/qđ-nhnn_3,ARTICLE,CONTAIN,
22/2007/qđ-nhnn,22/2007/qđ-nhnn_1,ARTICLE,CONTAIN,
22/2007/qđ-nhnn,22/2007/qđ-nhnn_2,ARTICLE,CONTAIN,
22/2007/qđ-nhnn,22/2007/qđ-nhnn_3,ARTICLE,CONTAIN,
21/2007/qđ-nhnn,21/2007/qđ-nhnn_1,ARTICLE,CONTAIN,
21/2007/qđ-nhnn,21/2007/qđ-nhnn_2,ARTICLE,CONTAIN,
21/2007/qđ-nhnn,21/2007/qđ-nhnn_3,ARTICLE,CONTAIN,
21/2007/qđ-nhnn,21/2007/qđ-nhnn_4,ARTICLE,CONTAIN,
82/2007/nđ-cp,82/2007/nđ-cp_1,ARTICLE,CONTAIN,
82/2007/nđ-cp,82/2007/nđ-cp_2,ARTICLE,CONTAIN,
82/2007/nđ-cp,82/2007/nđ-cp_3,ARTICLE,CONTAIN,
82/2007/nđ-cp_3,82/2007/nđ-cp_2,ARTICLE,GUIDE,
82/2007/nđ-cp,82/2007/nđ-cp_4,ARTICLE,CONTAIN,
82/2007/nđ-cp,82/2007/nđ-cp_5,ARTICLE,CONTAIN,
82/2007/nđ-cp,82/2007/nđ-cp_6,ARTICLE,CONTAIN,
82/2007/nđ-cp,82/2007/nđ-cp_7,ARTICLE,CONTAIN,
82/2007/nđ-cp,82/2007/nđ-cp_8,ARTICLE,CONTAIN,
82/2007/nđ-cp_8,82/2007/nđ-cp_4,ARTICLE,GUIDE,
82/2007/nđ-cp,82/2007/nđ-cp_9,ARTICLE,CONTAIN,
82/2007/nđ-cp,82/2007/nđ-cp_10,ARTICLE,CONTAIN,
61/2006/qđ-nhnn,61/2006/qđ-nhnn_1,ARTICLE,CONTAIN,
61/2006/qđ-nhnn,61/2006/qđ-nhnn_2,ARTICLE,CONTAIN,
61/2006/qđ-nhnn,61/2006/qđ-nhnn_3,ARTICLE,CONTAIN,
61/2006/qđ-nhnn,61/2006/qđ-nhnn_4,ARTICLE,CONTAIN,
61/2006/qđ-nhnn,61/2006/qđ-nhnn_5,ARTICLE,CONTAIN,
61/2006/qđ-nhnn,61/2006/qđ-nhnn_6,ARTICLE,CONTAIN,
61/2006/qđ-nhnn_6,61/2006/qđ-nhnn_5,ARTICLE,GUIDE,
61/2006/qđ-nhnn,61/2006/qđ-nhnn_7,ARTICLE,CONTAIN,
61/2006/qđ-nhnn,61/2006/qđ-nhnn_8,ARTICLE,CONTAIN,
61/2006/qđ-nhnn,61/2006/qđ-nhnn_9,ARTICLE,CONTAIN,
61/2006/qđ-nhnn_9,61/2006/qđ-nhnn_11,ARTICLE,GUIDE,
61/2006/qđ-nhnn,61/2006/qđ-nhnn_10,ARTICLE,CONTAIN,
61/2006/qđ-nhnn,61/2006/qđ-nhnn_11,ARTICLE,CONTAIN,
61/2006/qđ-nhnn,61/2006/qđ-nhnn_12,ARTICLE,CONTAIN,
35/2007/nđ-cp,35/2007/nđ-cp_1,ARTICLE,CONTAIN,
35/2007/nđ-cp,35/2007/nđ-cp_2,ARTICLE,CONTAIN,
35/2007/nđ-cp,35/2007/nđ-cp_3,ARTICLE,CONTAIN,
35/2007/nđ-cp,35/2007/nđ-cp_4,ARTICLE,CONTAIN,
35/2007/nđ-cp,35/2007/nđ-cp_5,ARTICLE,CONTAIN,
35/2007/nđ-cp,35/2007/nđ-cp_6,ARTICLE,CONTAIN,
35/2007/nđ-cp,35/2007/nđ-cp_7,ARTICLE,CONTAIN,
35/2007/nđ-cp,35/2007/nđ-cp_8,ARTICLE,CONTAIN,
35/2007/nđ-cp_8,01/2003/QH11_17,ARTICLE,GUIDE,
35/2007/nđ-cp,35/2007/nđ-cp_9,ARTICLE,CONTAIN,
35/2007/nđ-cp,35/2007/nđ-cp_10,ARTICLE,CONTAIN,
35/2007/nđ-cp_10,35/2007/nđ-cp_8,ARTICLE,GUIDE,
35/2007/nđ-cp,35/2007/nđ-cp_11,ARTICLE,CONTAIN,
35/2007/nđ-cp,35/2007/nđ-cp_12,ARTICLE,CONTAIN,
35/2007/nđ-cp,35/2007/nđ-cp_13,ARTICLE,CONTAIN,
35/2007/nđ-cp,35/2007/nđ-cp_14,ARTICLE,CONTAIN,
35/2007/nđ-cp_14,35/2007/nđ-cp_12,ARTICLE,GUIDE,
35/2007/nđ-cp,35/2007/nđ-cp_15,ARTICLE,CONTAIN,
35/2007/nđ-cp,35/2007/nđ-cp_16,ARTICLE,CONTAIN,
35/2007/nđ-cp_16,35/2007/nđ-cp_12,ARTICLE,GUIDE,
35/2007/nđ-cp,35/2007/nđ-cp_17,ARTICLE,CONTAIN,
35/2007/nđ-cp,35/2007/nđ-cp_18,ARTICLE,CONTAIN,
35/2007/nđ-cp,35/2007/nđ-cp_19,ARTICLE,CONTAIN,
35/2007/nđ-cp,35/2007/nđ-cp_20,ARTICLE,CONTAIN,
35/2007/nđ-cp,35/2007/nđ-cp_21,ARTICLE,CONTAIN,
35/2007/nđ-cp,35/2007/nđ-cp_22,ARTICLE,CONTAIN,
35/2007/nđ-cp,35/2007/nđ-cp_23,ARTICLE,CONTAIN,
35/2007/nđ-cp,35/2007/nđ-cp_24,ARTICLE,CONTAIN,
35/2007/nđ-cp,35/2007/nđ-cp_25,ARTICLE,CONTAIN,
35/2007/nđ-cp,35/2007/nđ-cp_26,ARTICLE,CONTAIN,
35/2007/nđ-cp,35/2007/nđ-cp_27,ARTICLE,CONTAIN,
35/2007/nđ-cp,35/2007/nđ-cp_28,ARTICLE,CONTAIN,
35/2007/nđ-cp,35/2007/nđ-cp_29,ARTICLE,CONTAIN,
35/2007/nđ-cp,35/2007/nđ-cp_30,ARTICLE,CONTAIN,
54/2006/qđ-nhnn,54/2006/qđ-nhnn_1,ARTICLE,CONTAIN,
54/2006/qđ-nhnn_1,1049/2004/QĐ-NHNN_5,ARTICLE,AMEND,
54/2006/qđ-nhnn,54/2006/qđ-nhnn_2,ARTICLE,CONTAIN,
54/2006/qđ-nhnn,54/2006/qđ-nhnn_3,ARTICLE,CONTAIN,
52/2006/qđ-nhnn,52/2006/qđ-nhnn_1,ARTICLE,CONTAIN,
52/2006/qđ-nhnn,52/2006/qđ-nhnn_2,ARTICLE,CONTAIN,
52/2006/qđ-nhnn,52/2006/qđ-nhnn_3,ARTICLE,CONTAIN,
53/2006/qđ-nhnn,53/2006/qđ-nhnn_1,ARTICLE,CONTAIN,
53/2006/qđ-nhnn,53/2006/qđ-nhnn_2,ARTICLE,CONTAIN,
53/2006/qđ-nhnn,53/2006/qđ-nhnn_3,ARTICLE,CONTAIN,
508/2004/qđ-nhnn,508/2004/qđ-nhnn_1,ARTICLE,CONTAIN,
508/2004/qđ-nhnn,508/2004/qđ-nhnn_2,ARTICLE,CONTAIN,
508/2004/qđ-nhnn,508/2004/qđ-nhnn_3,ARTICLE,CONTAIN,
508/2004/qđ-nhnn,508/2004/qđ-nhnn_4,ARTICLE,CONTAIN,
508/2004/qđ-nhnn,508/2004/qđ-nhnn_5,ARTICLE,CONTAIN,
508/2004/qđ-nhnn,508/2004/qđ-nhnn_6,ARTICLE,CONTAIN,
508/2004/qđ-nhnn_6,508/2004/qđ-nhnn_4,ARTICLE,GUIDE,
508/2004/qđ-nhnn,508/2004/qđ-nhnn_7,ARTICLE,CONTAIN,
508/2004/qđ-nhnn,508/2004/qđ-nhnn_8,ARTICLE,CONTAIN,
46/2006/qđ-nhnn,46/2006/qđ-nhnn_1,ARTICLE,CONTAIN,
46/2006/qđ-nhnn_1,508/2004/QĐ-NHNN_5,ARTICLE,AMEND,
46/2006/qđ-nhnn,46/2006/qđ-nhnn_2,ARTICLE,CONTAIN,
46/2006/qđ-nhnn,46/2006/qđ-nhnn_3,ARTICLE,CONTAIN,
44/2006/qđ-nhnn,44/2006/qđ-nhnn_1,ARTICLE,CONTAIN,
44/2006/qđ-nhnn,44/2006/qđ-nhnn_2,ARTICLE,CONTAIN,
44/2006/qđ-nhnn,44/2006/qđ-nhnn_3,ARTICLE,CONTAIN,
44/2006/qđ-nhnn_3,10/2008/qh12_6,ARTICLE,GUIDE,
44/2006/qđ-nhnn,44/2006/qđ-nhnn_4,ARTICLE,CONTAIN,
44/2006/qđ-nhnn,44/2006/qđ-nhnn_5,ARTICLE,CONTAIN,
44/2006/qđ-nhnn_5,15/2005/QH11_21,ARTICLE,GUIDE,
44/2006/qđ-nhnn,44/2006/qđ-nhnn_6,ARTICLE,CONTAIN,
44/2006/qđ-nhnn_6,44/2006/qđ-nhnn_5,ARTICLE,GUIDE,
44/2006/qđ-nhnn,44/2006/qđ-nhnn_7,ARTICLE,CONTAIN,
44/2006/qđ-nhnn,44/2006/qđ-nhnn_8,ARTICLE,CONTAIN,
44/2006/qđ-nhnn_8,44/2006/qđ-nhnn_9,ARTICLE,GUIDE,
44/2006/qđ-nhnn,44/2006/qđ-nhnn_9,ARTICLE,CONTAIN,
44/2006/qđ-nhnn,44/2006/qđ-nhnn_10,ARTICLE,CONTAIN,
44/2006/qđ-nhnn,44/2006/qđ-nhnn_11,ARTICLE,CONTAIN,
44/2006/qđ-nhnn_11,44/2006/qđ-nhnn_5,ARTICLE,GUIDE,
44/2006/qđ-nhnn,44/2006/qđ-nhnn_12,ARTICLE,CONTAIN,
44/2006/qđ-nhnn_12,44/2006/qđ-nhnn_5,ARTICLE,GUIDE,
44/2006/qđ-nhnn,44/2006/qđ-nhnn_13,ARTICLE,CONTAIN,
44/2006/qđ-nhnn,44/2006/qđ-nhnn_14,ARTICLE,CONTAIN,
48/2006/qđ-nhnn,48/2006/qđ-nhnn_1,ARTICLE,CONTAIN,
48/2006/qđ-nhnn,48/2006/qđ-nhnn_2,ARTICLE,CONTAIN,
48/2006/qđ-nhnn,48/2006/qđ-nhnn_3,ARTICLE,CONTAIN,
06/2006/tt-nhnn,06/2006/tt-nhnn_1,ARTICLE,CONTAIN,
06/2006/tt-nhnn,06/2006/tt-nhnn_2,ARTICLE,CONTAIN,
06/2006/tt-nhnn,06/2006/tt-nhnn_3,ARTICLE,CONTAIN,
06/2006/tt-nhnn,06/2006/tt-nhnn_4,ARTICLE,CONTAIN,
06/2006/tt-nhnn_4,226/2002/QĐ-NHNN_2,ARTICLE,GUIDE,
06/2006/tt-nhnn,06/2006/tt-nhnn_5,ARTICLE,CONTAIN,
06/2006/tt-nhnn,06/2006/tt-nhnn_6,ARTICLE,CONTAIN,
06/2006/tt-nhnn,06/2006/tt-nhnn_7,ARTICLE,CONTAIN,
06/2006/tt-nhnn,06/2006/tt-nhnn_8,ARTICLE,CONTAIN,
06/2006/tt-nhnn_8,05/1999/tt-nhnn_5,ARTICLE,REPLACE,
43/2006/qđ-nhnn,43/2006/qđ-nhnn_1,ARTICLE,CONTAIN,
43/2006/qđ-nhnn,43/2006/qđ-nhnn_2,ARTICLE,CONTAIN,
43/2006/qđ-nhnn,43/2006/qđ-nhnn_3,ARTICLE,CONTAIN,
35/2006/qđ-nhnn,35/2006/qđ-nhnn_1,ARTICLE,CONTAIN,
35/2006/qđ-nhnn,35/2006/qđ-nhnn_2,ARTICLE,CONTAIN,
35/2006/qđ-nhnn,35/2006/qđ-nhnn_3,ARTICLE,CONTAIN,
35/2006/qđ-nhnn,35/2006/qđ-nhnn_4,ARTICLE,CONTAIN,
35/2006/qđ-nhnn,35/2006/qđ-nhnn_5,ARTICLE,CONTAIN,
35/2006/qđ-nhnn,35/2006/qđ-nhnn_11,ARTICLE,CONTAIN,
35/2006/qđ-nhnn,35/2006/qđ-nhnn_12,ARTICLE,CONTAIN,
35/2006/qđ-nhnn,35/2006/qđ-nhnn_13,ARTICLE,CONTAIN,
35/2006/qđ-nhnn,35/2006/qđ-nhnn_14,ARTICLE,CONTAIN,
35/2006/qđ-nhnn,35/2006/qđ-nhnn_15,ARTICLE,CONTAIN,
35/2006/qđ-nhnn,35/2006/qđ-nhnn_16,ARTICLE,CONTAIN,
35/2006/qđ-nhnn,35/2006/qđ-nhnn_17,ARTICLE,CONTAIN,
35/2006/qđ-nhnn,35/2006/qđ-nhnn_18,ARTICLE,CONTAIN,
35/2006/qđ-nhnn,35/2006/qđ-nhnn_19,ARTICLE,CONTAIN,
272/2005/qđ-nhnn,272/2005/qđ-nhnn_1,ARTICLE,CONTAIN,
272/2005/qđ-nhnn_1,91/2015/QH13_94,ARTICLE,GUIDE,
272/2005/qđ-nhnn,272/2005/qđ-nhnn_2,ARTICLE,CONTAIN,
272/2005/qđ-nhnn,272/2005/qđ-nhnn_3,ARTICLE,CONTAIN,
01/2005/tt-nhnn,01/2005/tt-nhnn_1,ARTICLE,CONTAIN,
01/2005/tt-nhnn_1,202/2004/NĐ-CP_6,ARTICLE,GUIDE,
01/2005/tt-nhnn,01/2005/tt-nhnn_2,ARTICLE,CONTAIN,
01/2005/tt-nhnn_2,202/2004/NĐ-CP_37,ARTICLE,GUIDE,
01/2005/tt-nhnn_2,202/2004/NĐ-CP_41,ARTICLE,GUIDE,
01/2005/tt-nhnn,01/2005/tt-nhnn_3,ARTICLE,CONTAIN,
01/2005/tt-nhnn_3,202/2004/NĐ-CP_6,ARTICLE,GUIDE,
01/2005/tt-nhnn_3,202/2004/NĐ-CP_7,ARTICLE,GUIDE,
01/2005/tt-nhnn,01/2005/tt-nhnn_4,ARTICLE,CONTAIN,
01/2005/tt-nhnn,01/2005/tt-nhnn_5,ARTICLE,CONTAIN,
01/2005/tt-nhnn,01/2005/tt-nhnn_6,ARTICLE,CONTAIN,
01/2005/tt-nhnn_6,202/2004/NĐ-CP_23,ARTICLE,GUIDE,
01/2005/tt-nhnn_6,202/2004/NĐ-CP_25,ARTICLE,GUIDE,
01/2005/tt-nhnn_6,202/2004/NĐ-CP_37,ARTICLE,GUIDE,
01/2005/tt-nhnn_6,48/2002/tt-btc_46,ARTICLE,GUIDE,
01/2005/tt-nhnn_6,48/2002/tt-btc_55,ARTICLE,GUIDE,
01/2005/tt-nhnn_6,48/2002/tt-btc_62,ARTICLE,GUIDE,
01/2005/tt-nhnn,01/2005/tt-nhnn_7,ARTICLE,CONTAIN,
01/2005/tt-nhnn_7,202/2004/NĐ-CP_37,ARTICLE,GUIDE,
01/2005/tt-nhnn_7,202/2004/NĐ-CP_50,ARTICLE,GUIDE,
01/2005/tt-nhnn_7,202/2004/NĐ-CP_51,ARTICLE,GUIDE,
01/2005/tt-nhnn_7,202/2004/NĐ-CP_52,ARTICLE,GUIDE,
31/2006/qđ-nhnn,31/2006/qđ-nhnn_1,ARTICLE,CONTAIN,
31/2006/qđ-nhnn,31/2006/qđ-nhnn_2,ARTICLE,CONTAIN,
31/2006/qđ-nhnn,31/2006/qđ-nhnn_3,ARTICLE,CONTAIN,
32/2006/qđ-nhnn,32/2006/qđ-nhnn_1,ARTICLE,CONTAIN,
32/2006/qđ-nhnn,32/2006/qđ-nhnn_2,ARTICLE,CONTAIN,
32/2006/qđ-nhnn,32/2006/qđ-nhnn_3,ARTICLE,CONTAIN,
32/2006/qđ-nhnn_3,32/2006/qđ-nhnn_4,ARTICLE,GUIDE,
32/2006/qđ-nhnn,32/2006/qđ-nhnn_4,ARTICLE,CONTAIN,
32/2006/qđ-nhnn,32/2006/qđ-nhnn_5,ARTICLE,CONTAIN,
32/2006/qđ-nhnn,32/2006/qđ-nhnn_6,ARTICLE,CONTAIN,
32/2006/qđ-nhnn_6,32/2006/qđ-nhnn_4,ARTICLE,GUIDE,
32/2006/qđ-nhnn,32/2006/qđ-nhnn_7,ARTICLE,CONTAIN,
32/2006/qđ-nhnn_7,32/2006/qđ-nhnn_6,ARTICLE,GUIDE,
32/2006/qđ-nhnn,32/2006/qđ-nhnn_8,ARTICLE,CONTAIN,
32/2006/qđ-nhnn,32/2006/qđ-nhnn_9,ARTICLE,CONTAIN,
32/2006/qđ-nhnn_9,32/2006/qđ-nhnn_10,ARTICLE,GUIDE,
32/2006/qđ-nhnn,32/2006/qđ-nhnn_10,ARTICLE,CONTAIN,
32/2006/qđ-nhnn,32/2006/qđ-nhnn_11,ARTICLE,CONTAIN,
32/2006/qđ-nhnn,32/2006/qđ-nhnn_12,ARTICLE,CONTAIN,
32/2006/qđ-nhnn,32/2006/qđ-nhnn_13,ARTICLE,CONTAIN,
28/2006/qđ-nhnn,28/2006/qđ-nhnn_1,ARTICLE,CONTAIN,
28/2006/qđ-nhnn,28/2006/qđ-nhnn_2,ARTICLE,CONTAIN,
28/2006/qđ-nhnn_2,61/2000/QĐ-NHNN_17,ARTICLE,REPEAL,
28/2006/qđ-nhnn_2,61/2000/QĐ-NHNN_19,ARTICLE,REPEAL,
28/2006/qđ-nhnn_2,61/2000/QĐ-NHNN_20,ARTICLE,REPEAL,
28/2006/qđ-nhnn_2,61/2000/QĐ-NHNN_40,ARTICLE,REPEAL,
28/2006/qđ-nhnn,28/2006/qđ-nhnn_3,ARTICLE,CONTAIN,
27/2006/qđ-nhnn,27/2006/qđ-nhnn_1,ARTICLE,CONTAIN,
27/2006/qđ-nhnn,27/2006/qđ-nhnn_2,ARTICLE,CONTAIN,
27/2006/qđ-nhnn,27/2006/qđ-nhnn_3,ARTICLE,CONTAIN,
25/2006/qđ-nhnn,25/2006/qđ-nhnn_1,ARTICLE,CONTAIN,
25/2006/qđ-nhnn,25/2006/qđ-nhnn_2,ARTICLE,CONTAIN,
25/2006/qđ-nhnn,25/2006/qđ-nhnn_3,ARTICLE,CONTAIN,
23/2006/qđ-nhnn,23/2006/qđ-nhnn_1,ARTICLE,CONTAIN,
23/2006/qđ-nhnn,23/2006/qđ-nhnn_2,ARTICLE,CONTAIN,
23/2006/qđ-nhnn,23/2006/qđ-nhnn_3,ARTICLE,CONTAIN,
22/2006/qđ-nhnn,22/2006/qđ-nhnn_1,ARTICLE,CONTAIN,
22/2006/qđ-nhnn,22/2006/qđ-nhnn_2,ARTICLE,CONTAIN,
22/2006/qđ-nhnn,22/2006/qđ-nhnn_3,ARTICLE,CONTAIN,
22/2006/qđ-nhnn,22/2006/qđ-nhnn_4,ARTICLE,CONTAIN,
22/2006/qđ-nhnn,22/2006/qđ-nhnn_5,ARTICLE,CONTAIN,
22/2006/qđ-nhnn,22/2006/qđ-nhnn_6,ARTICLE,CONTAIN,
22/2006/qđ-nhnn,22/2006/qđ-nhnn_7,ARTICLE,CONTAIN,
22/2006/qđ-nhnn,22/2006/qđ-nhnn_8,ARTICLE,CONTAIN,
22/2006/qđ-nhnn,22/2006/qđ-nhnn_9,ARTICLE,CONTAIN,
22/2006/qđ-nhnn,22/2006/qđ-nhnn_10,ARTICLE,CONTAIN,
22/2006/qđ-nhnn,22/2006/qđ-nhnn_11,ARTICLE,CONTAIN,
22/2006/qđ-nhnn,22/2006/qđ-nhnn_12,ARTICLE,CONTAIN,
112/2006/qđ-ttg,112/2006/qđ-ttg_1,ARTICLE,CONTAIN,
112/2006/qđ-ttg,112/2006/qđ-ttg_2,ARTICLE,CONTAIN,
112/2006/qđ-ttg,112/2006/qđ-ttg_3,ARTICLE,CONTAIN,
112/2006/qđ-ttg,112/2006/qđ-ttg_4,ARTICLE,CONTAIN,
02/2006/tt-nhnn,02/2006/tt-nhnn_1,ARTICLE,CONTAIN,
02/2006/tt-nhnn,02/2006/tt-nhnn_2,ARTICLE,CONTAIN,
02/2006/tt-nhnn,02/2006/tt-nhnn_3,ARTICLE,CONTAIN,
02/2006/tt-nhnn_3,19_12,ARTICLE,GUIDE,
07/2006/qđ-nhnn,07/2006/qđ-nhnn_1,ARTICLE,CONTAIN,
07/2006/qđ-nhnn,07/2006/qđ-nhnn_2,ARTICLE,CONTAIN,
07/2006/qđ-nhnn,07/2006/qđ-nhnn_3,ARTICLE,CONTAIN,
22/2006/nđ-cp,22/2006/nđ-cp_1,ARTICLE,CONTAIN,
22/2006/nđ-cp,22/2006/nđ-cp_2,ARTICLE,CONTAIN,
22/2006/nđ-cp,22/2006/nđ-cp_3,ARTICLE,CONTAIN,
22/2006/nđ-cp,22/2006/nđ-cp_4,ARTICLE,CONTAIN,
22/2006/nđ-cp,22/2006/nđ-cp_5,ARTICLE,CONTAIN,
22/2006/nđ-cp,22/2006/nđ-cp_6,ARTICLE,CONTAIN,
22/2006/nđ-cp,22/2006/nđ-cp_7,ARTICLE,CONTAIN,
22/2006/nđ-cp,22/2006/nđ-cp_8,ARTICLE,CONTAIN,
22/2006/nđ-cp_8,32/2024/qh15_106,ARTICLE,GUIDE,
22/2006/nđ-cp_8,32/2024/qh15_22,ARTICLE,GUIDE,
22/2006/nđ-cp,22/2006/nđ-cp_9,ARTICLE,CONTAIN,
22/2006/nđ-cp_9,32/2024/qh15_108,ARTICLE,GUIDE,
22/2006/nđ-cp_9,22/2006/nđ-cp_8,ARTICLE,GUIDE,
22/2006/nđ-cp,22/2006/nđ-cp_10,ARTICLE,CONTAIN,
22/2006/nđ-cp,22/2006/nđ-cp_11,ARTICLE,CONTAIN,
22/2006/nđ-cp,22/2006/nđ-cp_12,ARTICLE,CONTAIN,
22/2006/nđ-cp,22/2006/nđ-cp_13,ARTICLE,CONTAIN,
22/2006/nđ-cp,22/2006/nđ-cp_14,ARTICLE,CONTAIN,
22/2006/nđ-cp,22/2006/nđ-cp_15,ARTICLE,CONTAIN,
22/2006/nđ-cp_15,32/2024/qh15_28,ARTICLE,GUIDE,
22/2006/nđ-cp,22/2006/nđ-cp_16,ARTICLE,CONTAIN,
22/2006/nđ-cp,22/2006/nđ-cp_17,ARTICLE,CONTAIN,
22/2006/nđ-cp_17,32/2024/qh15_30,ARTICLE,GUIDE,
22/2006/nđ-cp,22/2006/nđ-cp_18,ARTICLE,CONTAIN,
22/2006/nđ-cp,22/2006/nđ-cp_19,ARTICLE,CONTAIN,
22/2006/nđ-cp_19,32/2024/qh15_36,ARTICLE,REPEAL,
22/2006/nđ-cp_19,32/2024/qh15_37,ARTICLE,REPEAL,
22/2006/nđ-cp_19,32/2024/qh15_38,ARTICLE,REPEAL,
22/2006/nđ-cp_19,32/2024/qh15_40,ARTICLE,REPEAL,
22/2006/nđ-cp,22/2006/nđ-cp_20,ARTICLE,CONTAIN,
22/2006/nđ-cp,22/2006/nđ-cp_21,ARTICLE,CONTAIN,
22/2006/nđ-cp_21,32/2024/qh15_79,ARTICLE,GUIDE,
22/2006/nđ-cp,22/2006/nđ-cp_22,ARTICLE,CONTAIN,
22/2006/nđ-cp,22/2006/nđ-cp_23,ARTICLE,CONTAIN,
22/2006/nđ-cp_23,32/2024/qh15_112,ARTICLE,GUIDE,
22/2006/nđ-cp,22/2006/nđ-cp_24,ARTICLE,CONTAIN,
22/2006/nđ-cp,22/2006/nđ-cp_25,ARTICLE,CONTAIN,
22/2006/nđ-cp,22/2006/nđ-cp_26,ARTICLE,CONTAIN,
22/2006/nđ-cp,22/2006/nđ-cp_ 27,ARTICLE,CONTAIN,
22/2006/nđ-cp,22/2006/nđ-cp_28,ARTICLE,CONTAIN,
22/2006/nđ-cp,22/2006/nđ-cp_29,ARTICLE,CONTAIN,
22/2006/nđ-cp,22/2006/nđ-cp_30,ARTICLE,CONTAIN,
22/2006/nđ-cp,22/2006/nđ-cp_ 31,ARTICLE,CONTAIN,
22/2006/nđ-cp,22/2006/nđ-cp_32,ARTICLE,CONTAIN,
22/2006/nđ-cp,22/2006/nđ-cp_33,ARTICLE,CONTAIN,
22/2006/nđ-cp,22/2006/nđ-cp_34,ARTICLE,CONTAIN,
22/2006/nđ-cp_34,22/2006/nđ-cp_8,ARTICLE,GUIDE,
22/2006/nđ-cp,22/2006/nđ-cp_ 35,ARTICLE,CONTAIN,
22/2006/nđ-cp,22/2006/nđ-cp_36,ARTICLE,CONTAIN,
22/2006/nđ-cp,22/2006/nđ-cp_37,ARTICLE,CONTAIN,
22/2006/nđ-cp,22/2006/nđ-cp_38,ARTICLE,CONTAIN,
22/2006/nđ-cp_38,32/2024/qh15_39,ARTICLE,GUIDE,
22/2006/nđ-cp,22/2006/nđ-cp_39,ARTICLE,CONTAIN,
22/2006/nđ-cp,22/2006/nđ-cp_40,ARTICLE,CONTAIN,
22/2006/nđ-cp,22/2006/nđ-cp_41,ARTICLE,CONTAIN,
22/2006/nđ-cp,22/2006/nđ-cp_42,ARTICLE,CONTAIN,
22/2006/nđ-cp_42,32/2024/qh15_32,ARTICLE,GUIDE,
22/2006/nđ-cp_42,32/2024/qh15_33,ARTICLE,GUIDE,
22/2006/nđ-cp,22/2006/nđ-cp_43,ARTICLE,CONTAIN,
22/2006/nđ-cp,22/2006/nđ-cp_44,ARTICLE,CONTAIN,
22/2006/nđ-cp,22/2006/nđ-cp_45,ARTICLE,CONTAIN,
22/2006/nđ-cp_45,32/2024/qh15_39,ARTICLE,GUIDE,
22/2006/nđ-cp_45,32/2024/qh15_40,ARTICLE,GUIDE,
22/2006/nđ-cp,22/2006/nđ-cp_46,ARTICLE,CONTAIN,
22/2006/nđ-cp,22/2006/nđ-cp_47,ARTICLE,CONTAIN,
22/2006/nđ-cp,22/2006/nđ-cp_48,ARTICLE,CONTAIN,
22/2006/nđ-cp,22/2006/nđ-cp_49,ARTICLE,CONTAIN,
22/2006/nđ-cp,22/2006/nđ-cp_50,ARTICLE,CONTAIN,
22/2006/nđ-cp,22/2006/nđ-cp_51,ARTICLE,CONTAIN,
22/2006/nđ-cp_51,32/2024/qh15_29,ARTICLE,GUIDE,
22/2006/nđ-cp_51,32/2024/qh15_28,ARTICLE,GUIDE,
22/2006/nđ-cp,22/2006/nđ-cp_ 52,ARTICLE,CONTAIN,
22/2006/nđ-cp_ 52,32/2024/qh15_32,ARTICLE,GUIDE,
22/2006/nđ-cp_ 52,32/2024/qh15_33,ARTICLE,GUIDE,
22/2006/nđ-cp,22/2006/nđ-cp_53,ARTICLE,CONTAIN,
22/2006/nđ-cp,22/2006/nđ-cp_54,ARTICLE,CONTAIN,
22/2006/nđ-cp_54,32/2024/qh15_37,ARTICLE,GUIDE,
22/2006/nđ-cp_54,32/2024/qh15_40,ARTICLE,GUIDE,
22/2006/nđ-cp,22/2006/nđ-cp_55,ARTICLE,CONTAIN,
22/2006/nđ-cp_55,32/2024/qh15_38,ARTICLE,GUIDE,
22/2006/nđ-cp_55,32/2024/qh15_40,ARTICLE,GUIDE,
22/2006/nđ-cp,22/2006/nđ-cp_56,ARTICLE,CONTAIN,
22/2006/nđ-cp,22/2006/nđ-cp_57,ARTICLE,CONTAIN,
22/2006/nđ-cp,22/2006/nđ-cp_58,ARTICLE,CONTAIN,
22/2006/nđ-cp,22/2006/nđ-cp_59,ARTICLE,CONTAIN,
22/2006/nđ-cp,22/2006/nđ-cp_60,ARTICLE,CONTAIN,
22/2006/nđ-cp,22/2006/nđ-cp_61,ARTICLE,CONTAIN,
22/2006/nđ-cp,22/2006/nđ-cp_62,ARTICLE,CONTAIN,
22/2006/nđ-cp,22/2006/nđ-cp_63,ARTICLE,CONTAIN,
22/2006/nđ-cp,22/2006/nđ-cp_64,ARTICLE,CONTAIN,
22/2006/nđ-cp,22/2006/nđ-cp_65,ARTICLE,CONTAIN,
22/2006/nđ-cp,22/2006/nđ-cp_66,ARTICLE,CONTAIN,
22/2006/nđ-cp,22/2006/nđ-cp_67,ARTICLE,CONTAIN,
08/2005/tt-nhnn,08/2005/tt-nhnn_1,ARTICLE,CONTAIN,
08/2005/tt-nhnn_1,32/2024/qh15_31,ARTICLE,GUIDE,
08/2005/tt-nhnn,08/2005/tt-nhnn_2,ARTICLE,CONTAIN,
08/2005/tt-nhnn,08/2005/tt-nhnn_3,ARTICLE,CONTAIN,
08/2005/tt-nhnn,08/2005/tt-nhnn_4,ARTICLE,CONTAIN,
08/2005/tt-nhnn,08/2005/tt-nhnn_5,ARTICLE,CONTAIN,
08/2005/tt-nhnn,08/2005/tt-nhnn_6,ARTICLE,CONTAIN,
08/2005/tt-nhnn,08/2005/tt-nhnn_7,ARTICLE,CONTAIN,
08/2005/tt-nhnn,08/2005/tt-nhnn_8,ARTICLE,CONTAIN,
08/2005/tt-nhnn,08/2005/tt-nhnn_9,ARTICLE,CONTAIN,
08/2005/tt-nhnn,08/2005/tt-nhnn_10,ARTICLE,CONTAIN,
08/2005/tt-nhnn,08/2005/tt-nhnn_11,ARTICLE,CONTAIN,
08/2005/tt-nhnn_11,69/2005/NĐ-CP_1,ARTICLE,GUIDE,
06/2006/qđ-nhnn,06/2006/qđ-nhnn_1,ARTICLE,CONTAIN,
06/2006/qđ-nhnn,06/2006/qđ-nhnn_2,ARTICLE,CONTAIN,
06/2006/qđ-nhnn,06/2006/qđ-nhnn_3,ARTICLE,CONTAIN,
1913/2005/qđ-nhnn,1913/2005/qđ-nhnn_1,ARTICLE,CONTAIN,
1913/2005/qđ-nhnn,1913/2005/qđ-nhnn_2,ARTICLE,CONTAIN,
1913/2005/qđ-nhnn,1913/2005/qđ-nhnn_3,ARTICLE,CONTAIN,
1913/2005/qđ-nhnn_3,1913/2005/qđ-nhnn_2,ARTICLE,GUIDE,
1913/2005/qđ-nhnn_3,1913/2005/qđ-nhnn_6,ARTICLE,GUIDE,
1913/2005/qđ-nhnn,1913/2005/qđ-nhnn_4,ARTICLE,CONTAIN,
1913/2005/qđ-nhnn_4,1913/2005/qđ-nhnn_16,ARTICLE,GUIDE,
1913/2005/qđ-nhnn,1913/2005/qđ-nhnn_5,ARTICLE,CONTAIN,
1913/2005/qđ-nhnn,1913/2005/qđ-nhnn_6,ARTICLE,CONTAIN,
1913/2005/qđ-nhnn,1913/2005/qđ-nhnn_7,ARTICLE,CONTAIN,
1913/2005/qđ-nhnn,1913/2005/qđ-nhnn_8,ARTICLE,CONTAIN,
1913/2005/qđ-nhnn,1913/2005/qđ-nhnn_9,ARTICLE,CONTAIN,
1913/2005/qđ-nhnn,1913/2005/qđ-nhnn_10,ARTICLE,CONTAIN,
1913/2005/qđ-nhnn,1913/2005/qđ-nhnn_11,ARTICLE,CONTAIN,
1913/2005/qđ-nhnn,1913/2005/qđ-nhnn_12,ARTICLE,CONTAIN,
1913/2005/qđ-nhnn,1913/2005/qđ-nhnn_13,ARTICLE,CONTAIN,
1913/2005/qđ-nhnn,1913/2005/qđ-nhnn_14,ARTICLE,CONTAIN,
1913/2005/qđ-nhnn,1913/2005/qđ-nhnn_15,ARTICLE,CONTAIN,
1913/2005/qđ-nhnn,1913/2005/qđ-nhnn_16,ARTICLE,CONTAIN,
1913/2005/qđ-nhnn_16,1913/2005/qđ-nhnn_14,ARTICLE,GUIDE,
1913/2005/qđ-nhnn_16,1913/2005/qđ-nhnn_15,ARTICLE,GUIDE,
1913/2005/qđ-nhnn,1913/2005/qđ-nhnn_17,ARTICLE,CONTAIN,
1913/2005/qđ-nhnn_17,1913/2005/qđ-nhnn_6,ARTICLE,GUIDE,
1913/2005/qđ-nhnn,1913/2005/qđ-nhnn_18,ARTICLE,CONTAIN,
1913/2005/qđ-nhnn,1913/2005/qđ-nhnn_19,ARTICLE,CONTAIN,
1913/2005/qđ-nhnn,1913/2005/qđ-nhnn_20,ARTICLE,CONTAIN,
1913/2005/qđ-nhnn,1913/2005/qđ-nhnn_21,ARTICLE,CONTAIN,
1913/2005/qđ-nhnn,1913/2005/qđ-nhnn_22,ARTICLE,CONTAIN,
1913/2005/qđ-nhnn,1913/2005/qđ-nhnn_23,ARTICLE,CONTAIN,
09/2005/ttlt/nhnn-btc,09/2005/ttlt/nhnn-btc_1,ARTICLE,CONTAIN,
09/2005/ttlt/nhnn-btc,09/2005/ttlt/nhnn-btc_2,ARTICLE,CONTAIN,
09/2005/ttlt/nhnn-btc,09/2005/ttlt/nhnn-btc_3,ARTICLE,CONTAIN,
09/2005/ttlt/nhnn-btc,09/2005/ttlt/nhnn-btc_4,ARTICLE,CONTAIN,
28/2005/pl-ubtvqh11,28/2005/pl-ubtvqh11_1,ARTICLE,CONTAIN,
28/2005/pl-ubtvqh11,28/2005/pl-ubtvqh11_2,ARTICLE,CONTAIN,
28/2005/pl-ubtvqh11,28/2005/pl-ubtvqh11_3,ARTICLE,CONTAIN,
28/2005/pl-ubtvqh11,28/2005/pl-ubtvqh11_4,ARTICLE,CONTAIN,
28/2005/pl-ubtvqh11,28/2005/pl-ubtvqh11_5,ARTICLE,CONTAIN,
28/2005/pl-ubtvqh11,28/2005/pl-ubtvqh11_6,ARTICLE,CONTAIN,
28/2005/pl-ubtvqh11,28/2005/pl-ubtvqh11_7,ARTICLE,CONTAIN,
28/2005/pl-ubtvqh11,28/2005/pl-ubtvqh11_8,ARTICLE,CONTAIN,
28/2005/pl-ubtvqh11,28/2005/pl-ubtvqh11_9,ARTICLE,CONTAIN,
28/2005/pl-ubtvqh11,28/2005/pl-ubtvqh11_10,ARTICLE,CONTAIN,
28/2005/pl-ubtvqh11,28/2005/pl-ubtvqh11_11,ARTICLE,CONTAIN,
28/2005/pl-ubtvqh11,28/2005/pl-ubtvqh11_12,ARTICLE,CONTAIN,
28/2005/pl-ubtvqh11,28/2005/pl-ubtvqh11_13,ARTICLE,CONTAIN,
28/2005/pl-ubtvqh11,28/2005/pl-ubtvqh11_14,ARTICLE,CONTAIN,
28/2005/pl-ubtvqh11,28/2005/pl-ubtvqh11_15,ARTICLE,CONTAIN,
28/2005/pl-ubtvqh11,28/2005/pl-ubtvqh11_16,ARTICLE,CONTAIN,
28/2005/pl-ubtvqh11,28/2005/pl-ubtvqh11_17,ARTICLE,CONTAIN,
28/2005/pl-ubtvqh11,28/2005/pl-ubtvqh11_18,ARTICLE,CONTAIN,
28/2005/pl-ubtvqh11,28/2005/pl-ubtvqh11_19,ARTICLE,CONTAIN,
28/2005/pl-ubtvqh11,28/2005/pl-ubtvqh11_20,ARTICLE,CONTAIN,
28/2005/pl-ubtvqh11,28/2005/pl-ubtvqh11_21,ARTICLE,CONTAIN,
28/2005/pl-ubtvqh11,28/2005/pl-ubtvqh11_22,ARTICLE,CONTAIN,
28/2005/pl-ubtvqh11,28/2005/pl-ubtvqh11_23,ARTICLE,CONTAIN,
28/2005/pl-ubtvqh11,28/2005/pl-ubtvqh11_24,ARTICLE,CONTAIN,
28/2005/pl-ubtvqh11,28/2005/pl-ubtvqh11_25,ARTICLE,CONTAIN,
28/2005/pl-ubtvqh11,28/2005/pl-ubtvqh11_26,ARTICLE,CONTAIN,
28/2005/pl-ubtvqh11,28/2005/pl-ubtvqh11_27,ARTICLE,CONTAIN,
28/2005/pl-ubtvqh11,28/2005/pl-ubtvqh11_28,ARTICLE,CONTAIN,
28/2005/pl-ubtvqh11,28/2005/pl-ubtvqh11_29,ARTICLE,CONTAIN,
28/2005/pl-ubtvqh11,28/2005/pl-ubtvqh11_30,ARTICLE,CONTAIN,
28/2005/pl-ubtvqh11,28/2005/pl-ubtvqh11_31,ARTICLE,CONTAIN,
28/2005/pl-ubtvqh11,28/2005/pl-ubtvqh11_32,ARTICLE,CONTAIN,
28/2005/pl-ubtvqh11,28/2005/pl-ubtvqh11_33,ARTICLE,CONTAIN,
28/2005/pl-ubtvqh11,28/2005/pl-ubtvqh11_34,ARTICLE,CONTAIN,
28/2005/pl-ubtvqh11,28/2005/pl-ubtvqh11_35,ARTICLE,CONTAIN,
28/2005/pl-ubtvqh11,28/2005/pl-ubtvqh11_36,ARTICLE,CONTAIN,
28/2005/pl-ubtvqh11,28/2005/pl-ubtvqh11_37,ARTICLE,CONTAIN,
28/2005/pl-ubtvqh11,28/2005/pl-ubtvqh11_38,ARTICLE,CONTAIN,
28/2005/pl-ubtvqh11,28/2005/pl-ubtvqh11_39,ARTICLE,CONTAIN,
28/2005/pl-ubtvqh11,28/2005/pl-ubtvqh11_40,ARTICLE,CONTAIN,
28/2005/pl-ubtvqh11,28/2005/pl-ubtvqh11_41,ARTICLE,CONTAIN,
28/2005/pl-ubtvqh11,28/2005/pl-ubtvqh11_42,ARTICLE,CONTAIN,
28/2005/pl-ubtvqh11,28/2005/pl-ubtvqh11_43,ARTICLE,CONTAIN,
28/2005/pl-ubtvqh11,28/2005/pl-ubtvqh11_44,ARTICLE,CONTAIN,
28/2005/pl-ubtvqh11,28/2005/pl-ubtvqh11_45,ARTICLE,CONTAIN,
28/2005/pl-ubtvqh11,28/2005/pl-ubtvqh11_46,ARTICLE,CONTAIN,
1839/2005/qđ-nhnn,1839/2005/qđ-nhnn_1,ARTICLE,CONTAIN,
1839/2005/qđ-nhnn,1839/2005/qđ-nhnn_2,ARTICLE,CONTAIN,
1839/2005/qđ-nhnn,1839/2005/qđ-nhnn_3,ARTICLE,CONTAIN,
1839/2005/qđ-nhnn_3,1839/2005/qđ-nhnn_2,ARTICLE,GUIDE,
1839/2005/qđ-nhnn_3,1839/2005/qđ-nhnn_5,ARTICLE,GUIDE,
1839/2005/qđ-nhnn,1839/2005/qđ-nhnn_4,ARTICLE,CONTAIN,
1839/2005/qđ-nhnn,1839/2005/qđ-nhnn_5,ARTICLE,CONTAIN,
1839/2005/qđ-nhnn,1839/2005/qđ-nhnn_6,ARTICLE,CONTAIN,
1839/2005/qđ-nhnn,1839/2005/qđ-nhnn_7,ARTICLE,CONTAIN,
1839/2005/qđ-nhnn,1839/2005/qđ-nhnn_8,ARTICLE,CONTAIN,
1789/2005/qđ-nhnn,1789/2005/qđ-nhnn_1,ARTICLE,CONTAIN,
1789/2005/qđ-nhnn,1789/2005/qđ-nhnn_2,ARTICLE,CONTAIN,
1789/2005/qđ-nhnn,1789/2005/qđ-nhnn_3,ARTICLE,CONTAIN,
1789/2005/qđ-nhnn,1789/2005/qđ-nhnn_4,ARTICLE,CONTAIN,
1789/2005/qđ-nhnn_4,1789/2005/qđ-nhnn_6,ARTICLE,GUIDE,
1789/2005/qđ-nhnn_4,1789/2005/qđ-nhnn_7,ARTICLE,GUIDE,
1789/2005/qđ-nhnn,1789/2005/qđ-nhnn_5,ARTICLE,CONTAIN,
1789/2005/qđ-nhnn,1789/2005/qđ-nhnn_6,ARTICLE,CONTAIN,
1789/2005/qđ-nhnn_6,1789/2005/qđ-nhnn_5,ARTICLE,GUIDE,
1789/2005/qđ-nhnn,1789/2005/qđ-nhnn_7,ARTICLE,CONTAIN,
1789/2005/qđ-nhnn_7,47/2005/QH11_18,ARTICLE,GUIDE,
1789/2005/qđ-nhnn_7,47/2005/QH11_19,ARTICLE,GUIDE,
1789/2005/qđ-nhnn,1789/2005/qđ-nhnn_8,ARTICLE,CONTAIN,
1789/2005/qđ-nhnn,1789/2005/qđ-nhnn_9,ARTICLE,CONTAIN,
1789/2005/qđ-nhnn,1789/2005/qđ-nhnn_10,ARTICLE,CONTAIN,
1789/2005/qđ-nhnn,1789/2005/qđ-nhnn_11,ARTICLE,CONTAIN,
1789/2005/qđ-nhnn,1789/2005/qđ-nhnn_12,ARTICLE,CONTAIN,
1789/2005/qđ-nhnn,1789/2005/qđ-nhnn_13,ARTICLE,CONTAIN,
1789/2005/qđ-nhnn,1789/2005/qđ-nhnn_14,ARTICLE,CONTAIN,
1789/2005/qđ-nhnn,1789/2005/qđ-nhnn_15,ARTICLE,CONTAIN,
1789/2005/qđ-nhnn,1789/2005/qđ-nhnn_16,ARTICLE,CONTAIN,
1789/2005/qđ-nhnn,1789/2005/qđ-nhnn_17,ARTICLE,CONTAIN,
1710/2005/qđ-nhnn,1710/2005/qđ-nhnn_1,ARTICLE,CONTAIN,
1710/2005/qđ-nhnn,1710/2005/qđ-nhnn_2,ARTICLE,CONTAIN,
1710/2005/qđ-nhnn,1710/2005/qđ-nhnn_3,ARTICLE,CONTAIN,
1710/2005/qđ-nhnn,1710/2005/qđ-nhnn_4,ARTICLE,CONTAIN,
1710/2005/qđ-nhnn,1710/2005/qđ-nhnn_5,ARTICLE,CONTAIN,
1710/2005/qđ-nhnn,1710/2005/qđ-nhnn_6,ARTICLE,CONTAIN,
1710/2005/qđ-nhnn,1710/2005/qđ-nhnn_7,ARTICLE,CONTAIN,
1710/2005/qđ-nhnn,1710/2005/qđ-nhnn_8,ARTICLE,CONTAIN,
1710/2005/qđ-nhnn,1710/2005/qđ-nhnn_9,ARTICLE,CONTAIN,
1710/2005/qđ-nhnn,1710/2005/qđ-nhnn_10,ARTICLE,CONTAIN,
1710/2005/qđ-nhnn_10,1710/2005/qđ-nhnn_9,ARTICLE,GUIDE,
1710/2005/qđ-nhnn,1710/2005/qđ-nhnn_11,ARTICLE,CONTAIN,
1710/2005/qđ-nhnn,1710/2005/qđ-nhnn_12,ARTICLE,CONTAIN,
1710/2005/qđ-nhnn,1710/2005/qđ-nhnn_13,ARTICLE,CONTAIN,
1710/2005/qđ-nhnn_13,1710/2005/qđ-nhnn_7,ARTICLE,GUIDE,
1710/2005/qđ-nhnn,1710/2005/qđ-nhnn_14,ARTICLE,CONTAIN,
1710/2005/qđ-nhnn,1710/2005/qđ-nhnn_15,ARTICLE,CONTAIN,
1710/2005/qđ-nhnn,1710/2005/qđ-nhnn_16,ARTICLE,CONTAIN,
1710/2005/qđ-nhnn,1710/2005/qđ-nhnn_17,ARTICLE,CONTAIN,
1710/2005/qđ-nhnn,1710/2005/qđ-nhnn_18,ARTICLE,CONTAIN,
1710/2005/qđ-nhnn,1710/2005/qđ-nhnn_19,ARTICLE,CONTAIN,
1710/2005/qđ-nhnn,1710/2005/qđ-nhnn_20,ARTICLE,CONTAIN,
1710/2005/qđ-nhnn,1710/2005/qđ-nhnn_21,ARTICLE,CONTAIN,
1498/2005/qđ-nhnn,1498/2005/qđ-nhnn_1,ARTICLE,CONTAIN,
1498/2005/qđ-nhnn_1,1498/2005/qđ-nhnn_4,ARTICLE,GUIDE,
1498/2005/qđ-nhnn,1498/2005/qđ-nhnn_2,ARTICLE,CONTAIN,
1498/2005/qđ-nhnn,1498/2005/qđ-nhnn_3,ARTICLE,CONTAIN,
1498/2005/qđ-nhnn,1498/2005/qđ-nhnn_4,ARTICLE,CONTAIN,
1498/2005/qđ-nhnn,1498/2005/qđ-nhnn_5,ARTICLE,CONTAIN,
1498/2005/qđ-nhnn,1498/2005/qđ-nhnn_6,ARTICLE,CONTAIN,
1498/2005/qđ-nhnn,1498/2005/qđ-nhnn_7,ARTICLE,CONTAIN,
1498/2005/qđ-nhnn,1498/2005/qđ-nhnn_8,ARTICLE,CONTAIN,
1498/2005/qđ-nhnn,1498/2005/qđ-nhnn_9,ARTICLE,CONTAIN,
1498/2005/qđ-nhnn,1498/2005/qđ-nhnn_10,ARTICLE,CONTAIN,
1498/2005/qđ-nhnn,1498/2005/qđ-nhnn_11,ARTICLE,CONTAIN,
266/2005/qđ-ttg,266/2005/qđ-ttg_1,ARTICLE,CONTAIN,
266/2005/qđ-ttg,266/2005/qđ-ttg_2,ARTICLE,CONTAIN,
266/2005/qđ-ttg,266/2005/qđ-ttg_3,ARTICLE,CONTAIN,
826/2005/qđ-nhnn,826/2005/qđ-nhnn_1,ARTICLE,CONTAIN,
826/2005/qđ-nhnn_1,254/2004/QĐ-NHNN_5,ARTICLE,AMEND,
826/2005/qđ-nhnn,826/2005/qđ-nhnn_2,ARTICLE,CONTAIN,
826/2005/qđ-nhnn,826/2005/qđ-nhnn_3,ARTICLE,CONTAIN,
479/2004/qđ-nhnn,479/2004/qđ-nhnn_1,ARTICLE,CONTAIN,
479/2004/qđ-nhnn,479/2004/qđ-nhnn_2,ARTICLE,CONTAIN,
479/2004/qđ-nhnn,479/2004/qđ-nhnn_3,ARTICLE,CONTAIN,
20/2005/qđ-nhnn,20/2005/qđ-nhnn_1,ARTICLE,CONTAIN,
20/2005/qđ-nhnn,20/2005/qđ-nhnn_2,ARTICLE,CONTAIN,
20/2005/qđ-nhnn,20/2005/qđ-nhnn_3,ARTICLE,CONTAIN,
425/2005/qđ-nhnn,425/2005/qđ-nhnn_1,ARTICLE,CONTAIN,
425/2005/qđ-nhnn_1,653/2001/QĐ-NHNN_7,ARTICLE,AMEND,
425/2005/qđ-nhnn_1,653/2001/QĐ-NHNN_18,ARTICLE,AMEND,
425/2005/qđ-nhnn,425/2005/qđ-nhnn_2,ARTICLE,CONTAIN,
425/2005/qđ-nhnn,425/2005/qđ-nhnn_3,ARTICLE,CONTAIN,
04/2004/ttlt/nhnn-btp,04/2004/ttlt/nhnn-btp_1,ARTICLE,CONTAIN,
04/2004/ttlt/nhnn-btp,04/2004/ttlt/nhnn-btp_2,ARTICLE,CONTAIN,
04/2004/ttlt/nhnn-btp,04/2004/ttlt/nhnn-btp_3,ARTICLE,CONTAIN,
04/2004/ttlt/nhnn-btp,04/2004/ttlt/nhnn-btp_4,ARTICLE,CONTAIN,
04/2004/ttlt/nhnn-btp,04/2004/ttlt/nhnn-btp_5,ARTICLE,CONTAIN,
17/2004/qđ-nhnn,17/2004/qđ-nhnn_1,ARTICLE,CONTAIN,
17/2004/qđ-nhnn,17/2004/qđ-nhnn_2,ARTICLE,CONTAIN,
17/2004/qđ-nhnn,17/2004/qđ-nhnn_3,ARTICLE,CONTAIN,
17/2004/qđ-nhnn,17/2004/qđ-nhnn_4,ARTICLE,CONTAIN,
17/2004/qđ-nhnn,17/2004/qđ-nhnn_5,ARTICLE,CONTAIN,
17/2004/qđ-nhnn,17/2004/qđ-nhnn_6,ARTICLE,CONTAIN,
17/2004/qđ-nhnn,17/2004/qđ-nhnn_7,ARTICLE,CONTAIN,
17/2004/qđ-nhnn,17/2004/qđ-nhnn_8,ARTICLE,CONTAIN,
17/2004/qđ-nhnn,17/2004/qđ-nhnn_9,ARTICLE,CONTAIN,
17/2004/qđ-nhnn,17/2004/qđ-nhnn_10,ARTICLE,CONTAIN,
17/2004/qđ-nhnn,17/2004/qđ-nhnn_11,ARTICLE,CONTAIN,
17/2004/qđ-nhnn,17/2004/qđ-nhnn_12,ARTICLE,CONTAIN,
17/2004/qđ-nhnn,17/2004/qđ-nhnn_13,ARTICLE,CONTAIN,
1232/2004/qđ-nhnn,1232/2004/qđ-nhnn_1,ARTICLE,CONTAIN,
1232/2004/qđ-nhnn,1232/2004/qđ-nhnn_2,ARTICLE,CONTAIN,
1232/2004/qđ-nhnn,1232/2004/qđ-nhnn_3,ARTICLE,CONTAIN,
1232/2004/qđ-nhnn,1232/2004/qđ-nhnn_4,ARTICLE,CONTAIN,
85/2004/qđ-ttg,85/2004/qđ-ttg_1,ARTICLE,CONTAIN,
85/2004/qđ-ttg,85/2004/qđ-ttg_2,ARTICLE,CONTAIN,
85/2004/qđ-ttg_2,131/2002/QĐ-TTg_6,ARTICLE,REPEAL,
85/2004/qđ-ttg_2,1227/QĐ-TTg_1,ARTICLE,REPEAL,
85/2004/qđ-ttg_2,16/2003/QĐ-TTg_21,ARTICLE,REPEAL,
85/2004/qđ-ttg,85/2004/qđ-ttg_3,ARTICLE,CONTAIN,
581/2003/qđ-nhnn,581/2003/qđ-nhnn_1,ARTICLE,CONTAIN,
581/2003/qđ-nhnn,581/2003/qđ-nhnn_2,ARTICLE,CONTAIN,
581/2003/qđ-nhnn,581/2003/qđ-nhnn_3,ARTICLE,CONTAIN,
581/2003/qđ-nhnn,581/2003/qđ-nhnn_4,ARTICLE,CONTAIN,
581/2003/qđ-nhnn,581/2003/qđ-nhnn_5,ARTICLE,CONTAIN,
581/2003/qđ-nhnn,581/2003/qđ-nhnn_6,ARTICLE,CONTAIN,
581/2003/qđ-nhnn,581/2003/qđ-nhnn_7,ARTICLE,CONTAIN,
581/2003/qđ-nhnn,581/2003/qđ-nhnn_8,ARTICLE,CONTAIN,
581/2003/qđ-nhnn,581/2003/qđ-nhnn_9,ARTICLE,CONTAIN,
581/2003/qđ-nhnn,581/2003/qđ-nhnn_10,ARTICLE,CONTAIN,
581/2003/qđ-nhnn,581/2003/qđ-nhnn_11,ARTICLE,CONTAIN,
581/2003/qđ-nhnn,581/2003/qđ-nhnn_12,ARTICLE,CONTAIN,
581/2003/qđ-nhnn,581/2003/qđ-nhnn_13,ARTICLE,CONTAIN,
581/2003/qđ-nhnn_13,581/2003/qđ-nhnn_12,ARTICLE,GUIDE,
581/2003/qđ-nhnn,581/2003/qđ-nhnn_14,ARTICLE,CONTAIN,
581/2003/qđ-nhnn,581/2003/qđ-nhnn_15,ARTICLE,CONTAIN,
581/2003/qđ-nhnn,581/2003/qđ-nhnn_16,ARTICLE,CONTAIN,
581/2003/qđ-nhnn,581/2003/qđ-nhnn_17,ARTICLE,CONTAIN,
581/2003/qđ-nhnn,581/2003/qđ-nhnn_18,ARTICLE,CONTAIN,
581/2003/qđ-nhnn,581/2003/qđ-nhnn_19,ARTICLE,CONTAIN,
581/2003/qđ-nhnn_19,581/2003/qđ-nhnn_16,ARTICLE,GUIDE,
581/2003/qđ-nhnn,581/2003/qđ-nhnn_20,ARTICLE,CONTAIN,
581/2003/qđ-nhnn_20,581/2003/qđ-nhnn_16,ARTICLE,GUIDE,
581/2003/qđ-nhnn,581/2003/qđ-nhnn_21,ARTICLE,CONTAIN,
581/2003/qđ-nhnn,581/2003/qđ-nhnn_22,ARTICLE,CONTAIN,
581/2003/qđ-nhnn,581/2003/qđ-nhnn_23,ARTICLE,CONTAIN,
581/2003/qđ-nhnn,581/2003/qđ-nhnn_24,ARTICLE,CONTAIN,
581/2003/qđ-nhnn,581/2003/qđ-nhnn_25,ARTICLE,CONTAIN,
581/2003/qđ-nhnn,581/2003/qđ-nhnn_26,ARTICLE,CONTAIN,
581/2003/qđ-nhnn_26,581/2003/qđ-nhnn_16,ARTICLE,GUIDE,
581/2003/qđ-nhnn,581/2003/qđ-nhnn_27,ARTICLE,CONTAIN,
655/2003/qđ-nhnn,655/2003/qđ-nhnn_1,ARTICLE,CONTAIN,
655/2003/qđ-nhnn,655/2003/qđ-nhnn_2,ARTICLE,CONTAIN,
655/2003/qđ-nhnn,655/2003/qđ-nhnn_3,ARTICLE,CONTAIN,
655/2003/qđ-nhnn_3,655/2003/qđ-nhnn_1,ARTICLE,GUIDE,
655/2003/qđ-nhnn,655/2003/qđ-nhnn_4,ARTICLE,CONTAIN,
655/2003/qđ-nhnn,655/2003/qđ-nhnn_5,ARTICLE,CONTAIN,
655/2003/qđ-nhnn,655/2003/qđ-nhnn_6,ARTICLE,CONTAIN,
62/2003/ttlt- btc-nhnn,62/2003/ttlt- btc-nhnn_1,ARTICLE,CONTAIN,
62/2003/ttlt- btc-nhnn,62/2003/ttlt- btc-nhnn_2,ARTICLE,CONTAIN,
62/2003/ttlt- btc-nhnn,62/2003/ttlt- btc-nhnn_3,ARTICLE,CONTAIN,
62/2003/ttlt- btc-nhnn,62/2003/ttlt- btc-nhnn_4,ARTICLE,CONTAIN,
62/2003/ttlt- btc-nhnn,62/2003/ttlt- btc-nhnn_5,ARTICLE,CONTAIN,
457/2003/qđ-nhnn,457/2003/qđ-nhnn_1,ARTICLE,CONTAIN,
457/2003/qđ-nhnn,457/2003/qđ-nhnn_2,ARTICLE,CONTAIN,
457/2003/qđ-nhnn,457/2003/qđ-nhnn_3,ARTICLE,CONTAIN,
457/2003/qđ-nhnn,457/2003/qđ-nhnn_4,ARTICLE,CONTAIN,
457/2003/qđ-nhnn,457/2003/qđ-nhnn_5,ARTICLE,CONTAIN,
457/2003/qđ-nhnn_5,457/2003/qđ-nhnn_7,ARTICLE,GUIDE,
457/2003/qđ-nhnn_5,1557/2001/QĐ-NHNN_12,ARTICLE,GUIDE,
457/2003/qđ-nhnn,457/2003/qđ-nhnn_6,ARTICLE,CONTAIN,
457/2003/qđ-nhnn,457/2003/qđ-nhnn_7,ARTICLE,CONTAIN,
457/2003/qđ-nhnn,457/2003/qđ-nhnn_8,ARTICLE,CONTAIN,
457/2003/qđ-nhnn,457/2003/qđ-nhnn_9,ARTICLE,CONTAIN,
457/2003/qđ-nhnn,457/2003/qđ-nhnn_10,ARTICLE,CONTAIN,
457/2003/qđ-nhnn,457/2003/qđ-nhnn_11,ARTICLE,CONTAIN,
457/2003/qđ-nhnn,457/2003/qđ-nhnn_12,ARTICLE,CONTAIN,
457/2003/qđ-nhnn_12,457/2003/qđ-nhnn_22,ARTICLE,GUIDE,
457/2003/qđ-nhnn,457/2003/qđ-nhnn_13,ARTICLE,CONTAIN,
457/2003/qđ-nhnn_13,457/2003/qđ-nhnn_5,ARTICLE,GUIDE,
457/2003/qđ-nhnn,457/2003/qđ-nhnn_14,ARTICLE,CONTAIN,
457/2003/qđ-nhnn,457/2003/qđ-nhnn_15,ARTICLE,CONTAIN,
457/2003/qđ-nhnn,457/2003/qđ-nhnn_16,ARTICLE,CONTAIN,
457/2003/qđ-nhnn,457/2003/qđ-nhnn_17,ARTICLE,CONTAIN,
457/2003/qđ-nhnn_17,457/2003/qđ-nhnn_16,ARTICLE,GUIDE,
457/2003/qđ-nhnn,457/2003/qđ-nhnn_18,ARTICLE,CONTAIN,
457/2003/qđ-nhnn_18,457/2003/qđ-nhnn_5,ARTICLE,GUIDE,
457/2003/qđ-nhnn,457/2003/qđ-nhnn_19,ARTICLE,CONTAIN,
457/2003/qđ-nhnn,457/2003/qđ-nhnn_20,ARTICLE,CONTAIN,
457/2003/qđ-nhnn_20,457/2003/qđ-nhnn_15,ARTICLE,GUIDE,
457/2003/qđ-nhnn,457/2003/qđ-nhnn_21,ARTICLE,CONTAIN,
457/2003/qđ-nhnn,457/2003/qđ-nhnn_22,ARTICLE,CONTAIN,
648/2003/qđ-nhnn,648/2003/qđ-nhnn_1,ARTICLE,CONTAIN,
648/2003/qđ-nhnn,648/2003/qđ-nhnn_2,ARTICLE,CONTAIN,
648/2003/qđ-nhnn,648/2003/qđ-nhnn_3,ARTICLE,CONTAIN,
648/2003/qđ-nhnn_3,251/2001/QĐ-NHNN_15,ARTICLE,GUIDE,
648/2003/qđ-nhnn_3,1085/2002/QĐ-NHNN_9,ARTICLE,GUIDE,
648/2003/qđ-nhnn_3,648/2003/qđ-nhnn_4,ARTICLE,GUIDE,
648/2003/qđ-nhnn_3,648/2003/qđ-nhnn_5,ARTICLE,GUIDE,
648/2003/qđ-nhnn,648/2003/qđ-nhnn_4,ARTICLE,CONTAIN,
648/2003/qđ-nhnn,648/2003/qđ-nhnn_5,ARTICLE,CONTAIN,
648/2003/qđ-nhnn_5,648/2003/qđ-nhnn_2,ARTICLE,GUIDE,
648/2003/qđ-nhnn_5,1085/2002/QĐ-NHNN_5,ARTICLE,GUIDE,
648/2003/qđ-nhnn,648/2003/qđ-nhnn_6,ARTICLE,CONTAIN,
376/2003/qđ-nhnn,376/2003/qđ-nhnn_1,ARTICLE,CONTAIN,
376/2003/qđ-nhnn,376/2003/qđ-nhnn_2,ARTICLE,CONTAIN,
376/2003/qđ-nhnn,376/2003/qđ-nhnn_3,ARTICLE,CONTAIN,
376/2003/qđ-nhnn,376/2003/qđ-nhnn_4,ARTICLE,CONTAIN,
376/2003/qđ-nhnn,376/2003/qđ-nhnn_5,ARTICLE,CONTAIN,
376/2003/qđ-nhnn_5,376/2003/qđ-nhnn_15,ARTICLE,GUIDE,
376/2003/qđ-nhnn,376/2003/qđ-nhnn_6,ARTICLE,CONTAIN,
376/2003/qđ-nhnn,376/2003/qđ-nhnn_7,ARTICLE,CONTAIN,
376/2003/qđ-nhnn,376/2003/qđ-nhnn_8,ARTICLE,CONTAIN,
376/2003/qđ-nhnn,376/2003/qđ-nhnn_9,ARTICLE,CONTAIN,
376/2003/qđ-nhnn,376/2003/qđ-nhnn_10,ARTICLE,CONTAIN,
376/2003/qđ-nhnn,376/2003/qđ-nhnn_11,ARTICLE,CONTAIN,
376/2003/qđ-nhnn,376/2003/qđ-nhnn_12,ARTICLE,CONTAIN,
376/2003/qđ-nhnn,376/2003/qđ-nhnn_13,ARTICLE,CONTAIN,
376/2003/qđ-nhnn,376/2003/qđ-nhnn_14,ARTICLE,CONTAIN,
376/2003/qđ-nhnn,376/2003/qđ-nhnn_15,ARTICLE,CONTAIN,
376/2003/qđ-nhnn,376/2003/qđ-nhnn_16,ARTICLE,CONTAIN,
376/2003/qđ-nhnn,376/2003/qđ-nhnn_17,ARTICLE,CONTAIN,
376/2003/qđ-nhnn,376/2003/qđ-nhnn_18,ARTICLE,CONTAIN,
376/2003/qđ-nhnn,376/2003/qđ-nhnn_19,ARTICLE,CONTAIN,
376/2003/qđ-nhnn,376/2003/qđ-nhnn_20,ARTICLE,CONTAIN,
05/2003/tt-nhnn,05/2003/tt-nhnn_1,ARTICLE,CONTAIN,
05/2003/tt-nhnn_1,24/1995/qh5_1,ARTICLE,GUIDE,
05/2003/tt-nhnn,05/2003/tt-nhnn_2,ARTICLE,CONTAIN,
05/2003/tt-nhnn,05/2003/tt-nhnn_3,ARTICLE,CONTAIN,
05/2003/tt-nhnn,05/2003/tt-nhnn_4,ARTICLE,CONTAIN,
98/2003/qđ-ttg,98/2003/qđ-ttg_1,ARTICLE,CONTAIN,
98/2003/qđ-ttg,98/2003/qđ-ttg_2,ARTICLE,CONTAIN,
98/2003/qđ-ttg,98/2003/qđ-ttg_3,ARTICLE,CONTAIN,
98/2003/qđ-ttg,98/2003/qđ-ttg_4,ARTICLE,CONTAIN,
46/2003/qđ-ttg,46/2003/qđ-ttg_1,ARTICLE,CONTAIN,
46/2003/qđ-ttg,46/2003/qđ-ttg_2,ARTICLE,CONTAIN,
16/2003/qđ-ttg,16/2003/qđ-ttg_1,ARTICLE,CONTAIN,
16/2003/qđ-ttg,16/2003/qđ-ttg_2,ARTICLE,CONTAIN,
16/2003/qđ-ttg,16/2003/qđ-ttg_3,ARTICLE,CONTAIN,
16/2003/qđ-ttg,16/2003/qđ-ttg_4,ARTICLE,CONTAIN,
16/2003/qđ-ttg,16/2003/qđ-ttg_5,ARTICLE,CONTAIN,
16/2003/qđ-ttg,16/2003/qđ-ttg_6,ARTICLE,CONTAIN,
16/2003/qđ-ttg,16/2003/qđ-ttg_7,ARTICLE,CONTAIN,
16/2003/qđ-ttg,16/2003/qđ-ttg_8,ARTICLE,CONTAIN,
16/2003/qđ-ttg,16/2003/qđ-ttg_9,ARTICLE,CONTAIN,
16/2003/qđ-ttg,16/2003/qđ-ttg_10,ARTICLE,CONTAIN,
16/2003/qđ-ttg,16/2003/qđ-ttg_11,ARTICLE,CONTAIN,
16/2003/qđ-ttg_11,48/2009/nd-cp_2,ARTICLE,GUIDE,
16/2003/qđ-ttg,16/2003/qđ-ttg_12,ARTICLE,CONTAIN,
16/2003/qđ-ttg,16/2003/qđ-ttg_13,ARTICLE,CONTAIN,
16/2003/qđ-ttg,16/2003/qđ-ttg_14,ARTICLE,CONTAIN,
16/2003/qđ-ttg,16/2003/qđ-ttg_15,ARTICLE,CONTAIN,
16/2003/qđ-ttg,16/2003/qđ-ttg_16,ARTICLE,CONTAIN,
16/2003/qđ-ttg,16/2003/qđ-ttg_17,ARTICLE,CONTAIN,
16/2003/qđ-ttg,16/2003/qđ-ttg_18,ARTICLE,CONTAIN,
16/2003/qđ-ttg,16/2003/qđ-ttg_19,ARTICLE,CONTAIN,
16/2003/qđ-ttg,16/2003/qđ-ttg_20,ARTICLE,CONTAIN,
16/2003/qđ-ttg,16/2003/qđ-ttg_21,ARTICLE,CONTAIN,
16/2003/qđ-ttg,16/2003/qđ-ttg_22,ARTICLE,CONTAIN,
16/2003/qđ-ttg,16/2003/qđ-ttg_23,ARTICLE,CONTAIN,
16/2003/qđ-ttg_23,32/2024/qh15_31,ARTICLE,AMEND,
16/2003/qđ-ttg,16/2003/qđ-ttg_24,ARTICLE,CONTAIN,
16/2003/qđ-ttg,16/2003/qđ-ttg_25,ARTICLE,CONTAIN,
16/2003/qđ-ttg,16/2003/qđ-ttg_26,ARTICLE,CONTAIN,
16/2003/qđ-ttg,16/2003/qđ-ttg_27,ARTICLE,CONTAIN,
16/2003/qđ-ttg,16/2003/qđ-ttg_28,ARTICLE,CONTAIN,
16/2003/qđ-ttg,16/2003/qđ-ttg_29,ARTICLE,CONTAIN,
16/2003/qđ-ttg,16/2003/qđ-ttg_30,ARTICLE,CONTAIN,
16/2003/qđ-ttg,16/2003/qđ-ttg_31,ARTICLE,CONTAIN,
16/2003/qđ-ttg,16/2003/qđ-ttg_32,ARTICLE,CONTAIN,
16/2003/qđ-ttg,16/2003/qđ-ttg_33,ARTICLE,CONTAIN,
16/2003/qđ-ttg,16/2003/qđ-ttg_34,ARTICLE,CONTAIN,
16/2003/qđ-ttg,16/2003/qđ-ttg_35,ARTICLE,CONTAIN,
16/2003/qđ-ttg,16/2003/qđ-ttg_36,ARTICLE,CONTAIN,
16/2003/qđ-ttg_36,32/2024/qh15_40,ARTICLE,GUIDE,
16/2003/qđ-ttg,16/2003/qđ-ttg_37,ARTICLE,CONTAIN,
16/2003/qđ-ttg_37,16/2003/qđ-ttg_23,ARTICLE,GUIDE,
16/2003/qđ-ttg,16/2003/qđ-ttg_38,ARTICLE,CONTAIN,
16/2003/qđ-ttg,16/2003/qđ-ttg_39,ARTICLE,CONTAIN,
16/2003/qđ-ttg,16/2003/qđ-ttg_40,ARTICLE,CONTAIN,
16/2003/qđ-ttg,16/2003/qđ-ttg_41,ARTICLE,CONTAIN,
16/2003/qđ-ttg,16/2003/qđ-ttg_42,ARTICLE,CONTAIN,
16/2003/qđ-ttg,16/2003/qđ-ttg_43,ARTICLE,CONTAIN,
16/2003/qđ-ttg,16/2003/qđ-ttg_44,ARTICLE,CONTAIN,
16/2003/qđ-ttg,16/2003/qđ-ttg_45,ARTICLE,CONTAIN,
16/2003/qđ-ttg,16/2003/qđ-ttg_46,ARTICLE,CONTAIN,
16/2003/qđ-ttg,16/2003/qđ-ttg_47,ARTICLE,CONTAIN,
16/2003/qđ-ttg,16/2003/qđ-ttg_48,ARTICLE,CONTAIN,
16/2003/qđ-ttg,16/2003/qđ-ttg_49,ARTICLE,CONTAIN,
16/2003/qđ-ttg,16/2003/qđ-ttg_50,ARTICLE,CONTAIN,
16/2003/qđ-ttg,16/2003/qđ-ttg_51,ARTICLE,CONTAIN,
16/2003/qđ-ttg,16/2003/qđ-ttg_52,ARTICLE,CONTAIN,
16/2003/qđ-ttg,16/2003/qđ-ttg_53,ARTICLE,CONTAIN,
16/2003/qđ-ttg,16/2003/qđ-ttg_54,ARTICLE,CONTAIN,
15/2003/qđ-ttg,15/2003/qđ-ttg_1,ARTICLE,CONTAIN,
15/2003/qđ-ttg,15/2003/qđ-ttg_2,ARTICLE,CONTAIN,
15/2003/qđ-ttg,15/2003/qđ-ttg_3,ARTICLE,CONTAIN,
15/2003/qđ-ttg,15/2003/qđ-ttg_4,ARTICLE,CONTAIN,
15/2003/qđ-ttg,15/2003/qđ-ttg_5,ARTICLE,CONTAIN,
212/2002/qđ-nhnn,212/2002/qđ-nhnn_11,ARTICLE,CONTAIN,
571/2002/qđ-nhnn,571/2002/qđ-nhnn_1,ARTICLE,CONTAIN,
571/2002/qđ-nhnn,571/2002/qđ-nhnn_2,ARTICLE,CONTAIN,
571/2002/qđ-nhnn,571/2002/qđ-nhnn_3,ARTICLE,CONTAIN,
543/2002/qđ-nhnn,543/2002/qđ-nhnn_1,ARTICLE,CONTAIN,
543/2002/qđ-nhnn,543/2002/qđ-nhnn_2,ARTICLE,CONTAIN,
543/2002/qđ-nhnn,543/2002/qđ-nhnn_3,ARTICLE,CONTAIN,
543/2002/qđ-nhnn,543/2002/qđ-nhnn_4,ARTICLE,CONTAIN,
543/2002/qđ-nhnn,543/2002/qđ-nhnn_5,ARTICLE,CONTAIN,
543/2002/qđ-nhnn,543/2002/qđ-nhnn_6,ARTICLE,CONTAIN,
543/2002/qđ-nhnn,543/2002/qđ-nhnn_7,ARTICLE,CONTAIN,
543/2002/qđ-nhnn,543/2002/qđ-nhnn_8,ARTICLE,CONTAIN,
543/2002/qđ-nhnn_8,543/2002/qđ-nhnn_4,ARTICLE,GUIDE,
96/2002/qđ-ttg,96/2002/qđ-ttg_1,ARTICLE,CONTAIN,
96/2002/qđ-ttg,96/2002/qđ-ttg_2,ARTICLE,CONTAIN,
96/2002/qđ-ttg,96/2002/qđ-ttg_3,ARTICLE,CONTAIN,
96/2002/qđ-ttg,96/2002/qđ-ttg_4,ARTICLE,CONTAIN,
96/2002/qđ-ttg,96/2002/qđ-ttg_5,ARTICLE,CONTAIN,
96/2002/qđ-ttg,96/2002/qđ-ttg_6,ARTICLE,CONTAIN,
96/2002/qđ-ttg,96/2002/qđ-ttg_7,ARTICLE,CONTAIN,
96/2002/qđ-ttg,96/2002/qđ-ttg_8,ARTICLE,CONTAIN,
96/2002/qđ-ttg,96/2002/qđ-ttg_9,ARTICLE,CONTAIN,
96/2002/qđ-ttg,96/2002/qđ-ttg_10,ARTICLE,CONTAIN,
96/2002/qđ-ttg,96/2002/qđ-ttg_11,ARTICLE,CONTAIN,
05/2002/tt-nhnn,05/2002/tt-nhnn_1,ARTICLE,CONTAIN,
05/2002/tt-nhnn_1,80/2002/QĐ-TTg_2,ARTICLE,GUIDE,
05/2002/tt-nhnn,05/2002/tt-nhnn_2,ARTICLE,CONTAIN,
05/2002/tt-nhnn_2,178/1999/NĐ-CP_20,ARTICLE,GUIDE,
05/2002/tt-nhnn_2,178/1999/NĐ-CP_14,ARTICLE,GUIDE,
05/2002/tt-nhnn_2,178/1999/NĐ-CP_15,ARTICLE,GUIDE,
131/2002/qđ-ttg,131/2002/qđ-ttg_1,ARTICLE,CONTAIN,
131/2002/qđ-ttg,131/2002/qđ-ttg_2,ARTICLE,CONTAIN,
131/2002/qđ-ttg,131/2002/qđ-ttg_3,ARTICLE,CONTAIN,
131/2002/qđ-ttg,131/2002/qđ-ttg_4,ARTICLE,CONTAIN,
131/2002/qđ-ttg,131/2002/qđ-ttg_5,ARTICLE,CONTAIN,
131/2002/qđ-ttg,131/2002/qđ-ttg_6,ARTICLE,CONTAIN,
131/2002/qđ-ttg,131/2002/qđ-ttg_7,ARTICLE,CONTAIN,
131/2002/qđ-ttg,131/2002/qđ-ttg_8,ARTICLE,CONTAIN,
131/2002/qđ-ttg,131/2002/qđ-ttg_9,ARTICLE,CONTAIN,
131/2002/qđ-ttg_9,131/2002/qđ-ttg_1,ARTICLE,GUIDE,
131/2002/qđ-ttg,131/2002/qđ-ttg_10,ARTICLE,CONTAIN,
131/2002/qđ-ttg,131/2002/qđ-ttg_11,ARTICLE,CONTAIN,
72/2002/ttlt/btc-bxd-nhnn,72/2002/ttlt/btc-bxd-nhnn_1,ARTICLE,CONTAIN,
72/2002/ttlt/btc-bxd-nhnn,72/2002/ttlt/btc-bxd-nhnn_2,ARTICLE,CONTAIN,
72/2002/ttlt/btc-bxd-nhnn,72/2002/ttlt/btc-bxd-nhnn_3,ARTICLE,CONTAIN,
72/2002/ttlt/btc-bxd-nhnn,72/2002/ttlt/btc-bxd-nhnn_4,ARTICLE,CONTAIN,
72/2002/ttlt/btc-bxd-nhnn,72/2002/ttlt/btc-bxd-nhnn_5,ARTICLE,CONTAIN,
674/2002/qđ-nhnn,674/2002/qđ-nhnn_1,ARTICLE,CONTAIN,
674/2002/qđ-nhnn,674/2002/qđ-nhnn_2,ARTICLE,CONTAIN,
674/2002/qđ-nhnn_2,674/2002/qđ-nhnn_1,ARTICLE,GUIDE,
674/2002/qđ-nhnn,674/2002/qđ-nhnn_3,ARTICLE,CONTAIN,
674/2002/qđ-nhnn,674/2002/qđ-nhnn_4,ARTICLE,CONTAIN,
681/2002/qđ-nhnn,681/2002/qđ-nhnn_1,ARTICLE,CONTAIN,
681/2002/qđ-nhnn,681/2002/qđ-nhnn_2,ARTICLE,CONTAIN,
681/2002/qđ-nhnn,681/2002/qđ-nhnn_3,ARTICLE,CONTAIN,
681/2002/qđ-nhnn,681/2002/qđ-nhnn_4,ARTICLE,CONTAIN,
681/2002/qđ-nhnn,681/2002/qđ-nhnn_5,ARTICLE,CONTAIN,
681/2002/qđ-nhnn,681/2002/qđ-nhnn_6,ARTICLE,CONTAIN,
681/2002/qđ-nhnn,681/2002/qđ-nhnn_7,ARTICLE,CONTAIN,
681/2002/qđ-nhnn,681/2002/qđ-nhnn_8,ARTICLE,CONTAIN,
681/2002/qđ-nhnn,681/2002/qđ-nhnn_9,ARTICLE,CONTAIN,
681/2002/qđ-nhnn,681/2002/qđ-nhnn_10,ARTICLE,CONTAIN,
681/2002/qđ-nhnn,681/2002/qđ-nhnn_11,ARTICLE,CONTAIN,
78/2002/qđ-ttg,78/2002/qđ-ttg_1,ARTICLE,CONTAIN,
78/2002/qđ-ttg_1,170/1999/qđ-ttg_5,ARTICLE,AMEND,
78/2002/qđ-ttg,78/2002/qđ-ttg_2,ARTICLE,CONTAIN,
61/2002/qđ-ttg,61/2002/qđ-ttg_1,ARTICLE,CONTAIN,
61/2002/qđ-ttg_1,61/2001/qđ-ttg_1,ARTICLE,AMEND,
61/2002/qđ-ttg,61/2002/qđ-ttg_2,ARTICLE,CONTAIN,
61/2002/qđ-ttg,61/2002/qđ-ttg_3,ARTICLE,CONTAIN,
44/2002/qđ-ttg,44/2002/qđ-ttg_1,ARTICLE,CONTAIN,
44/2002/qđ-ttg,44/2002/qđ-ttg_2,ARTICLE,CONTAIN,
44/2002/qđ-ttg,44/2002/qđ-ttg_3,ARTICLE,CONTAIN,
44/2002/qđ-ttg,44/2002/qđ-ttg_4,ARTICLE,CONTAIN,
44/2002/qđ-ttg,44/2002/qđ-ttg_5,ARTICLE,CONTAIN,
44/2002/qđ-ttg,44/2002/qđ-ttg_6,ARTICLE,CONTAIN,
44/2002/qđ-ttg,44/2002/qđ-ttg_7,ARTICLE,CONTAIN,
44/2002/qđ-ttg,44/2002/qđ-ttg_8,ARTICLE,CONTAIN,
44/2002/qđ-ttg,44/2002/qđ-ttg_9,ARTICLE,CONTAIN,
652/2001/qđ-nhnn,652/2001/qđ-nhnn_1,ARTICLE,CONTAIN,
652/2001/qđ-nhnn,652/2001/qđ-nhnn_2,ARTICLE,CONTAIN,
652/2001/qđ-nhnn,652/2001/qđ-nhnn_3,ARTICLE,CONTAIN,
652/2001/qđ-nhnn,652/2001/qđ-nhnn_4,ARTICLE,CONTAIN,
652/2001/qđ-nhnn,652/2001/qđ-nhnn_5,ARTICLE,CONTAIN,
652/2001/qđ-nhnn,652/2001/qđ-nhnn_6,ARTICLE,CONTAIN,
652/2001/qđ-nhnn,652/2001/qđ-nhnn_7,ARTICLE,CONTAIN,
652/2001/qđ-nhnn,652/2001/qđ-nhnn_8,ARTICLE,CONTAIN,
652/2001/qđ-nhnn,652/2001/qđ-nhnn_9,ARTICLE,CONTAIN,
652/2001/qđ-nhnn,652/2001/qđ-nhnn_10,ARTICLE,CONTAIN,
652/2001/qđ-nhnn,652/2001/qđ-nhnn_11,ARTICLE,CONTAIN,
652/2001/qđ-nhnn,652/2001/qđ-nhnn_12,ARTICLE,CONTAIN,
652/2001/qđ-nhnn,652/2001/qđ-nhnn_13,ARTICLE,CONTAIN,
652/2001/qđ-nhnn,652/2001/qđ-nhnn_14,ARTICLE,CONTAIN,
652/2001/qđ-nhnn,652/2001/qđ-nhnn_15,ARTICLE,CONTAIN,
653/2001/qđ-nhnn,653/2001/qđ-nhnn_1,ARTICLE,CONTAIN,
653/2001/qđ-nhnn,653/2001/qđ-nhnn_2,ARTICLE,CONTAIN,
653/2001/qđ-nhnn,653/2001/qđ-nhnn_3,ARTICLE,CONTAIN,
653/2001/qđ-nhnn,653/2001/qđ-nhnn_4,ARTICLE,CONTAIN,
653/2001/qđ-nhnn_4,653/2001/qđ-nhnn_19,ARTICLE,GUIDE,
653/2001/qđ-nhnn,653/2001/qđ-nhnn_5,ARTICLE,CONTAIN,
653/2001/qđ-nhnn_5,653/2001/qđ-nhnn_19,ARTICLE,GUIDE,
653/2001/qđ-nhnn,653/2001/qđ-nhnn_6,ARTICLE,CONTAIN,
653/2001/qđ-nhnn_6,653/2001/qđ-nhnn_19,ARTICLE,GUIDE,
653/2001/qđ-nhnn,653/2001/qđ-nhnn_7,ARTICLE,CONTAIN,
653/2001/qđ-nhnn_7,653/2001/qđ-nhnn_6,ARTICLE,GUIDE,
653/2001/qđ-nhnn,653/2001/qđ-nhnn_8,ARTICLE,CONTAIN,
653/2001/qđ-nhnn_8,653/2001/qđ-nhnn_19,ARTICLE,GUIDE,
653/2001/qđ-nhnn,653/2001/qđ-nhnn_9,ARTICLE,CONTAIN,
653/2001/qđ-nhnn_9,653/2001/qđ-nhnn_19,ARTICLE,GUIDE,
653/2001/qđ-nhnn,653/2001/qđ-nhnn_10,ARTICLE,CONTAIN,
653/2001/qđ-nhnn,653/2001/qđ-nhnn_11,ARTICLE,CONTAIN,
653/2001/qđ-nhnn,653/2001/qđ-nhnn_12,ARTICLE,CONTAIN,
653/2001/qđ-nhnn_12,653/2001/qđ-nhnn_19,ARTICLE,GUIDE,
653/2001/qđ-nhnn,653/2001/qđ-nhnn_13,ARTICLE,CONTAIN,
653/2001/qđ-nhnn,653/2001/qđ-nhnn_14,ARTICLE,CONTAIN,
653/2001/qđ-nhnn,653/2001/qđ-nhnn_15,ARTICLE,CONTAIN,
653/2001/qđ-nhnn,653/2001/qđ-nhnn_16,ARTICLE,CONTAIN,
653/2001/qđ-nhnn,653/2001/qđ-nhnn_17,ARTICLE,CONTAIN,
653/2001/qđ-nhnn_17,653/2001/qđ-nhnn_21,ARTICLE,GUIDE,
653/2001/qđ-nhnn,653/2001/qđ-nhnn_18,ARTICLE,CONTAIN,
653/2001/qđ-nhnn_18,653/2001/qđ-nhnn_14,ARTICLE,GUIDE,
653/2001/qđ-nhnn,653/2001/qđ-nhnn_19,ARTICLE,CONTAIN,
653/2001/qđ-nhnn,653/2001/qđ-nhnn_20,ARTICLE,CONTAIN,
653/2001/qđ-nhnn,653/2001/qđ-nhnn_21,ARTICLE,CONTAIN,
653/2001/qđ-nhnn_21,653/2001/qđ-nhnn_19,ARTICLE,GUIDE,
653/2001/qđ-nhnn,653/2001/qđ-nhnn_22,ARTICLE,CONTAIN,
653/2001/qđ-nhnn_22,653/2001/qđ-nhnn_16,ARTICLE,GUIDE,
653/2001/qđ-nhnn_22,653/2001/qđ-nhnn_17,ARTICLE,GUIDE,
653/2001/qđ-nhnn,653/2001/qđ-nhnn_23,ARTICLE,CONTAIN,
653/2001/qđ-nhnn,653/2001/qđ-nhnn_24,ARTICLE,CONTAIN,
1557/2001/qđ-nhnn,1557/2001/qđ-nhnn_1,ARTICLE,CONTAIN,
1557/2001/qđ-nhnn,1557/2001/qđ-nhnn_2,ARTICLE,CONTAIN,
1557/2001/qđ-nhnn,1557/2001/qđ-nhnn_3,ARTICLE,CONTAIN,
1557/2001/qđ-nhnn,1557/2001/qđ-nhnn_4,ARTICLE,CONTAIN,
1557/2001/qđ-nhnn,1557/2001/qđ-nhnn_5,ARTICLE,CONTAIN,
1557/2001/qđ-nhnn,1557/2001/qđ-nhnn_6,ARTICLE,CONTAIN,
1557/2001/qđ-nhnn,1557/2001/qđ-nhnn_7,ARTICLE,CONTAIN,
1557/2001/qđ-nhnn,1557/2001/qđ-nhnn_8,ARTICLE,CONTAIN,
1557/2001/qđ-nhnn,1557/2001/qđ-nhnn_9,ARTICLE,CONTAIN,
1557/2001/qđ-nhnn,1557/2001/qđ-nhnn_10,ARTICLE,CONTAIN,
1557/2001/qđ-nhnn,1557/2001/qđ-nhnn_11,ARTICLE,CONTAIN,
1557/2001/qđ-nhnn,1557/2001/qđ-nhnn_12,ARTICLE,CONTAIN,
1557/2001/qđ-nhnn,1557/2001/qđ-nhnn_13,ARTICLE,CONTAIN,
1557/2001/qđ-nhnn,1557/2001/qđ-nhnn_14,ARTICLE,CONTAIN,
1557/2001/qđ-nhnn,1557/2001/qđ-nhnn_15,ARTICLE,CONTAIN,
1557/2001/qđ-nhnn,1557/2001/qđ-nhnn_16,ARTICLE,CONTAIN,
1557/2001/qđ-nhnn,1557/2001/qđ-nhnn_17,ARTICLE,CONTAIN,
1557/2001/qđ-nhnn,1557/2001/qđ-nhnn_18,ARTICLE,CONTAIN,
1557/2001/qđ-nhnn,1557/2001/qđ-nhnn_19,ARTICLE,CONTAIN,
1557/2001/qđ-nhnn,1557/2001/qđ-nhnn_20,ARTICLE,CONTAIN,
1557/2001/qđ-nhnn,1557/2001/qđ-nhnn_21,ARTICLE,CONTAIN,
1390/2001/qđ-nhnn,1390/2001/qđ-nhnn_1,ARTICLE,CONTAIN,
1390/2001/qđ-nhnn,1390/2001/qđ-nhnn_2,ARTICLE,CONTAIN,
1390/2001/qđ-nhnn,1390/2001/qđ-nhnn_3,ARTICLE,CONTAIN,
1390/2001/qđ-nhnn,1390/2001/qđ-nhnn_4,ARTICLE,CONTAIN,
1390/2001/qđ-nhnn,1390/2001/qđ-nhnn_5,ARTICLE,CONTAIN,
1390/2001/qđ-nhnn,1390/2001/qđ-nhnn_6,ARTICLE,CONTAIN,
1390/2001/qđ-nhnn,1390/2001/qđ-nhnn_7,ARTICLE,CONTAIN,
1390/2001/qđ-nhnn,1390/2001/qđ-nhnn_8,ARTICLE,CONTAIN,
1390/2001/qđ-nhnn_8,1390/2001/qđ-nhnn_6,ARTICLE,GUIDE,
1390/2001/qđ-nhnn,1390/2001/qđ-nhnn_9,ARTICLE,CONTAIN,
1390/2001/qđ-nhnn,1390/2001/qđ-nhnn_10,ARTICLE,CONTAIN,
1390/2001/qđ-nhnn,1390/2001/qđ-nhnn_11,ARTICLE,CONTAIN,
1390/2001/qđ-nhnn,1390/2001/qđ-nhnn_12,ARTICLE,CONTAIN,
1390/2001/qđ-nhnn,1390/2001/qđ-nhnn_13,ARTICLE,CONTAIN,
1390/2001/qđ-nhnn,1390/2001/qđ-nhnn_14,ARTICLE,CONTAIN,
1390/2001/qđ-nhnn,1390/2001/qđ-nhnn_15,ARTICLE,CONTAIN,
1390/2001/qđ-nhnn,1390/2001/qđ-nhnn_16,ARTICLE,CONTAIN,
1390/2001/qđ-nhnn,1390/2001/qđ-nhnn_17,ARTICLE,CONTAIN,
1390/2001/qđ-nhnn,1390/2001/qđ-nhnn_18,ARTICLE,CONTAIN,
1390/2001/qđ-nhnn,1390/2001/qđ-nhnn_19,ARTICLE,CONTAIN,
1289/2001/qđ-nhnn,1289/2001/qđ-nhnn_1,ARTICLE,CONTAIN,
1289/2001/qđ-nhnn_1,893/2001/QĐ-NHNN_10,ARTICLE,AMEND,
1289/2001/qđ-nhnn,1289/2001/qđ-nhnn_2,ARTICLE,CONTAIN,
1289/2001/qđ-nhnn,1289/2001/qđ-nhnn_3,ARTICLE,CONTAIN,
1134/2001/qđ-nhnn,1134/2001/qđ-nhnn_1,ARTICLE,CONTAIN,
1134/2001/qđ-nhnn,1134/2001/qđ-nhnn_2,ARTICLE,CONTAIN,
1134/2001/qđ-nhnn,1134/2001/qđ-nhnn_3,ARTICLE,CONTAIN,
1134/2001/qđ-nhnn,1134/2001/qđ-nhnn_4,ARTICLE,CONTAIN,
1134/2001/qđ-nhnn_4,1134/2001/qđ-nhnn_3,ARTICLE,GUIDE,
1134/2001/qđ-nhnn,1134/2001/qđ-nhnn_5,ARTICLE,CONTAIN,
1134/2001/qđ-nhnn,1134/2001/qđ-nhnn_6,ARTICLE,CONTAIN,
1134/2001/qđ-nhnn,1134/2001/qđ-nhnn_7,ARTICLE,CONTAIN,
1134/2001/qđ-nhnn,1134/2001/qđ-nhnn_8,ARTICLE,CONTAIN,
1134/2001/qđ-nhnn,1134/2001/qđ-nhnn_9,ARTICLE,CONTAIN,
1134/2001/qđ-nhnn_9,1134/2001/qđ-nhnn_3,ARTICLE,GUIDE,
1134/2001/qđ-nhnn,1134/2001/qđ-nhnn_10,ARTICLE,CONTAIN,
1134/2001/qđ-nhnn_10,1134/2001/qđ-nhnn_9,ARTICLE,GUIDE,
1134/2001/qđ-nhnn,1134/2001/qđ-nhnn_11,ARTICLE,CONTAIN,
1134/2001/qđ-nhnn_11,652/2001/QĐ-NHNN_10,ARTICLE,GUIDE,
1134/2001/qđ-nhnn,1134/2001/qđ-nhnn_12,ARTICLE,CONTAIN,
1134/2001/qđ-nhnn,1134/2001/qđ-nhnn_13,ARTICLE,CONTAIN,
1134/2001/qđ-nhnn,1134/2001/qđ-nhnn_14,ARTICLE,CONTAIN,
1134/2001/qđ-nhnn,1134/2001/qđ-nhnn_15,ARTICLE,CONTAIN,
1134/2001/qđ-nhnn,1134/2001/qđ-nhnn_16,ARTICLE,CONTAIN,
1134/2001/qđ-nhnn_16,1134/2001/qđ-nhnn_9,ARTICLE,GUIDE,
1134/2001/qđ-nhnn,1134/2001/qđ-nhnn_17,ARTICLE,CONTAIN,
1134/2001/qđ-nhnn_17,1134/2001/qđ-nhnn_9,ARTICLE,GUIDE,
1134/2001/qđ-nhnn_17,1134/2001/qđ-nhnn_2,ARTICLE,GUIDE,
1134/2001/qđ-nhnn_17,1134/2001/qđ-nhnn_11,ARTICLE,GUIDE,
1134/2001/qđ-nhnn,1134/2001/qđ-nhnn_18,ARTICLE,CONTAIN,
1134/2001/qđ-nhnn_18,1134/2001/qđ-nhnn_9,ARTICLE,GUIDE,
1134/2001/qđ-nhnn,1134/2001/qđ-nhnn_19,ARTICLE,CONTAIN,
07/2001/tt-nhnn,07/2001/tt-nhnn_1,ARTICLE,CONTAIN,
07/2001/tt-nhnn,07/2001/tt-nhnn_2,ARTICLE,CONTAIN,
07/2001/tt-nhnn,07/2001/tt-nhnn_3,ARTICLE,CONTAIN,
07/2001/tt-nhnn,07/2001/tt-nhnn_4,ARTICLE,CONTAIN,
07/2001/tt-nhnn,07/2001/tt-nhnn_5,ARTICLE,CONTAIN,
07/2001/tt-nhnn,07/2001/tt-nhnn_6,ARTICLE,CONTAIN,
772/2001/ttlt/tcđc-nhnn,772/2001/ttlt/tcđc-nhnn_1,ARTICLE,CONTAIN,
772/2001/ttlt/tcđc-nhnn,772/2001/ttlt/tcđc-nhnn_2,ARTICLE,CONTAIN,
772/2001/ttlt/tcđc-nhnn,772/2001/ttlt/tcđc-nhnn_3,ARTICLE,CONTAIN,
772/2001/ttlt/tcđc-nhnn,772/2001/ttlt/tcđc-nhnn_4,ARTICLE,CONTAIN,
772/2001/ttlt/tcđc-nhnn,772/2001/ttlt/tcđc-nhnn_5,ARTICLE,CONTAIN,
772/2001/ttlt/tcđc-nhnn,772/2001/ttlt/tcđc-nhnn_6,ARTICLE,CONTAIN,
1078/2001/qđ-nhnn,1078/2001/qđ-nhnn_1,ARTICLE,CONTAIN,
1078/2001/qđ-nhnn,1078/2001/qđ-nhnn_2,ARTICLE,CONTAIN,
1078/2001/qđ-nhnn_2,932/2001/qđ-nhnn_1,ARTICLE,REPLACE,
1033/2001/qđ-nhnn,1033/2001/qđ-nhnn_1,ARTICLE,CONTAIN,
1033/2001/qđ-nhnn_1,1033/2001/qđ-nhnn_2,ARTICLE,GUIDE,
1033/2001/qđ-nhnn,1033/2001/qđ-nhnn_2,ARTICLE,CONTAIN,
1033/2001/qđ-nhnn,1033/2001/qđ-nhnn_3,ARTICLE,CONTAIN,
1033/2001/qđ-nhnn,1033/2001/qđ-nhnn_4,ARTICLE,CONTAIN,
1079/2001/qđ-nhnn,1079/2001/qđ-nhnn_1,ARTICLE,CONTAIN,
1079/2001/qđ-nhnn,1079/2001/qđ-nhnn_2,ARTICLE,CONTAIN,
1079/2001/qđ-nhnn_2,432/2000/QĐ-NHNN_10,ARTICLE,AMEND,
1079/2001/qđ-nhnn,1079/2001/qđ-nhnn_3,ARTICLE,CONTAIN,
1079/2001/qđ-nhnn,1079/2001/qđ-nhnn_4,ARTICLE,CONTAIN,
1079/2001/qđ-nhnn,1079/2001/qđ-nhnn_5,ARTICLE,CONTAIN,
893/2001/qđ-nhnn,893/2001/qđ-nhnn_1,ARTICLE,CONTAIN,
893/2001/qđ-nhnn,893/2001/qđ-nhnn_2,ARTICLE,CONTAIN,
893/2001/qđ-nhnn,893/2001/qđ-nhnn_3,ARTICLE,CONTAIN,
893/2001/qđ-nhnn,893/2001/qđ-nhnn_4,ARTICLE,CONTAIN,
893/2001/qđ-nhnn,893/2001/qđ-nhnn_5,ARTICLE,CONTAIN,
893/2001/qđ-nhnn,893/2001/qđ-nhnn_6,ARTICLE,CONTAIN,
893/2001/qđ-nhnn,893/2001/qđ-nhnn_7,ARTICLE,CONTAIN,
893/2001/qđ-nhnn,893/2001/qđ-nhnn_8,ARTICLE,CONTAIN,
893/2001/qđ-nhnn,893/2001/qđ-nhnn_9,ARTICLE,CONTAIN,
893/2001/qđ-nhnn_9,893/2001/qđ-nhnn_8,ARTICLE,GUIDE,
893/2001/qđ-nhnn,893/2001/qđ-nhnn_10,ARTICLE,CONTAIN,
893/2001/qđ-nhnn_10,893/2001/qđ-nhnn_9,ARTICLE,GUIDE,
893/2001/qđ-nhnn,893/2001/qđ-nhnn_11,ARTICLE,CONTAIN,
893/2001/qđ-nhnn,893/2001/qđ-nhnn_12,ARTICLE,CONTAIN,
04/2001/tt-nhnn,04/2001/tt-nhnn_1,ARTICLE,CONTAIN,
04/2001/tt-nhnn,04/2001/tt-nhnn_2,ARTICLE,CONTAIN,
04/2001/tt-nhnn,04/2001/tt-nhnn_3,ARTICLE,CONTAIN,
04/2001/tt-nhnn,04/2001/tt-nhnn_4,ARTICLE,CONTAIN,
04/2001/tt-nhnn,04/2001/tt-nhnn_5,ARTICLE,CONTAIN,
04/2001/tt-nhnn,04/2001/tt-nhnn_6,ARTICLE,CONTAIN,
04/2001/tt-nhnn,04/2001/tt-nhnn_7,ARTICLE,CONTAIN,
04/2001/tt-nhnn,04/2001/tt-nhnn_8,ARTICLE,CONTAIN,
04/2001/tt-nhnn,04/2001/tt-nhnn_9,ARTICLE,CONTAIN,
04/2001/tt-nhnn,04/2001/tt-nhnn_10,ARTICLE,CONTAIN,
04/2001/tt-nhnn,04/2001/tt-nhnn_11,ARTICLE,CONTAIN,
04/2001/tt-nhnn,04/2001/tt-nhnn_12,ARTICLE,CONTAIN,
04/2001/tt-nhnn,04/2001/tt-nhnn_13,ARTICLE,CONTAIN,
04/2001/tt-nhnn,04/2001/tt-nhnn_14,ARTICLE,CONTAIN,
04/2001/tt-nhnn,04/2001/tt-nhnn_15,ARTICLE,CONTAIN,
04/2001/tt-nhnn,04/2001/tt-nhnn_16,ARTICLE,CONTAIN,
04/2001/tt-nhnn,04/2001/tt-nhnn_17,ARTICLE,CONTAIN,
04/2001/tt-nhnn,04/2001/tt-nhnn_18,ARTICLE,CONTAIN,
04/2001/tt-nhnn,04/2001/tt-nhnn_19,ARTICLE,CONTAIN,
04/2001/tt-nhnn,04/2001/tt-nhnn_20,ARTICLE,CONTAIN,
04/2001/tt-nhnn,04/2001/tt-nhnn_21,ARTICLE,CONTAIN,
04/2001/tt-nhnn,04/2001/tt-nhnn_22,ARTICLE,CONTAIN,
04/2001/tt-nhnn,04/2001/tt-nhnn_23,ARTICLE,CONTAIN,
04/2001/tt-nhnn,04/2001/tt-nhnn_24,ARTICLE,CONTAIN,
04/2001/tt-nhnn,04/2001/tt-nhnn_25,ARTICLE,CONTAIN,
04/2001/tt-nhnn,04/2001/tt-nhnn_26,ARTICLE,CONTAIN,
04/2001/tt-nhnn,04/2001/tt-nhnn_27,ARTICLE,CONTAIN,
04/2001/tt-nhnn,04/2001/tt-nhnn_28,ARTICLE,CONTAIN,
04/2001/tt-nhnn,04/2001/tt-nhnn_29,ARTICLE,CONTAIN,
32/2001/nđ-cp,32/2001/nđ-cp_1,ARTICLE,CONTAIN,
32/2001/nđ-cp,32/2001/nđ-cp_2,ARTICLE,CONTAIN,
32/2001/nđ-cp,32/2001/nđ-cp_3,ARTICLE,CONTAIN,
32/2001/nđ-cp,32/2001/nđ-cp_4,ARTICLE,CONTAIN,
32/2001/nđ-cp,32/2001/nđ-cp_5,ARTICLE,CONTAIN,
32/2001/nđ-cp,32/2001/nđ-cp_6,ARTICLE,CONTAIN,
32/2001/nđ-cp,32/2001/nđ-cp_7,ARTICLE,CONTAIN,
32/2001/nđ-cp_7,30/2000/NĐ-CP_11,ARTICLE,GUIDE,
32/2001/nđ-cp_7,30/2000/NĐ-CP_17,ARTICLE,GUIDE,
32/2001/nđ-cp,32/2001/nđ-cp_8,ARTICLE,CONTAIN,
32/2001/nđ-cp,32/2001/nđ-cp_9,ARTICLE,CONTAIN,
32/2001/nđ-cp,32/2001/nđ-cp_10,ARTICLE,CONTAIN,
32/2001/nđ-cp,32/2001/nđ-cp_11,ARTICLE,CONTAIN,
32/2001/nđ-cp_11,32/2001/nđ-cp_17,ARTICLE,GUIDE,
32/2001/nđ-cp,32/2001/nđ-cp_12,ARTICLE,CONTAIN,
32/2001/nđ-cp,32/2001/nđ-cp_13,ARTICLE,CONTAIN,
32/2001/nđ-cp,32/2001/nđ-cp_14,ARTICLE,CONTAIN,
32/2001/nđ-cp,32/2001/nđ-cp_15,ARTICLE,CONTAIN,
32/2001/nđ-cp,32/2001/nđ-cp_16,ARTICLE,CONTAIN,
32/2001/nđ-cp,32/2001/nđ-cp_17,ARTICLE,CONTAIN,
32/2001/nđ-cp_17,32/2001/NĐ-CP_34,ARTICLE,GUIDE,
32/2001/nđ-cp,32/2001/nđ-cp_18,ARTICLE,CONTAIN,
32/2001/nđ-cp,32/2001/nđ-cp_19,ARTICLE,CONTAIN,
32/2001/nđ-cp,32/2001/nđ-cp_20,ARTICLE,CONTAIN,
32/2001/nđ-cp_20,2005/2005/PL-TP_40,ARTICLE,GUIDE,
32/2001/nđ-cp,32/2001/nđ-cp_21,ARTICLE,CONTAIN,
32/2001/nđ-cp,32/2001/nđ-cp_22,ARTICLE,CONTAIN,
32/2001/nđ-cp,32/2001/nđ-cp_23,ARTICLE,CONTAIN,
32/2001/nđ-cp_23,32/2001/NĐ-CP_43,ARTICLE,GUIDE,
32/2001/nđ-cp_23,32/2001/NĐ-CP_44,ARTICLE,GUIDE,
32/2001/nđ-cp_23,32/2001/NĐ-CP_34,ARTICLE,GUIDE,
32/2001/nđ-cp_23,32/2001/NĐ-CP_40,ARTICLE,GUIDE,
32/2001/nđ-cp,32/2001/nđ-cp_24,ARTICLE,CONTAIN,
32/2001/nđ-cp_24,32/2001/NĐ-CP_9,ARTICLE,GUIDE,
32/2001/nđ-cp,32/2001/nđ-cp_25,ARTICLE,CONTAIN,
32/2001/nđ-cp,32/2001/nđ-cp_26,ARTICLE,CONTAIN,
61/2001/qđ-ttg,61/2001/qđ-ttg_1,ARTICLE,CONTAIN,
61/2001/qđ-ttg,61/2001/qđ-ttg_2,ARTICLE,CONTAIN,
61/2001/qđ-ttg,61/2001/qđ-ttg_3,ARTICLE,CONTAIN,
61/2001/qđ-ttg,61/2001/qđ-ttg_4,ARTICLE,CONTAIN,
61/2001/qđ-ttg_4,61/2001/qđ-ttg_2,ARTICLE,GUIDE,
61/2001/qđ-ttg,61/2001/qđ-ttg_5,ARTICLE,CONTAIN,
61/2001/qđ-ttg,61/2001/qđ-ttg_6,ARTICLE,CONTAIN,
21/2009/tt-nhnn,21/2009/tt-nhnn_1,ARTICLE,CONTAIN,
21/2009/tt-nhnn_1,05/2009/tt-nhnn_2,ARTICLE,AMEND,
21/2009/tt-nhnn_1,05/2009/tt-nhnn_3,ARTICLE,AMEND,
21/2009/tt-nhnn_1,05/2009/tt-nhnn_4,ARTICLE,AMEND,
21/2009/tt-nhnn_1,32/2024/qh15_55,ARTICLE,GUIDE,
21/2009/tt-nhnn,21/2009/tt-nhnn_2,ARTICLE,CONTAIN,
26/2008/qđ-nhnn,26/2008/qđ-nhnn_1,ARTICLE,CONTAIN,
26/2008/qđ-nhnn_1,24/2006/QĐ-NHNN_1,ARTICLE,AMEND,
26/2008/qđ-nhnn_1,24/2006/QĐ-NHNN_2,ARTICLE,AMEND,
26/2008/qđ-nhnn_1,24/2006/QĐ-NHNN_3,ARTICLE,AMEND,
26/2008/qđ-nhnn_1,24/2006/QĐ-NHNN_9,ARTICLE,AMEND,
26/2008/qđ-nhnn_1,24/2006/QĐ-NHNN_14,ARTICLE,AMEND,
26/2008/qđ-nhnn_1,24/2006/QĐ-NHNN_15,ARTICLE,AMEND,
26/2008/qđ-nhnn_1,24/2006/QĐ-NHNN_16,ARTICLE,AMEND,
26/2008/qđ-nhnn,26/2008/qđ-nhnn_2,ARTICLE,CONTAIN,
26/2008/qđ-nhnn,26/2008/qđ-nhnn_3,ARTICLE,CONTAIN,
02/2008/tt-nhnn,02/2008/tt-nhnn_1,ARTICLE,CONTAIN,
02/2008/tt-nhnn,02/2008/tt-nhnn_2,ARTICLE,CONTAIN,
02/2008/tt-nhnn,02/2008/tt-nhnn_3,ARTICLE,CONTAIN,
02/2008/tt-nhnn_3,28/2005/NĐ-CP_1,ARTICLE,GUIDE,
02/2008/tt-nhnn,02/2008/tt-nhnn_4,ARTICLE,CONTAIN,
02/2008/tt-nhnn,02/2008/tt-nhnn_5,ARTICLE,CONTAIN,
02/2008/tt-nhnn,02/2008/tt-nhnn_6,ARTICLE,CONTAIN,
02/2008/tt-nhnn_6,28/2005/NĐ-CP_1,ARTICLE,GUIDE,
02/2008/tt-nhnn,02/2008/tt-nhnn_7,ARTICLE,CONTAIN,
02/2008/tt-nhnn_7,28/2005/nd-cp_8,ARTICLE,GUIDE,
02/2008/tt-nhnn_7,165/2007/nd-cp_1,ARTICLE,GUIDE,
02/2008/tt-nhnn,02/2008/tt-nhnn_8,ARTICLE,CONTAIN,
02/2008/tt-nhnn,02/2008/tt-nhnn_9,ARTICLE,CONTAIN,
02/2008/tt-nhnn_9,165/2007/NĐ-CP_1,ARTICLE,GUIDE,
02/2008/tt-nhnn_9,28/2005/NĐ-CP_1,ARTICLE,GUIDE,
02/2008/tt-nhnn,02/2008/tt-nhnn_10,ARTICLE,CONTAIN,
02/2008/tt-nhnn,02/2008/tt-nhnn_11,ARTICLE,CONTAIN,
02/2008/tt-nhnn,02/2008/tt-nhnn_12,ARTICLE,CONTAIN,
02/2008/tt-nhnn,02/2008/tt-nhnn_13,ARTICLE,CONTAIN,
02/2008/tt-nhnn,02/2008/tt-nhnn_14,ARTICLE,CONTAIN,
02/2008/tt-nhnn,02/2008/tt-nhnn_15,ARTICLE,CONTAIN,
02/2008/tt-nhnn,02/2008/tt-nhnn_16,ARTICLE,CONTAIN,
02/2008/tt-nhnn,02/2008/tt-nhnn_17,ARTICLE,CONTAIN,
02/2008/tt-nhnn,02/2008/tt-nhnn_18,ARTICLE,CONTAIN,
02/2008/tt-nhnn,02/2008/tt-nhnn_19,ARTICLE,CONTAIN,
02/2008/tt-nhnn,02/2008/tt-nhnn_20,ARTICLE,CONTAIN,
02/2008/tt-nhnn,02/2008/tt-nhnn_21,ARTICLE,CONTAIN,
02/2008/tt-nhnn,02/2008/tt-nhnn_22,ARTICLE,CONTAIN,
02/2008/tt-nhnn,02/2008/tt-nhnn_23,ARTICLE,CONTAIN,
02/2008/tt-nhnn_23,28/2005/nd-cp_18,ARTICLE,GUIDE,
02/2008/tt-nhnn,02/2008/tt-nhnn_24,ARTICLE,CONTAIN,
02/2008/tt-nhnn,02/2008/tt-nhnn_25,ARTICLE,CONTAIN,
02/2008/tt-nhnn,02/2008/tt-nhnn_26,ARTICLE,CONTAIN,
02/2008/tt-nhnn,02/2008/tt-nhnn_27,ARTICLE,CONTAIN,
02/2008/tt-nhnn,02/2008/tt-nhnn_28,ARTICLE,CONTAIN,
02/2008/tt-nhnn,02/2008/tt-nhnn_29,ARTICLE,CONTAIN,
02/2008/tt-nhnn,02/2008/tt-nhnn_30,ARTICLE,CONTAIN,
02/2008/tt-nhnn,02/2008/tt-nhnn_31,ARTICLE,CONTAIN,
02/2008/tt-nhnn,02/2008/tt-nhnn_32,ARTICLE,CONTAIN,
02/2008/tt-nhnn,02/2008/tt-nhnn_33,ARTICLE,CONTAIN,
02/2008/tt-nhnn,02/2008/tt-nhnn_34,ARTICLE,CONTAIN,
02/2008/tt-nhnn,02/2008/tt-nhnn_35,ARTICLE,CONTAIN,
02/2008/tt-nhnn,02/2008/tt-nhnn_36,ARTICLE,CONTAIN,
02/2008/tt-nhnn,02/2008/tt-nhnn_37,ARTICLE,CONTAIN,
02/2008/tt-nhnn,02/2008/tt-nhnn_38,ARTICLE,CONTAIN,
02/2008/tt-nhnn,02/2008/tt-nhnn_39,ARTICLE,CONTAIN,
02/2008/tt-nhnn,02/2008/tt-nhnn_40,ARTICLE,CONTAIN,
02/2008/tt-nhnn,02/2008/tt-nhnn_41,ARTICLE,CONTAIN,
02/2008/tt-nhnn,02/2008/tt-nhnn_42,ARTICLE,CONTAIN,
02/2008/tt-nhnn,02/2008/tt-nhnn_43,ARTICLE,CONTAIN,
02/2008/tt-nhnn,02/2008/tt-nhnn_44,ARTICLE,CONTAIN,
02/2008/tt-nhnn,02/2008/tt-nhnn_45,ARTICLE,CONTAIN,
02/2008/tt-nhnn,02/2008/tt-nhnn_46,ARTICLE,CONTAIN,
02/2008/tt-nhnn,02/2008/tt-nhnn_47,ARTICLE,CONTAIN,
02/2008/tt-nhnn,02/2008/tt-nhnn_48,ARTICLE,CONTAIN,
02/2008/tt-nhnn,02/2008/tt-nhnn_49,ARTICLE,CONTAIN,
02/2008/tt-nhnn,02/2008/tt-nhnn_50,ARTICLE,CONTAIN,
02/2008/tt-nhnn,02/2008/tt-nhnn_51,ARTICLE,CONTAIN,
02/2008/tt-nhnn,02/2008/tt-nhnn_52,ARTICLE,CONTAIN,
02/2008/tt-nhnn,02/2008/tt-nhnn_53,ARTICLE,CONTAIN,
02/2008/tt-nhnn,02/2008/tt-nhnn_54,ARTICLE,CONTAIN,
02/2008/tt-nhnn_54,28/2005/nd-cp_22,ARTICLE,AMEND,
02/2008/tt-nhnn_54,165/2007/nd-cp_1,ARTICLE,AMEND,
02/2008/tt-nhnn_54,28/2005/nd-cp_22,ARTICLE,GUIDE,
02/2008/tt-nhnn_54,28/2005/nd-cp_23,ARTICLE,GUIDE,
02/2008/tt-nhnn_54,165/2007/nd-cp_1,ARTICLE,GUIDE,
02/2008/tt-nhnn,02/2008/tt-nhnn_55,ARTICLE,CONTAIN,
02/2008/tt-nhnn,02/2008/tt-nhnn_56,ARTICLE,CONTAIN,
02/2008/tt-nhnn_56,28/2005/NĐ-CP_28,ARTICLE,GUIDE,
02/2008/tt-nhnn,02/2008/tt-nhnn_57,ARTICLE,CONTAIN,
02/2008/tt-nhnn,02/2008/tt-nhnn_58,ARTICLE,CONTAIN,
02/2008/tt-nhnn,02/2008/tt-nhnn_59,ARTICLE,CONTAIN,
02/2008/tt-nhnn,02/2008/tt-nhnn_60,ARTICLE,CONTAIN,
02/2008/tt-nhnn,02/2008/tt-nhnn_61,ARTICLE,CONTAIN,
02/2008/tt-nhnn,02/2008/tt-nhnn_62,ARTICLE,CONTAIN,
02/2008/tt-nhnn,02/2008/tt-nhnn_63,ARTICLE,CONTAIN,
02/2008/tt-nhnn,02/2008/tt-nhnn_64,ARTICLE,CONTAIN,
02/2008/tt-nhnn,02/2008/tt-nhnn_65,ARTICLE,CONTAIN,
02/2008/tt-nhnn,02/2008/tt-nhnn_66,ARTICLE,CONTAIN,
05/2010/nđ-cp,05/2010/nđ-cp_1,ARTICLE,CONTAIN,
05/2010/nđ-cp,05/2010/nđ-cp_2,ARTICLE,CONTAIN,
05/2010/nđ-cp,05/2010/nđ-cp_3,ARTICLE,CONTAIN,
05/2010/nđ-cp,05/2010/nđ-cp_4,ARTICLE,CONTAIN,
05/2010/nđ-cp,05/2010/nđ-cp_5,ARTICLE,CONTAIN,
05/2010/nđ-cp,05/2010/nđ-cp_6,ARTICLE,CONTAIN,
05/2010/nđ-cp,05/2010/nđ-cp_7,ARTICLE,CONTAIN,
05/2010/nđ-cp_7,67/2006/NĐ-CP_20,ARTICLE,GUIDE,
05/2010/nđ-cp_7,67/2006/NĐ-CP_22,ARTICLE,GUIDE,
05/2010/nđ-cp_7,67/2006/NĐ-CP_33,ARTICLE,GUIDE,
05/2010/nđ-cp,05/2010/nđ-cp_8,ARTICLE,CONTAIN,
05/2010/nđ-cp,05/2010/nđ-cp_9,ARTICLE,CONTAIN,
05/2010/nđ-cp_9,05/2010/nđ-cp_5,ARTICLE,GUIDE,
05/2010/nđ-cp,05/2010/nđ-cp_10,ARTICLE,CONTAIN,
05/2010/nđ-cp_10,57/2005/QH11_21,ARTICLE,GUIDE,
05/2010/nđ-cp,05/2010/nđ-cp_11,ARTICLE,CONTAIN,
05/2010/nđ-cp_11,luat-pha-san_22,ARTICLE,GUIDE,
05/2010/nđ-cp,05/2010/nđ-cp_12,ARTICLE,CONTAIN,
05/2010/nđ-cp_12,45/2005/QH11_15,ARTICLE,GUIDE,
05/2010/nđ-cp,05/2010/nđ-cp_13,ARTICLE,CONTAIN,
05/2010/nđ-cp_13,05/2010/nđ-cp_25,ARTICLE,GUIDE,
05/2010/nđ-cp,05/2010/nđ-cp_14,ARTICLE,CONTAIN,
05/2010/nđ-cp_14,57/2012/QH13_27,ARTICLE,GUIDE,
05/2010/nđ-cp,05/2010/nđ-cp_15,ARTICLE,CONTAIN,
05/2010/nđ-cp_15,58/2010/qh12_28,ARTICLE,GUIDE,
05/2010/nđ-cp_15,58/2010/qh12_32,ARTICLE,GUIDE,
05/2010/nđ-cp,05/2010/nđ-cp_16,ARTICLE,CONTAIN,
05/2010/nđ-cp,05/2010/nđ-cp_17,ARTICLE,CONTAIN,
05/2010/nđ-cp_17,05/2010/nđ-cp_2,ARTICLE,GUIDE,
05/2010/nđ-cp,05/2010/nđ-cp_18,ARTICLE,CONTAIN,
05/2010/nđ-cp_18,57/2005/qh11_33,ARTICLE,GUIDE,
05/2010/nđ-cp,05/2010/nđ-cp_19,ARTICLE,CONTAIN,
05/2010/nđ-cp_19,59/2005/qh11_34,ARTICLE,GUIDE,
05/2010/nđ-cp_19,59/2005/qh11_35,ARTICLE,GUIDE,
05/2010/nđ-cp,05/2010/nđ-cp_20,ARTICLE,CONTAIN,
05/2010/nđ-cp_20,05/2010/nđ-cp_21,ARTICLE,GUIDE,
05/2010/nđ-cp,05/2010/nđ-cp_21,ARTICLE,CONTAIN,
05/2010/nđ-cp_21,45/2005/qh11_37,ARTICLE,GUIDE,
05/2010/nđ-cp,05/2010/nđ-cp_22,ARTICLE,CONTAIN,
05/2010/nđ-cp_22,45/2009/qh12_38,ARTICLE,GUIDE,
05/2010/nđ-cp,05/2010/nđ-cp_23,ARTICLE,CONTAIN,
05/2010/nđ-cp_23,57/2005/QH11_39,ARTICLE,GUIDE,
05/2010/nđ-cp,05/2010/nđ-cp_24,ARTICLE,CONTAIN,
05/2010/nđ-cp_24,45/2010/QH12_40,ARTICLE,GUIDE,
05/2010/nđ-cp,05/2010/nđ-cp_25,ARTICLE,CONTAIN,
05/2010/nđ-cp_25,05/2010/nđ-cp_41,ARTICLE,GUIDE,
05/2010/nđ-cp,05/2010/nđ-cp_26,ARTICLE,CONTAIN,
05/2010/nđ-cp_26,54/2010/qh12_42,ARTICLE,GUIDE,
05/2010/nđ-cp,05/2010/nđ-cp_27,ARTICLE,CONTAIN,
05/2010/nđ-cp_27,05/2010/nđ-cp_43,ARTICLE,GUIDE,
05/2010/nđ-cp_27,05/2010/nđ-cp_44,ARTICLE,GUIDE,
05/2010/nđ-cp,05/2010/nđ-cp_28,ARTICLE,CONTAIN,
05/2010/nđ-cp,05/2010/nđ-cp_29,ARTICLE,CONTAIN,
05/2010/nđ-cp_29,44/2005/qh11_48,ARTICLE,GUIDE,
05/2010/nđ-cp,05/2010/nđ-cp_30,ARTICLE,CONTAIN,
05/2010/nđ-cp_30,66/2005/QH11_49,ARTICLE,GUIDE,
05/2010/nđ-cp_30,05/2010/nđ-cp_24,ARTICLE,GUIDE,
05/2010/nđ-cp,05/2010/nđ-cp_31,ARTICLE,CONTAIN,
05/2010/nđ-cp_31,05/2010/nđ-cp_50,ARTICLE,GUIDE,
05/2010/nđ-cp,05/2010/nđ-cp_32,ARTICLE,CONTAIN,
05/2010/nđ-cp_32,34/2010/QH12_51,ARTICLE,GUIDE,
05/2010/nđ-cp_32,34/2010/QH12_52,ARTICLE,GUIDE,
05/2010/nđ-cp_32,34/2010/QH12_53,ARTICLE,GUIDE,
05/2010/nđ-cp,05/2010/nđ-cp_33,ARTICLE,CONTAIN,
05/2010/nđ-cp_33,45/2005/QH11_54,ARTICLE,GUIDE,
05/2010/nđ-cp,05/2010/nđ-cp_34,ARTICLE,CONTAIN,
05/2010/nđ-cp_34,45/2005/QH11_55,ARTICLE,GUIDE,
05/2010/nđ-cp_34,45/2005/QH11_56,ARTICLE,GUIDE,
05/2010/nđ-cp,05/2010/nđ-cp_35,ARTICLE,CONTAIN,
05/2010/nđ-cp_35,54/2005/qh11_57,ARTICLE,GUIDE,
05/2010/nđ-cp,05/2010/nđ-cp_36,ARTICLE,CONTAIN,
05/2010/nđ-cp,05/2010/nđ-cp_37,ARTICLE,CONTAIN,
05/2010/nđ-cp,05/2010/nđ-cp_38,ARTICLE,CONTAIN,
05/2010/nđ-cp_38,59/2005/QH11_60,ARTICLE,GUIDE,
05/2010/nđ-cp,05/2010/nđ-cp_39,ARTICLE,CONTAIN,
05/2010/nđ-cp_39,05/2010/nđ-cp_40,ARTICLE,GUIDE,
05/2010/nđ-cp_39,32/2024/qh15_98,ARTICLE,GUIDE,
05/2010/nđ-cp,05/2010/nđ-cp_40,ARTICLE,CONTAIN,
05/2010/nđ-cp,05/2010/nđ-cp_41,ARTICLE,CONTAIN,
05/2010/nđ-cp_41,05/2010/nđ-cp_16,ARTICLE,GUIDE,
05/2010/nđ-cp,05/2010/nđ-cp_42,ARTICLE,CONTAIN,
05/2010/nđ-cp_42,45/2010/qh12_82,ARTICLE,GUIDE,
05/2010/nđ-cp,05/2010/nđ-cp_43,ARTICLE,CONTAIN,
05/2010/nđ-cp,05/2010/nđ-cp_44,ARTICLE,CONTAIN,
05/2010/nđ-cp,05/2010/nđ-cp_45,ARTICLE,CONTAIN,
05/2010/nđ-cp_45,59/2005/QH11_93,ARTICLE,GUIDE,
05/2010/nđ-cp_45,59/2005/QH11_94,ARTICLE,GUIDE,
05/2010/nđ-cp,05/2010/nđ-cp_46,ARTICLE,CONTAIN,
27/2009/tt-nhnn,27/2009/tt-nhnn_1,ARTICLE,CONTAIN,
27/2009/tt-nhnn,27/2009/tt-nhnn_2,ARTICLE,CONTAIN,
27/2009/tt-nhnn_2,127/2005/QĐ-NHNN_1,ARTICLE,GUIDE,
27/2009/tt-nhnn,27/2009/tt-nhnn_3,ARTICLE,CONTAIN,
27/2009/tt-nhnn,27/2009/tt-nhnn_4,ARTICLE,CONTAIN,
27/2009/tt-nhnn_4,32/2024/qh15_55,ARTICLE,GUIDE,
27/2009/tt-nhnn,27/2009/tt-nhnn_5,ARTICLE,CONTAIN,
27/2009/tt-nhnn,27/2009/tt-nhnn_6,ARTICLE,CONTAIN,
04/2010/tt-nhnn,04/2010/tt-nhnn_1,ARTICLE,CONTAIN,
04/2010/tt-nhnn,04/2010/tt-nhnn_2,ARTICLE,CONTAIN,
04/2010/tt-nhnn_2,04/2010/tt-nhnn_1,ARTICLE,GUIDE,
04/2010/tt-nhnn,04/2010/tt-nhnn_3,ARTICLE,CONTAIN,
04/2010/tt-nhnn,04/2010/tt-nhnn_4,ARTICLE,CONTAIN,
04/2010/tt-nhnn,04/2010/tt-nhnn_5,ARTICLE,CONTAIN,
04/2010/tt-nhnn,04/2010/tt-nhnn_6,ARTICLE,CONTAIN,
04/2010/tt-nhnn,04/2010/tt-nhnn_7,ARTICLE,CONTAIN,
04/2010/tt-nhnn,04/2010/tt-nhnn_8,ARTICLE,CONTAIN,
04/2010/tt-nhnn,04/2010/tt-nhnn_9,ARTICLE,CONTAIN,
04/2010/tt-nhnn_9,04/2010/tt-nhnn_12,ARTICLE,GUIDE,
04/2010/tt-nhnn,04/2010/tt-nhnn_10,ARTICLE,CONTAIN,
04/2010/tt-nhnn_10,04/2010/tt-nhnn_11,ARTICLE,GUIDE,
04/2010/tt-nhnn_10,04/2010/tt-nhnn_8,ARTICLE,GUIDE,
04/2010/tt-nhnn,04/2010/tt-nhnn_11,ARTICLE,CONTAIN,
04/2010/tt-nhnn_11,04/2010/tt-nhnn_12,ARTICLE,GUIDE,
04/2010/tt-nhnn_11,04/2010/tt-nhnn_10,ARTICLE,GUIDE,
04/2010/tt-nhnn,04/2010/tt-nhnn_12,ARTICLE,CONTAIN,
04/2010/tt-nhnn_12,04/2010/tt-nhnn_11,ARTICLE,GUIDE,
04/2010/tt-nhnn,04/2010/tt-nhnn_13,ARTICLE,CONTAIN,
04/2010/tt-nhnn_13,04/2010/tt-nhnn_16,ARTICLE,GUIDE,
04/2010/tt-nhnn,04/2010/tt-nhnn_14,ARTICLE,CONTAIN,
04/2010/tt-nhnn_14,04/2010/tt-nhnn_15,ARTICLE,GUIDE,
04/2010/tt-nhnn_14,04/2010/tt-nhnn_8,ARTICLE,GUIDE,
04/2010/tt-nhnn,04/2010/tt-nhnn_15,ARTICLE,CONTAIN,
04/2010/tt-nhnn_15,04/2010/tt-nhnn_16,ARTICLE,GUIDE,
04/2010/tt-nhnn_15,04/2010/tt-nhnn_14,ARTICLE,GUIDE,
04/2010/tt-nhnn,04/2010/tt-nhnn_16,ARTICLE,CONTAIN,
04/2010/tt-nhnn_16,04/2010/tt-nhnn_15,ARTICLE,GUIDE,
04/2010/tt-nhnn,04/2010/tt-nhnn_17,ARTICLE,CONTAIN,
04/2010/tt-nhnn_17,04/2010/tt-nhnn_20,ARTICLE,GUIDE,
04/2010/tt-nhnn,04/2010/tt-nhnn_18,ARTICLE,CONTAIN,
04/2010/tt-nhnn_18,04/2010/tt-nhnn_19,ARTICLE,GUIDE,
04/2010/tt-nhnn_18,04/2010/tt-nhnn_8,ARTICLE,GUIDE,
04/2010/tt-nhnn,04/2010/tt-nhnn_19,ARTICLE,CONTAIN,
04/2010/tt-nhnn_19,04/2010/tt-nhnn_20,ARTICLE,GUIDE,
04/2010/tt-nhnn_19,04/2010/tt-nhnn_18,ARTICLE,GUIDE,
04/2010/tt-nhnn,04/2010/tt-nhnn_20,ARTICLE,CONTAIN,
04/2010/tt-nhnn_20,04/2010/tt-nhnn_19,ARTICLE,GUIDE,
04/2010/tt-nhnn,04/2010/tt-nhnn_21,ARTICLE,CONTAIN,
04/2010/tt-nhnn_21,04/2010/tt-nhnn_5,ARTICLE,GUIDE,
04/2010/tt-nhnn,04/2010/tt-nhnn_22,ARTICLE,CONTAIN,
04/2010/tt-nhnn,04/2010/tt-nhnn_23,ARTICLE,CONTAIN,
04/2010/tt-nhnn,04/2010/tt-nhnn_24,ARTICLE,CONTAIN,
04/2010/tt-nhnn,04/2010/tt-nhnn_25,ARTICLE,CONTAIN,
04/2010/tt-nhnn,04/2010/tt-nhnn_26,ARTICLE,CONTAIN,
04/2010/tt-nhnn,04/2010/tt-nhnn_27,ARTICLE,CONTAIN,
05/2010/tt-nhnn,05/2010/tt-nhnn_1,ARTICLE,CONTAIN,
05/2010/tt-nhnn_1,14/2009/tt-nhnn_3,ARTICLE,AMEND,
05/2010/tt-nhnn_1,14/2009/tt-nhnn_4,ARTICLE,AMEND,
05/2010/tt-nhnn_1,14/2009/tt-nhnn_3,ARTICLE,REPLACE,
05/2010/tt-nhnn,05/2010/tt-nhnn_2,ARTICLE,CONTAIN,
02/2010/tt-nhnn,02/2010/tt-nhnn_1,ARTICLE,CONTAIN,
02/2010/tt-nhnn,02/2010/tt-nhnn_2,ARTICLE,CONTAIN,
02/2010/tt-nhnn_2,02/2010/tt-nhnn_1,ARTICLE,GUIDE,
02/2010/tt-nhnn,02/2010/tt-nhnn_3,ARTICLE,CONTAIN,
02/2010/tt-nhnn,02/2010/tt-nhnn_4,ARTICLE,CONTAIN,
02/2010/tt-nhnn,02/2010/tt-nhnn_5,ARTICLE,CONTAIN,
01/2010/tt-nhnn,01/2010/tt-nhnn_1,ARTICLE,CONTAIN,
01/2010/tt-nhnn,01/2010/tt-nhnn_2,ARTICLE,CONTAIN,
01/2010/tt-nhnn,01/2010/tt-nhnn_3,ARTICLE,CONTAIN,
09/2010/tt-nhnn,09/2010/tt-nhnn_1,ARTICLE,CONTAIN,
09/2010/tt-nhnn,09/2010/tt-nhnn_2,ARTICLE,CONTAIN,
09/2010/tt-nhnn_2,09/2010/tt-nhnn_1,ARTICLE,GUIDE,
09/2010/tt-nhnn,09/2010/tt-nhnn_3,ARTICLE,CONTAIN,
09/2010/tt-nhnn,09/2010/tt-nhnn_4,ARTICLE,CONTAIN,
09/2010/tt-nhnn_4,luat_doanh_nghiep_nam_2005_4,ARTICLE,GUIDE,
09/2010/tt-nhnn,09/2010/tt-nhnn_5,ARTICLE,CONTAIN,
09/2010/tt-nhnn_5,2005_13,ARTICLE,GUIDE,
09/2010/tt-nhnn,09/2010/tt-nhnn_6,ARTICLE,CONTAIN,
09/2010/tt-nhnn_6,09/2010/tt-nhnn_5,ARTICLE,GUIDE,
09/2010/tt-nhnn,09/2010/tt-nhnn_7,ARTICLE,CONTAIN,
09/2010/tt-nhnn_7,09/2010/tt-nhnn_4,ARTICLE,GUIDE,
09/2010/tt-nhnn_7,09/2010/tt-nhnn_5,ARTICLE,GUIDE,
09/2010/tt-nhnn_7,09/2010/tt-nhnn_6,ARTICLE,GUIDE,
09/2010/tt-nhnn,09/2010/tt-nhnn_8,ARTICLE,CONTAIN,
09/2010/tt-nhnn,09/2010/tt-nhnn_9,ARTICLE,CONTAIN,
09/2010/tt-nhnn_9,09/2010/tt-nhnn_5,ARTICLE,GUIDE,
09/2010/tt-nhnn,09/2010/tt-nhnn_10,ARTICLE,CONTAIN,
09/2010/tt-nhnn,09/2010/tt-nhnn_11,ARTICLE,CONTAIN,
09/2010/tt-nhnn,09/2010/tt-nhnn_12,ARTICLE,CONTAIN,
09/2010/tt-nhnn,09/2010/tt-nhnn_13,ARTICLE,CONTAIN,
09/2010/tt-nhnn,09/2010/tt-nhnn_14,ARTICLE,CONTAIN,
09/2010/tt-nhnn_14,09/2010/tt-nhnn_5,ARTICLE,GUIDE,
09/2010/tt-nhnn,09/2010/tt-nhnn_15,ARTICLE,CONTAIN,
09/2010/tt-nhnn_15,09/2010/tt-nhnn_6,ARTICLE,GUIDE,
09/2010/tt-nhnn_15,09/2010/tt-nhnn_7,ARTICLE,GUIDE,
09/2010/tt-nhnn_15,09/2010/tt-nhnn_4,ARTICLE,GUIDE,
09/2010/tt-nhnn_15,09/2010/tt-nhnn_5,ARTICLE,GUIDE,
09/2010/tt-nhnn,09/2010/tt-nhnn_16,ARTICLE,CONTAIN,
09/2010/tt-nhnn_16,09/2010/tt-nhnn_15,ARTICLE,GUIDE,
09/2010/tt-nhnn,09/2010/tt-nhnn_17,ARTICLE,CONTAIN,
09/2010/tt-nhnn_17,09/2010/tt-nhnn_18,ARTICLE,GUIDE,
09/2010/tt-nhnn_17,09/2010/tt-nhnn_26,ARTICLE,GUIDE,
09/2010/tt-nhnn,09/2010/tt-nhnn_18,ARTICLE,CONTAIN,
09/2010/tt-nhnn_18,09/2010/tt-nhnn_6,ARTICLE,GUIDE,
09/2010/tt-nhnn_18,09/2010/tt-nhnn_9,ARTICLE,GUIDE,
09/2010/tt-nhnn_18,09/2010/tt-nhnn_15,ARTICLE,GUIDE,
09/2010/tt-nhnn,09/2010/tt-nhnn_19,ARTICLE,CONTAIN,
09/2010/tt-nhnn,09/2010/tt-nhnn_20,ARTICLE,CONTAIN,
09/2010/tt-nhnn,09/2010/tt-nhnn_21,ARTICLE,CONTAIN,
09/2010/tt-nhnn,09/2010/tt-nhnn_22,ARTICLE,CONTAIN,
09/2010/tt-nhnn,09/2010/tt-nhnn_23,ARTICLE,CONTAIN,
09/2010/tt-nhnn,09/2010/tt-nhnn_24,ARTICLE,CONTAIN,
09/2010/tt-nhnn,09/2010/tt-nhnn_25,ARTICLE,CONTAIN,
09/2010/tt-nhnn,09/2010/tt-nhnn_26,ARTICLE,CONTAIN,
09/2010/tt-nhnn,09/2010/tt-nhnn_27,ARTICLE,CONTAIN,
09/2010/tt-nhnn,09/2010/tt-nhnn_28,ARTICLE,CONTAIN,
09/2010/tt-nhnn,09/2010/tt-nhnn_29,ARTICLE,CONTAIN,
11/2010/tt-nhnn,11/2010/tt-nhnn_1,ARTICLE,CONTAIN,
11/2010/tt-nhnn,11/2010/tt-nhnn_2,ARTICLE,CONTAIN,
1909/qđ-nhnn,1909/qđ-nhnn_1,ARTICLE,CONTAIN,
1909/qđ-nhnn,1909/qđ-nhnn_2,ARTICLE,CONTAIN,
1909/qđ-nhnn_2,1909/qđ-nhnn_1,ARTICLE,GUIDE,
1909/qđ-nhnn,1909/qđ-nhnn_3,ARTICLE,CONTAIN,
1909/qđ-nhnn_3,1909/qđ-nhnn_5,ARTICLE,GUIDE,
1909/qđ-nhnn,1909/qđ-nhnn_4,ARTICLE,CONTAIN,
1909/qđ-nhnn,1909/qđ-nhnn_5,ARTICLE,CONTAIN,
1909/qđ-nhnn_5,1909/qđ-nhnn_1,ARTICLE,GUIDE,
1909/qđ-nhnn,1909/qđ-nhnn_6,ARTICLE,CONTAIN,
1909/qđ-nhnn,1909/qđ-nhnn_7,ARTICLE,CONTAIN,
16/2010/tt-nhnn,16/2010/tt-nhnn_1,ARTICLE,CONTAIN,
16/2010/tt-nhnn,16/2010/tt-nhnn_2,ARTICLE,CONTAIN,
16/2010/tt-nhnn,16/2010/tt-nhnn_3,ARTICLE,CONTAIN,
16/2010/tt-nhnn,16/2010/tt-nhnn_4,ARTICLE,CONTAIN,
16/2010/tt-nhnn,16/2010/tt-nhnn_5,ARTICLE,CONTAIN,
16/2010/tt-nhnn_5,10/2010/NĐ-CP_7,ARTICLE,GUIDE,
16/2010/tt-nhnn_5,16/2010/tt-nhnn_4,ARTICLE,GUIDE,
16/2010/tt-nhnn,16/2010/tt-nhnn_6,ARTICLE,CONTAIN,
16/2010/tt-nhnn,16/2010/tt-nhnn_7,ARTICLE,CONTAIN,
16/2010/tt-nhnn,16/2010/tt-nhnn_8,ARTICLE,CONTAIN,
16/2010/tt-nhnn,16/2010/tt-nhnn_9,ARTICLE,CONTAIN,
16/2010/tt-nhnn,16/2010/tt-nhnn_10,ARTICLE,CONTAIN,
16/2010/tt-nhnn,16/2010/tt-nhnn_11,ARTICLE,CONTAIN,
16/2010/tt-nhnn_11,10/2010/NĐ-CP_7,ARTICLE,GUIDE,
16/2010/tt-nhnn_11,16/2010/tt-nhnn_4,ARTICLE,GUIDE,
16/2010/tt-nhnn_11,10/2010/NĐ-CP_8,ARTICLE,GUIDE,
16/2010/tt-nhnn_11,16/2010/tt-nhnn_5,ARTICLE,GUIDE,
16/2010/tt-nhnn,16/2010/tt-nhnn_12,ARTICLE,CONTAIN,
16/2010/tt-nhnn,16/2010/tt-nhnn_13,ARTICLE,CONTAIN,
16/2010/tt-nhnn_13,10/2010/NĐ-CP_11,ARTICLE,GUIDE,
16/2010/tt-nhnn_13,10/2010/NĐ-CP_3,ARTICLE,GUIDE,
16/2010/tt-nhnn_13,56/2009/NĐ-CP_3,ARTICLE,GUIDE,
16/2010/tt-nhnn,16/2010/tt-nhnn_14,ARTICLE,CONTAIN,
16/2010/tt-nhnn,16/2010/tt-nhnn_15,ARTICLE,CONTAIN,
16/2010/tt-nhnn,16/2010/tt-nhnn_16,ARTICLE,CONTAIN,
16/2010/tt-nhnn,16/2010/tt-nhnn_17,ARTICLE,CONTAIN,
16/2010/tt-nhnn,16/2010/tt-nhnn_18,ARTICLE,CONTAIN,
16/2010/tt-nhnn,16/2010/tt-nhnn_19,ARTICLE,CONTAIN,
17/2010/tt-nhnn,17/2010/tt-nhnn_1,ARTICLE,CONTAIN,
17/2010/tt-nhnn_1,01/2010/tt-nhnn_2,ARTICLE,AMEND,
17/2010/tt-nhnn,17/2010/tt-nhnn_2,ARTICLE,CONTAIN,
17/2010/tt-nhnn_2,01/2010/tt-nhnn_2,ARTICLE,AMEND,
18/2010/tt-nhnn,18/2010/tt-nhnn_1,ARTICLE,CONTAIN,
18/2010/tt-nhnn,18/2010/tt-nhnn_2,ARTICLE,CONTAIN,
18/2010/tt-nhnn,18/2010/tt-nhnn_3,ARTICLE,CONTAIN,
18/2010/tt-nhnn_3,18/2010/tt-nhnn_5,ARTICLE,GUIDE,
18/2010/tt-nhnn,18/2010/tt-nhnn_4,ARTICLE,CONTAIN,
18/2010/tt-nhnn,18/2010/tt-nhnn_5,ARTICLE,CONTAIN,
18/2010/tt-nhnn,18/2010/tt-nhnn_6,ARTICLE,CONTAIN,
18/2010/tt-nhnn,18/2010/tt-nhnn_7,ARTICLE,CONTAIN,
46/2010/qh12,46/2010/qh12_1,ARTICLE,CONTAIN,
46/2010/qh12,46/2010/qh12_2,ARTICLE,CONTAIN,
46/2010/qh12,46/2010/qh12_3,ARTICLE,CONTAIN,
46/2010/qh12,46/2010/qh12_4,ARTICLE,CONTAIN,
46/2010/qh12,46/2010/qh12_5,ARTICLE,CONTAIN,
46/2010/qh12,46/2010/qh12_6,ARTICLE,CONTAIN,
46/2010/qh12,46/2010/qh12_7,ARTICLE,CONTAIN,
46/2010/qh12_7,46/2010/qh12_49,ARTICLE,GUIDE,
46/2010/qh12,46/2010/qh12_8,ARTICLE,CONTAIN,
46/2010/qh12,46/2010/qh12_9,ARTICLE,CONTAIN,
46/2010/qh12,46/2010/qh12_10,ARTICLE,CONTAIN,
46/2010/qh12,46/2010/qh12_11,ARTICLE,CONTAIN,
46/2010/qh12,46/2010/qh12_12,ARTICLE,CONTAIN,
46/2010/qh12,46/2010/qh12_13,ARTICLE,CONTAIN,
46/2010/qh12,46/2010/qh12_14,ARTICLE,CONTAIN,
46/2010/qh12,46/2010/qh12_15,ARTICLE,CONTAIN,
46/2010/qh12,46/2010/qh12_16,ARTICLE,CONTAIN,
46/2010/qh12,46/2010/qh12_17,ARTICLE,CONTAIN,
46/2010/qh12,46/2010/qh12_18,ARTICLE,CONTAIN,
46/2010/qh12,46/2010/qh12_19,ARTICLE,CONTAIN,
46/2010/qh12,46/2010/qh12_20,ARTICLE,CONTAIN,
46/2010/qh12,46/2010/qh12_21,ARTICLE,CONTAIN,
46/2010/qh12,46/2010/qh12_22,ARTICLE,CONTAIN,
46/2010/qh12,46/2010/qh12_23,ARTICLE,CONTAIN,
46/2010/qh12,46/2010/qh12_24,ARTICLE,CONTAIN,
46/2010/qh12_24,46/2010/qh12_11,ARTICLE,GUIDE,
46/2010/qh12,46/2010/qh12_25,ARTICLE,CONTAIN,
46/2010/qh12,46/2010/qh12_26,ARTICLE,CONTAIN,
46/2010/qh12,46/2010/qh12_27,ARTICLE,CONTAIN,
46/2010/qh12,46/2010/qh12_28,ARTICLE,CONTAIN,
46/2010/qh12,46/2010/qh12_29,ARTICLE,CONTAIN,
46/2010/qh12,46/2010/qh12_30,ARTICLE,CONTAIN,
46/2010/qh12,46/2010/qh12_31,ARTICLE,CONTAIN,
46/2010/qh12,46/2010/qh12_32,ARTICLE,CONTAIN,
46/2010/qh12,46/2010/qh12_33,ARTICLE,CONTAIN,
46/2010/qh12,46/2010/qh12_34,ARTICLE,CONTAIN,
46/2010/qh12,46/2010/qh12_35,ARTICLE,CONTAIN,
46/2010/qh12,46/2010/qh12_36,ARTICLE,CONTAIN,
46/2010/qh12,46/2010/qh12_37,ARTICLE,CONTAIN,
46/2010/qh12,46/2010/qh12_38,ARTICLE,CONTAIN,
46/2010/qh12,46/2010/qh12_39,ARTICLE,CONTAIN,
46/2010/qh12,46/2010/qh12_40,ARTICLE,CONTAIN,
46/2010/qh12,46/2010/qh12_41,ARTICLE,CONTAIN,
46/2010/qh12,46/2010/qh12_42,ARTICLE,CONTAIN,
46/2010/qh12,46/2010/qh12_43,ARTICLE,CONTAIN,
46/2010/qh12,46/2010/qh12_44,ARTICLE,CONTAIN,
46/2010/qh12,46/2010/qh12_45,ARTICLE,CONTAIN,
46/2010/qh12,46/2010/qh12_46,ARTICLE,CONTAIN,
46/2010/qh12,46/2010/qh12_47,ARTICLE,CONTAIN,
46/2010/qh12,46/2010/qh12_48,ARTICLE,CONTAIN,
46/2010/qh12,46/2010/qh12_49,ARTICLE,CONTAIN,
46/2010/qh12,46/2010/qh12_50,ARTICLE,CONTAIN,
46/2010/qh12,46/2010/qh12_51,ARTICLE,CONTAIN,
46/2010/qh12,46/2010/qh12_52,ARTICLE,CONTAIN,
46/2010/qh12,46/2010/qh12_53,ARTICLE,CONTAIN,
46/2010/qh12,46/2010/qh12_54,ARTICLE,CONTAIN,
46/2010/qh12,46/2010/qh12_55,ARTICLE,CONTAIN,
46/2010/qh12,46/2010/qh12_56,ARTICLE,CONTAIN,
46/2010/qh12,46/2010/qh12_57,ARTICLE,CONTAIN,
46/2010/qh12,46/2010/qh12_58,ARTICLE,CONTAIN,
46/2010/qh12,46/2010/qh12_59,ARTICLE,CONTAIN,
46/2010/qh12,46/2010/qh12_60,ARTICLE,CONTAIN,
46/2010/qh12_60,46/2010/qh12_52,ARTICLE,GUIDE,
46/2010/qh12_60,46/2010/qh12_56,ARTICLE,GUIDE,
46/2010/qh12,46/2010/qh12_61,ARTICLE,CONTAIN,
46/2010/qh12,46/2010/qh12_62,ARTICLE,CONTAIN,
46/2010/qh12,46/2010/qh12_63,ARTICLE,CONTAIN,
46/2010/qh12,46/2010/qh12_64,ARTICLE,CONTAIN,
46/2010/qh12,46/2010/qh12_65,ARTICLE,CONTAIN,
46/2010/qh12,46/2010/qh12_66,ARTICLE,CONTAIN,
24/2009/tt-nhnn,24/2009/tt-nhnn_1,ARTICLE,CONTAIN,
24/2009/tt-nhnn,24/2009/tt-nhnn_2,ARTICLE,CONTAIN,
24/2009/tt-nhnn_2,138/2007/NĐ-CP_12,ARTICLE,GUIDE,
24/2009/tt-nhnn_2,138/2007/NĐ-CP_11,ARTICLE,GUIDE,
24/2009/tt-nhnn,24/2009/tt-nhnn_3,ARTICLE,CONTAIN,
24/2009/tt-nhnn_3,24/2009/tt-nhnn_5,ARTICLE,GUIDE,
24/2009/tt-nhnn,24/2009/tt-nhnn_4,ARTICLE,CONTAIN,
24/2009/tt-nhnn,24/2009/tt-nhnn_5,ARTICLE,CONTAIN,
24/2009/tt-nhnn,24/2009/tt-nhnn_6,ARTICLE,CONTAIN,
24/2009/tt-nhnn,24/2009/tt-nhnn_7,ARTICLE,CONTAIN,
11/2011/tt-nhnn,11/2011/tt-nhnn_1,ARTICLE,CONTAIN,
11/2011/tt-nhnn,11/2011/tt-nhnn_2,ARTICLE,CONTAIN,
11/2011/tt-nhnn,11/2011/tt-nhnn_3,ARTICLE,CONTAIN,
11/2011/tt-nhnn,11/2011/tt-nhnn_4,ARTICLE,CONTAIN,
11/2011/tt-nhnn,11/2011/tt-nhnn_5,ARTICLE,CONTAIN,
13/2011/tt-nhnn,13/2011/tt-nhnn_1,ARTICLE,CONTAIN,
13/2011/tt-nhnn,13/2011/tt-nhnn_2,ARTICLE,CONTAIN,
13/2011/tt-nhnn,13/2011/tt-nhnn_3,ARTICLE,CONTAIN,
13/2011/tt-nhnn,13/2011/tt-nhnn_4,ARTICLE,CONTAIN,
13/2011/tt-nhnn,13/2011/tt-nhnn_5,ARTICLE,CONTAIN,
13/2011/tt-nhnn,13/2011/tt-nhnn_6,ARTICLE,CONTAIN,
13/2011/tt-nhnn,13/2011/tt-nhnn_9,ARTICLE,CONTAIN,
13/2011/tt-nhnn_9,13/2011/tt-nhnn_4,ARTICLE,GUIDE,
13/2011/tt-nhnn,13/2011/tt-nhnn_10,ARTICLE,CONTAIN,
13/2011/tt-nhnn,13/2011/tt-nhnn_11,ARTICLE,CONTAIN,
13/2011/tt-nhnn,13/2011/tt-nhnn_12,ARTICLE,CONTAIN,
13/2011/tt-nhnn,13/2011/tt-nhnn_13,ARTICLE,CONTAIN,
13/2011/tt-nhnn,13/2011/tt-nhnn_14,ARTICLE,CONTAIN,
13/2011/tt-nhnn,13/2011/tt-nhnn_15,ARTICLE,CONTAIN,
13/2011/tt-nhnn,13/2011/tt-nhnn_16,ARTICLE,CONTAIN,
13/2011/tt-nhnn,13/2011/tt-nhnn_17,ARTICLE,CONTAIN,
13/2011/tt-nhnn,13/2011/tt-nhnn_18,ARTICLE,CONTAIN,
13/2011/tt-nhnn,13/2011/tt-nhnn_19,ARTICLE,CONTAIN,
10/2011/tt-nhnn,10/2011/tt-nhnn_1,ARTICLE,CONTAIN,
10/2011/tt-nhnn,10/2011/tt-nhnn_2,ARTICLE,CONTAIN,
10/2011/tt-nhnn,10/2011/tt-nhnn_3,ARTICLE,CONTAIN,
10/2011/tt-nhnn_3,10/2011/tt-nhnn_2,ARTICLE,GUIDE,
10/2011/tt-nhnn,10/2011/tt-nhnn_4,ARTICLE,CONTAIN,
10/2011/tt-nhnn,10/2011/tt-nhnn_5,ARTICLE,CONTAIN,
08/2011/tt-nhnn,08/2011/tt-nhnn_1,ARTICLE,CONTAIN,
08/2011/tt-nhnn,08/2011/tt-nhnn_2,ARTICLE,CONTAIN,
08/2011/tt-nhnn_2,109/2010/NĐ-CP_3,ARTICLE,GUIDE,
08/2011/tt-nhnn,08/2011/tt-nhnn_3,ARTICLE,CONTAIN,
08/2011/tt-nhnn_3,109/2010/NĐ-CP_6,ARTICLE,GUIDE,
08/2011/tt-nhnn_3,109/2010/NĐ-CP_28,ARTICLE,GUIDE,
08/2011/tt-nhnn,08/2011/tt-nhnn_4,ARTICLE,CONTAIN,
08/2011/tt-nhnn,08/2011/tt-nhnn_5,ARTICLE,CONTAIN,
08/2011/tt-nhnn,08/2011/tt-nhnn_6,ARTICLE,CONTAIN,
15/2011/tt-nhnn,15/2011/tt-nhnn_1,ARTICLE,CONTAIN,
15/2011/tt-nhnn,15/2011/tt-nhnn_2,ARTICLE,CONTAIN,
15/2011/tt-nhnn,15/2011/tt-nhnn_3,ARTICLE,CONTAIN,
15/2011/tt-nhnn_3,15/2011/tt-nhnn_2,ARTICLE,GUIDE,
15/2011/tt-nhnn,15/2011/tt-nhnn_4,ARTICLE,CONTAIN,
15/2011/tt-nhnn,15/2011/tt-nhnn_5,ARTICLE,CONTAIN,
15/2011/tt-nhnn_5,160/2006/NĐ-CP_8,ARTICLE,GUIDE,
15/2011/tt-nhnn,15/2011/tt-nhnn_6,ARTICLE,CONTAIN,
15/2011/tt-nhnn,15/2011/tt-nhnn_7,ARTICLE,CONTAIN,
15/2011/tt-nhnn_7,337/1998/QĐ-NHNN7_1,ARTICLE,AMEND,
17/2011/tt-nhnn,17/2011/tt-nhnn_1,ARTICLE,CONTAIN,
17/2011/tt-nhnn,17/2011/tt-nhnn_2,ARTICLE,CONTAIN,
17/2011/tt-nhnn,17/2011/tt-nhnn_3,ARTICLE,CONTAIN,
17/2011/tt-nhnn,17/2011/tt-nhnn_4,ARTICLE,CONTAIN,
17/2011/tt-nhnn,17/2011/tt-nhnn_5,ARTICLE,CONTAIN,
17/2011/tt-nhnn_5,17/2011/tt-nhnn_8,ARTICLE,GUIDE,
17/2011/tt-nhnn,17/2011/tt-nhnn_6,ARTICLE,CONTAIN,
17/2011/tt-nhnn,17/2011/tt-nhnn_7,ARTICLE,CONTAIN,
17/2011/tt-nhnn,17/2011/tt-nhnn_8,ARTICLE,CONTAIN,
17/2011/tt-nhnn,17/2011/tt-nhnn_9,ARTICLE,CONTAIN,
17/2011/tt-nhnn,17/2011/tt-nhnn_10,ARTICLE,CONTAIN,
17/2011/tt-nhnn_10,17/2011/tt-nhnn_3,ARTICLE,GUIDE,
17/2011/tt-nhnn_10,17/2011/tt-nhnn_8,ARTICLE,GUIDE,
17/2011/tt-nhnn_10,17/2011/tt-nhnn_15,ARTICLE,GUIDE,
17/2011/tt-nhnn,17/2011/tt-nhnn_11,ARTICLE,CONTAIN,
17/2011/tt-nhnn,17/2011/tt-nhnn_12,ARTICLE,CONTAIN,
17/2011/tt-nhnn,17/2011/tt-nhnn_13,ARTICLE,CONTAIN,
17/2011/tt-nhnn,17/2011/tt-nhnn_14,ARTICLE,CONTAIN,
17/2011/tt-nhnn,17/2011/tt-nhnn_15,ARTICLE,CONTAIN,
17/2011/tt-nhnn,17/2011/tt-nhnn_16,ARTICLE,CONTAIN,
17/2011/tt-nhnn_16,17/2011/tt-nhnn_15,ARTICLE,GUIDE,
17/2011/tt-nhnn_16,17/2011/tt-nhnn_10,ARTICLE,GUIDE,
17/2011/tt-nhnn,17/2011/tt-nhnn_17,ARTICLE,CONTAIN,
17/2011/tt-nhnn,17/2011/tt-nhnn_18,ARTICLE,CONTAIN,
17/2011/tt-nhnn,17/2011/tt-nhnn_19,ARTICLE,CONTAIN,
17/2011/tt-nhnn,17/2011/tt-nhnn_20,ARTICLE,CONTAIN,
17/2011/tt-nhnn,17/2011/tt-nhnn_21,ARTICLE,CONTAIN,
17/2011/tt-nhnn,17/2011/tt-nhnn_22,ARTICLE,CONTAIN,
17/2011/tt-nhnn_22,03/2009/TT-NHNN_7,ARTICLE,AMEND,
31/2011/tt-nhnn,31/2011/tt-nhnn_1,ARTICLE,CONTAIN,
31/2011/tt-nhnn,31/2011/tt-nhnn_2,ARTICLE,CONTAIN,
31/2011/tt-nhnn,31/2011/tt-nhnn_3,ARTICLE,CONTAIN,
31/2011/tt-nhnn,31/2011/tt-nhnn_4,ARTICLE,CONTAIN,
31/2011/tt-nhnn_4,40/2010/NĐ-CP_3,ARTICLE,GUIDE,
31/2011/tt-nhnn_4,20/2010/TT-BTP_3,ARTICLE,GUIDE,
31/2011/tt-nhnn_4,40/2010/NĐ-CP_6,ARTICLE,GUIDE,
31/2011/tt-nhnn_4,20/2010/TT-BTP_4,ARTICLE,GUIDE,
31/2011/tt-nhnn,31/2011/tt-nhnn_5,ARTICLE,CONTAIN,
31/2011/tt-nhnn,31/2011/tt-nhnn_6,ARTICLE,CONTAIN,
31/2011/tt-nhnn_6,31/2011/tt-nhnn_3,ARTICLE,GUIDE,
31/2011/tt-nhnn,31/2011/tt-nhnn_7,ARTICLE,CONTAIN,
31/2011/tt-nhnn_7,31/2011/tt-nhnn_3,ARTICLE,GUIDE,
31/2011/tt-nhnn,31/2011/tt-nhnn_8,ARTICLE,CONTAIN,
31/2011/tt-nhnn_8,31/2011/tt-nhnn_7,ARTICLE,GUIDE,
31/2011/tt-nhnn,31/2011/tt-nhnn_9,ARTICLE,CONTAIN,
31/2011/tt-nhnn_9,31/2011/tt-nhnn_7,ARTICLE,GUIDE,
31/2011/tt-nhnn,31/2011/tt-nhnn_10,ARTICLE,CONTAIN,
31/2011/tt-nhnn,31/2011/tt-nhnn_11,ARTICLE,CONTAIN,
31/2011/tt-nhnn_11,31/2011/tt-nhnn_3,ARTICLE,GUIDE,
31/2011/tt-nhnn,31/2011/tt-nhnn_12,ARTICLE,CONTAIN,
31/2011/tt-nhnn_12,31/2011/tt-nhnn_15,ARTICLE,GUIDE,
31/2011/tt-nhnn_12,31/2011/tt-nhnn_16,ARTICLE,GUIDE,
31/2011/tt-nhnn,31/2011/tt-nhnn_13,ARTICLE,CONTAIN,
31/2011/tt-nhnn_13,40/2010/NĐ-CP_23,ARTICLE,GUIDE,
31/2011/tt-nhnn,31/2011/tt-nhnn_14,ARTICLE,CONTAIN,
31/2011/tt-nhnn_14,40/2010/NĐ-CP_15,ARTICLE,GUIDE,
31/2011/tt-nhnn_14,20/2010/TT-BTP_10,ARTICLE,GUIDE,
31/2011/tt-nhnn,31/2011/tt-nhnn_15,ARTICLE,CONTAIN,
31/2011/tt-nhnn_15,31/2011/tt-nhnn_3,ARTICLE,REPEAL,
31/2011/tt-nhnn,31/2011/tt-nhnn_16,ARTICLE,CONTAIN,
31/2011/tt-nhnn,31/2011/tt-nhnn_17,ARTICLE,CONTAIN,
31/2011/tt-nhnn_17,40/2010/ND-CP_34,ARTICLE,GUIDE,
31/2011/tt-nhnn,31/2011/tt-nhnn_18,ARTICLE,CONTAIN,
31/2011/tt-nhnn,31/2011/tt-nhnn_19,ARTICLE,CONTAIN,
31/2011/tt-nhnn,31/2011/tt-nhnn_20,ARTICLE,CONTAIN,
31/2011/tt-nhnn_20,40/2010/NĐ-CP_35,ARTICLE,GUIDE,
31/2011/tt-nhnn_20,20/2010/TT-BTP_15,ARTICLE,GUIDE,
31/2011/tt-nhnn,31/2011/tt-nhnn_21,ARTICLE,CONTAIN,
31/2011/tt-nhnn,31/2011/tt-nhnn_22,ARTICLE,CONTAIN,
31/2011/tt-nhnn_22,31/2011/tt-nhnn_7,ARTICLE,GUIDE,
31/2011/tt-nhnn_22,31/2011/tt-nhnn_8,ARTICLE,GUIDE,
31/2011/tt-nhnn,31/2011/tt-nhnn_23,ARTICLE,CONTAIN,
31/2011/tt-nhnn,31/2011/tt-nhnn_24,ARTICLE,CONTAIN,
23/2011/tt-nhnn,23/2011/tt-nhnn_1,ARTICLE,CONTAIN,
23/2011/tt-nhnn_1,38/2007/QĐ-NHNN_6,ARTICLE,AMEND,
23/2011/tt-nhnn,23/2011/tt-nhnn_2,ARTICLE,CONTAIN,
23/2011/tt-nhnn_2,30/2006/QĐ-NHNN_6,ARTICLE,AMEND,
23/2011/tt-nhnn,23/2011/tt-nhnn_3,ARTICLE,CONTAIN,
23/2011/tt-nhnn_3,23/2011/tt-nhnn_9,ARTICLE,AMEND,
23/2011/tt-nhnn,23/2011/tt-nhnn_4,ARTICLE,CONTAIN,
23/2011/tt-nhnn_4,1284/2002/QĐ-NHNN2_2,ARTICLE,AMEND,
23/2011/tt-nhnn,23/2011/tt-nhnn_5,ARTICLE,CONTAIN,
23/2011/tt-nhnn_5,23/2011/tt-nhnn_8,ARTICLE,AMEND,
23/2011/tt-nhnn,23/2011/tt-nhnn_6,ARTICLE,CONTAIN,
23/2011/tt-nhnn_6,23/2010/TT-NHNN_45,ARTICLE,AMEND,
23/2011/tt-nhnn,23/2011/tt-nhnn_7,ARTICLE,CONTAIN,
23/2011/tt-nhnn_7,23/2011/tt-nhnn_9,ARTICLE,AMEND,
23/2011/tt-nhnn_7,23/2011/tt-nhnn_10,ARTICLE,AMEND,
23/2011/tt-nhnn_7,23/2011/tt-nhnn_8,ARTICLE,GUIDE,
23/2011/tt-nhnn,23/2011/tt-nhnn_8,ARTICLE,CONTAIN,
23/2011/tt-nhnn,23/2011/tt-nhnn_9,ARTICLE,CONTAIN,
25/2011/tt-nhnn,25/2011/tt-nhnn_1,ARTICLE,CONTAIN,
25/2011/tt-nhnn,25/2011/tt-nhnn_2,ARTICLE,CONTAIN,
25/2011/tt-nhnn,25/2011/tt-nhnn_3,ARTICLE,CONTAIN,
25/2011/tt-nhnn,25/2011/tt-nhnn_4,ARTICLE,CONTAIN,
25/2011/tt-nhnn,25/2011/tt-nhnn_5,ARTICLE,CONTAIN,
25/2011/tt-nhnn,25/2011/tt-nhnn_6,ARTICLE,CONTAIN,
25/2011/tt-nhnn_6,689/2004/QĐ-NHNN_10,ARTICLE,AMEND,
25/2011/tt-nhnn,25/2011/tt-nhnn_7,ARTICLE,CONTAIN,
25/2011/tt-nhnn_7,21/2008/QĐ-NHNN_7,ARTICLE,AMEND,
25/2011/tt-nhnn,25/2011/tt-nhnn_8,ARTICLE,CONTAIN,
25/2011/tt-nhnn_8,845/2004/QĐ-NHNN_3,ARTICLE,AMEND,
25/2011/tt-nhnn,25/2011/tt-nhnn_9,ARTICLE,CONTAIN,
25/2011/tt-nhnn_9,17/2004/QĐ-NHNN_8,ARTICLE,AMEND,
25/2011/tt-nhnn,25/2011/tt-nhnn_10,ARTICLE,CONTAIN,
25/2011/tt-nhnn,25/2011/tt-nhnn_11,ARTICLE,CONTAIN,
25/2011/tt-nhnn,25/2011/tt-nhnn_12,ARTICLE,CONTAIN,
25/2011/tt-nhnn,25/2011/tt-nhnn_13,ARTICLE,CONTAIN,
25/2011/tt-nhnn,25/2011/tt-nhnn_14,ARTICLE,CONTAIN,
25/2011/tt-nhnn,25/2011/tt-nhnn_15,ARTICLE,CONTAIN,
26/2011/tt-nhnn,26/2011/tt-nhnn_1,ARTICLE,CONTAIN,
26/2011/tt-nhnn_1,898/2003/QĐ-NHNN_10,ARTICLE,AMEND,
26/2011/tt-nhnn,26/2011/tt-nhnn_2,ARTICLE,CONTAIN,
26/2011/tt-nhnn_2,27/2008/QĐ-NHNN_1,ARTICLE,AMEND,
26/2011/tt-nhnn_2,27/2008/QĐ-NHNN_5,ARTICLE,AMEND,
26/2011/tt-nhnn,26/2011/tt-nhnn_3,ARTICLE,CONTAIN,
26/2011/tt-nhnn_3,935/2004/QĐ-NHNN_8,ARTICLE,REPEAL,
26/2011/tt-nhnn,26/2011/tt-nhnn_4,ARTICLE,CONTAIN,
26/2011/tt-nhnn_4,06/2009/TT-NHNN_4,ARTICLE,AMEND,
26/2011/tt-nhnn,26/2011/tt-nhnn_5,ARTICLE,CONTAIN,
26/2011/tt-nhnn_5,16/2009/tt-nhnn_1,ARTICLE,AMEND,
26/2011/tt-nhnn_5,16/2009/tt-nhnn_40,ARTICLE,AMEND,
26/2011/tt-nhnn,26/2011/tt-nhnn_6,ARTICLE,CONTAIN,
26/2011/tt-nhnn,26/2011/tt-nhnn_7,ARTICLE,CONTAIN,
59/2011/qđ-ttg,59/2011/qđ-ttg_1,ARTICLE,CONTAIN,
59/2011/qđ-ttg,59/2011/qđ-ttg_2,ARTICLE,CONTAIN,
59/2011/qđ-ttg,59/2011/qđ-ttg_3,ARTICLE,CONTAIN,
42/2011/tt-nhnn,42/2011/tt-nhnn_1,ARTICLE,CONTAIN,
42/2011/tt-nhnn,42/2011/tt-nhnn_2,ARTICLE,CONTAIN,
42/2011/tt-nhnn_2,42/2011/tt-nhnn_1,ARTICLE,GUIDE,
42/2011/tt-nhnn,42/2011/tt-nhnn_3,ARTICLE,CONTAIN,
42/2011/tt-nhnn,42/2011/tt-nhnn_4,ARTICLE,CONTAIN,
42/2011/tt-nhnn,42/2011/tt-nhnn_5,ARTICLE,CONTAIN,
42/2011/tt-nhnn,42/2011/tt-nhnn_6,ARTICLE,CONTAIN,
42/2011/tt-nhnn,42/2011/tt-nhnn_7,ARTICLE,CONTAIN,
42/2011/tt-nhnn_7,42/2011/tt-nhnn_1,ARTICLE,GUIDE,
42/2011/tt-nhnn,42/2011/tt-nhnn_8,ARTICLE,CONTAIN,
42/2011/tt-nhnn,42/2011/tt-nhnn_9,ARTICLE,CONTAIN,
42/2011/tt-nhnn,42/2011/tt-nhnn_10,ARTICLE,CONTAIN,
42/2011/tt-nhnn,42/2011/tt-nhnn_11,ARTICLE,CONTAIN,
42/2011/tt-nhnn,42/2011/tt-nhnn_12,ARTICLE,CONTAIN,
42/2011/tt-nhnn,42/2011/tt-nhnn_13,ARTICLE,CONTAIN,
42/2011/tt-nhnn,42/2011/tt-nhnn_14,ARTICLE,CONTAIN,
42/2011/tt-nhnn,42/2011/tt-nhnn_15,ARTICLE,CONTAIN,
42/2011/tt-nhnn,42/2011/tt-nhnn_16,ARTICLE,CONTAIN,
42/2011/tt-nhnn,42/2011/tt-nhnn_17,ARTICLE,CONTAIN,
42/2011/tt-nhnn,42/2011/tt-nhnn_18,ARTICLE,CONTAIN,
42/2011/tt-nhnn,42/2011/tt-nhnn_19,ARTICLE,CONTAIN,
37/2011/tt-nhnn,37/2011/tt-nhnn_1,ARTICLE,CONTAIN,
37/2011/tt-nhnn_1,17/2011/tt-nhnn_11,ARTICLE,AMEND,
37/2011/tt-nhnn_1,17/2011/tt-nhnn_20,ARTICLE,AMEND,
37/2011/tt-nhnn_1,17/2011/tt-nhnn_21,ARTICLE,AMEND,
37/2011/tt-nhnn_1,17/2011/tt-nhnn_15,ARTICLE,GUIDE,
37/2011/tt-nhnn,37/2011/tt-nhnn_2,ARTICLE,CONTAIN,
37/2011/tt-nhnn,37/2011/tt-nhnn_3,ARTICLE,CONTAIN,
45/2011/tt-nhnn,45/2011/tt-nhnn_1,ARTICLE,CONTAIN,
45/2011/tt-nhnn,45/2011/tt-nhnn_2,ARTICLE,CONTAIN,
45/2011/tt-nhnn,45/2011/tt-nhnn_3,ARTICLE,CONTAIN,
45/2011/tt-nhnn,45/2011/tt-nhnn_4,ARTICLE,CONTAIN,
45/2011/tt-nhnn,45/2011/tt-nhnn_5,ARTICLE,CONTAIN,
45/2011/tt-nhnn,45/2011/tt-nhnn_6,ARTICLE,CONTAIN,
45/2011/tt-nhnn,45/2011/tt-nhnn_7,ARTICLE,CONTAIN,
45/2011/tt-nhnn,45/2011/tt-nhnn_8,ARTICLE,CONTAIN,
45/2011/tt-nhnn,45/2011/tt-nhnn_9,ARTICLE,CONTAIN,
45/2011/tt-nhnn,45/2011/tt-nhnn_10,ARTICLE,CONTAIN,
45/2011/tt-nhnn,45/2011/tt-nhnn_11,ARTICLE,CONTAIN,
45/2011/tt-nhnn,45/2011/tt-nhnn_12,ARTICLE,CONTAIN,
45/2011/tt-nhnn,45/2011/tt-nhnn_13,ARTICLE,CONTAIN,
45/2011/tt-nhnn,45/2011/tt-nhnn_14,ARTICLE,CONTAIN,
45/2011/tt-nhnn,45/2011/tt-nhnn_15,ARTICLE,CONTAIN,
45/2011/tt-nhnn,45/2011/tt-nhnn_16,ARTICLE,CONTAIN,
45/2011/tt-nhnn,45/2011/tt-nhnn_17,ARTICLE,CONTAIN,
45/2011/tt-nhnn,45/2011/tt-nhnn_18,ARTICLE,CONTAIN,
44/2011/tt-nhnn,44/2011/tt-nhnn_1,ARTICLE,CONTAIN,
44/2011/tt-nhnn,44/2011/tt-nhnn_2,ARTICLE,CONTAIN,
44/2011/tt-nhnn,44/2011/tt-nhnn_3,ARTICLE,CONTAIN,
44/2011/tt-nhnn,44/2011/tt-nhnn_4,ARTICLE,CONTAIN,
44/2011/tt-nhnn,44/2011/tt-nhnn_5,ARTICLE,CONTAIN,
44/2011/tt-nhnn,44/2011/tt-nhnn_6,ARTICLE,CONTAIN,
44/2011/tt-nhnn,44/2011/tt-nhnn_7,ARTICLE,CONTAIN,
44/2011/tt-nhnn_7,32/2024/qh15_40,ARTICLE,GUIDE,
44/2011/tt-nhnn,44/2011/tt-nhnn_8,ARTICLE,CONTAIN,
44/2011/tt-nhnn,44/2011/tt-nhnn_9,ARTICLE,CONTAIN,
44/2011/tt-nhnn,44/2011/tt-nhnn_10,ARTICLE,CONTAIN,
44/2011/tt-nhnn_10,44/2011/tt-nhnn_9,ARTICLE,GUIDE,
44/2011/tt-nhnn_10,44/2011/tt-nhnn_13,ARTICLE,GUIDE,
44/2011/tt-nhnn,44/2011/tt-nhnn_11,ARTICLE,CONTAIN,
44/2011/tt-nhnn,44/2011/tt-nhnn_12,ARTICLE,CONTAIN,
44/2011/tt-nhnn_12,32/2024/qh15_89,ARTICLE,GUIDE,
44/2011/tt-nhnn,44/2011/tt-nhnn_13,ARTICLE,CONTAIN,
44/2011/tt-nhnn_13,44/2011/tt-nhnn_22,ARTICLE,GUIDE,
44/2011/tt-nhnn,44/2011/tt-nhnn_14,ARTICLE,CONTAIN,
44/2011/tt-nhnn,44/2011/tt-nhnn_15,ARTICLE,CONTAIN,
44/2011/tt-nhnn,44/2011/tt-nhnn_16,ARTICLE,CONTAIN,
44/2011/tt-nhnn,44/2011/tt-nhnn_17,ARTICLE,CONTAIN,
44/2011/tt-nhnn,44/2011/tt-nhnn_18,ARTICLE,CONTAIN,
44/2011/tt-nhnn_18,44/2011/tt-nhnn_26,ARTICLE,GUIDE,
44/2011/tt-nhnn_18,44/2011/tt-nhnn_27,ARTICLE,GUIDE,
44/2011/tt-nhnn_18,44/2011/tt-nhnn_28,ARTICLE,GUIDE,
44/2011/tt-nhnn,44/2011/tt-nhnn_19,ARTICLE,CONTAIN,
44/2011/tt-nhnn,44/2011/tt-nhnn_20,ARTICLE,CONTAIN,
44/2011/tt-nhnn,44/2011/tt-nhnn_21,ARTICLE,CONTAIN,
44/2011/tt-nhnn,44/2011/tt-nhnn_22,ARTICLE,CONTAIN,
44/2011/tt-nhnn,44/2011/tt-nhnn_23,ARTICLE,CONTAIN,
44/2011/tt-nhnn,44/2011/tt-nhnn_24,ARTICLE,CONTAIN,
44/2011/tt-nhnn_24,44/2011/tt-nhnn_23,ARTICLE,GUIDE,
44/2011/tt-nhnn,44/2011/tt-nhnn_25,ARTICLE,CONTAIN,
44/2011/tt-nhnn,44/2011/tt-nhnn_26,ARTICLE,CONTAIN,
44/2011/tt-nhnn,44/2011/tt-nhnn_27,ARTICLE,CONTAIN,
44/2011/tt-nhnn,44/2011/tt-nhnn_28,ARTICLE,CONTAIN,
44/2011/tt-nhnn,44/2011/tt-nhnn_29,ARTICLE,CONTAIN,
44/2011/tt-nhnn,44/2011/tt-nhnn_30,ARTICLE,CONTAIN,
44/2011/tt-nhnn_30,44/2011/tt-nhnn_26,ARTICLE,GUIDE,
44/2011/tt-nhnn_30,44/2011/tt-nhnn_27,ARTICLE,GUIDE,
44/2011/tt-nhnn_30,44/2011/tt-nhnn_28,ARTICLE,GUIDE,
44/2011/tt-nhnn,44/2011/tt-nhnn_31,ARTICLE,CONTAIN,
44/2011/tt-nhnn,44/2011/tt-nhnn_32,ARTICLE,CONTAIN,
44/2011/tt-nhnn,44/2011/tt-nhnn_33,ARTICLE,CONTAIN,
44/2011/tt-nhnn,44/2011/tt-nhnn_34,ARTICLE,CONTAIN,
44/2011/tt-nhnn,44/2011/tt-nhnn_35,ARTICLE,CONTAIN,
44/2011/tt-nhnn,44/2011/tt-nhnn_36,ARTICLE,CONTAIN,
44/2011/tt-nhnn,44/2011/tt-nhnn_37,ARTICLE,CONTAIN,
44/2011/tt-nhnn,44/2011/tt-nhnn_38,ARTICLE,CONTAIN,
44/2011/tt-nhnn,44/2011/tt-nhnn_39,ARTICLE,CONTAIN,
44/2011/tt-nhnn,44/2011/tt-nhnn_40,ARTICLE,CONTAIN,
24/2012/nđ-cp,24/2012/nđ-cp_1,ARTICLE,CONTAIN,
24/2012/nđ-cp,24/2012/nđ-cp_2,ARTICLE,CONTAIN,
24/2012/nđ-cp,24/2012/nđ-cp_3,ARTICLE,CONTAIN,
24/2012/nđ-cp,24/2012/nđ-cp_4,ARTICLE,CONTAIN,
24/2012/nđ-cp_4,32/2024/qh15_105,ARTICLE,GUIDE,
24/2012/nđ-cp,24/2012/nđ-cp_5,ARTICLE,CONTAIN,
24/2012/nđ-cp,24/2012/nđ-cp_6,ARTICLE,CONTAIN,
24/2012/nđ-cp_6,24/2012/NĐ-CP_5,ARTICLE,GUIDE,
24/2012/nđ-cp,24/2012/nđ-cp_7,ARTICLE,CONTAIN,
24/2012/nđ-cp,24/2012/nđ-cp_8,ARTICLE,CONTAIN,
24/2012/nđ-cp,24/2012/nđ-cp_9,ARTICLE,CONTAIN,
24/2012/nđ-cp,24/2012/nđ-cp_10,ARTICLE,CONTAIN,
24/2012/nđ-cp,24/2012/nđ-cp_11,ARTICLE,CONTAIN,
24/2012/nđ-cp,24/2012/nđ-cp_12,ARTICLE,CONTAIN,
24/2012/nđ-cp_12,24/2012/NĐ-CP_3,ARTICLE,GUIDE,
24/2012/nđ-cp,24/2012/nđ-cp_13,ARTICLE,CONTAIN,
24/2012/nđ-cp,24/2012/nđ-cp_14,ARTICLE,CONTAIN,
24/2012/nđ-cp,24/2012/nđ-cp_15,ARTICLE,CONTAIN,
24/2012/nđ-cp,24/2012/nđ-cp_16,ARTICLE,CONTAIN,
24/2012/nđ-cp_16,24/2012/nđ-cp_14,ARTICLE,GUIDE,
24/2012/nđ-cp,24/2012/nđ-cp_17,ARTICLE,CONTAIN,
24/2012/nđ-cp,24/2012/nđ-cp_18,ARTICLE,CONTAIN,
24/2012/nđ-cp,24/2012/nđ-cp_19,ARTICLE,CONTAIN,
24/2012/nđ-cp,24/2012/nđ-cp_20,ARTICLE,CONTAIN,
24/2012/nđ-cp,24/2012/nđ-cp_21,ARTICLE,CONTAIN,
24/2012/nđ-cp,24/2012/nđ-cp_22,ARTICLE,CONTAIN,
24/2012/nđ-cp,24/2012/nđ-cp_23,ARTICLE,CONTAIN,
40/2012/nđ-cp,40/2012/nđ-cp_1,ARTICLE,CONTAIN,
40/2012/nđ-cp,40/2012/nđ-cp_2,ARTICLE,CONTAIN,
40/2012/nđ-cp,40/2012/nđ-cp_3,ARTICLE,CONTAIN,
40/2012/nđ-cp,40/2012/nđ-cp_4,ARTICLE,CONTAIN,
40/2012/nđ-cp,40/2012/nđ-cp_5,ARTICLE,CONTAIN,
40/2012/nđ-cp,40/2012/nđ-cp_6,ARTICLE,CONTAIN,
40/2012/nđ-cp,40/2012/nđ-cp_7,ARTICLE,CONTAIN,
40/2012/nđ-cp,40/2012/nđ-cp_8,ARTICLE,CONTAIN,
40/2012/nđ-cp,40/2012/nđ-cp_9,ARTICLE,CONTAIN,
40/2012/nđ-cp,40/2012/nđ-cp_10,ARTICLE,CONTAIN,
40/2012/nđ-cp,40/2012/nđ-cp_11,ARTICLE,CONTAIN,
40/2012/nđ-cp,40/2012/nđ-cp_12,ARTICLE,CONTAIN,
40/2012/nđ-cp,40/2012/nđ-cp_13,ARTICLE,CONTAIN,
40/2012/nđ-cp,40/2012/nđ-cp_14,ARTICLE,CONTAIN,
40/2012/nđ-cp,40/2012/nđ-cp_15,ARTICLE,CONTAIN,
40/2012/nđ-cp,40/2012/nđ-cp_16,ARTICLE,CONTAIN,
40/2012/nđ-cp,40/2012/nđ-cp_17,ARTICLE,CONTAIN,
40/2012/nđ-cp,40/2012/nđ-cp_18,ARTICLE,CONTAIN,
40/2012/nđ-cp,40/2012/nđ-cp_19,ARTICLE,CONTAIN,
40/2012/nđ-cp,40/2012/nđ-cp_20,ARTICLE,CONTAIN,
40/2012/nđ-cp,40/2012/nđ-cp_21,ARTICLE,CONTAIN,
40/2012/nđ-cp,40/2012/nđ-cp_22,ARTICLE,CONTAIN,
40/2012/nđ-cp,40/2012/nđ-cp_23,ARTICLE,CONTAIN,
40/2012/nđ-cp,40/2012/nđ-cp_24,ARTICLE,CONTAIN,
40/2012/nđ-cp,40/2012/nđ-cp_25,ARTICLE,CONTAIN,
40/2012/nđ-cp,40/2012/nđ-cp_26,ARTICLE,CONTAIN,
40/2012/nđ-cp,40/2012/nđ-cp_27,ARTICLE,CONTAIN,
40/2012/nđ-cp_27,46/2010/qh12_23,ARTICLE,GUIDE,
40/2012/nđ-cp,40/2012/nđ-cp_28,ARTICLE,CONTAIN,
40/2012/nđ-cp,40/2012/nđ-cp_29,ARTICLE,CONTAIN,
40/2012/nđ-cp,40/2012/nđ-cp_30,ARTICLE,CONTAIN,
40/2012/nđ-cp,40/2012/nđ-cp_31,ARTICLE,CONTAIN,
40/2012/nđ-cp,40/2012/nđ-cp_32,ARTICLE,CONTAIN,
10/2012/tt-nhnn,10/2012/tt-nhnn_1,ARTICLE,CONTAIN,
10/2012/tt-nhnn,10/2012/tt-nhnn_2,ARTICLE,CONTAIN,
10/2012/tt-nhnn,10/2012/tt-nhnn_3,ARTICLE,CONTAIN,
10/2012/tt-nhnn,10/2012/tt-nhnn_4,ARTICLE,CONTAIN,
10/2012/tt-nhnn_4,10/2012/tt-nhnn_1,ARTICLE,GUIDE,
10/2012/tt-nhnn,10/2012/tt-nhnn_5,ARTICLE,CONTAIN,
10/2012/tt-nhnn,10/2012/tt-nhnn_6,ARTICLE,CONTAIN,
10/2012/tt-nhnn_6,32/2024/qh15_130,ARTICLE,GUIDE,
10/2012/tt-nhnn_6,32/2024/qh15_126,ARTICLE,GUIDE,
10/2012/tt-nhnn_6,32/2024/qh15_127,ARTICLE,GUIDE,
10/2012/tt-nhnn_6,32/2024/qh15_129,ARTICLE,GUIDE,
10/2012/tt-nhnn_6,32/2024/qh15_140,ARTICLE,GUIDE,
10/2012/tt-nhnn_6,39/2011/tt-nhnn_4,ARTICLE,GUIDE,
10/2012/tt-nhnn_6,32/2024/qh15_34,ARTICLE,GUIDE,
10/2012/tt-nhnn_6,32/2024/qh15_36,ARTICLE,GUIDE,
10/2012/tt-nhnn,10/2012/tt-nhnn_7,ARTICLE,CONTAIN,
10/2012/tt-nhnn,10/2012/tt-nhnn_8,ARTICLE,CONTAIN,
10/2012/tt-nhnn_8,10/2012/tt-nhnn_6,ARTICLE,GUIDE,
10/2012/tt-nhnn_8,10/2012/tt-nhnn_7,ARTICLE,GUIDE,
10/2012/tt-nhnn,10/2012/tt-nhnn_9,ARTICLE,CONTAIN,
10/2012/tt-nhnn,10/2012/tt-nhnn_10,ARTICLE,CONTAIN,
10/2012/tt-nhnn_10,10/2012/tt-nhnn_6,ARTICLE,GUIDE,
10/2012/tt-nhnn,10/2012/tt-nhnn_11,ARTICLE,CONTAIN,
10/2012/tt-nhnn,10/2012/tt-nhnn_12,ARTICLE,CONTAIN,
10/2012/tt-nhnn_12,10/2012/tt-nhnn_11,ARTICLE,GUIDE,
10/2012/tt-nhnn_12,10/2012/tt-nhnn_6,ARTICLE,GUIDE,
10/2012/tt-nhnn,10/2012/tt-nhnn_13,ARTICLE,CONTAIN,
10/2012/tt-nhnn,10/2012/tt-nhnn_14,ARTICLE,CONTAIN,
10/2012/tt-nhnn_14,10/2012/tt-nhnn_6,ARTICLE,GUIDE,
10/2012/tt-nhnn,10/2012/tt-nhnn_15,ARTICLE,CONTAIN,
10/2012/tt-nhnn_15,10/2012/tt-nhnn_6,ARTICLE,GUIDE,
10/2012/tt-nhnn,10/2012/tt-nhnn_16,ARTICLE,CONTAIN,
10/2012/tt-nhnn,10/2012/tt-nhnn_17,ARTICLE,CONTAIN,
39/2011/tt-nhnn,39/2011/tt-nhnn_1,ARTICLE,CONTAIN,
39/2011/tt-nhnn,39/2011/tt-nhnn_2,ARTICLE,CONTAIN,
39/2011/tt-nhnn,39/2011/tt-nhnn_3,ARTICLE,CONTAIN,
39/2011/tt-nhnn,39/2011/tt-nhnn_4,ARTICLE,CONTAIN,
39/2011/tt-nhnn_4,32/2024/qh15_153,ARTICLE,GUIDE,
39/2011/tt-nhnn,39/2011/tt-nhnn_5,ARTICLE,CONTAIN,
39/2011/tt-nhnn,39/2011/tt-nhnn_6,ARTICLE,CONTAIN,
39/2011/tt-nhnn_6,39/2011/tt-nhnn_11,ARTICLE,GUIDE,
39/2011/tt-nhnn_6,39/2011/tt-nhnn_12,ARTICLE,GUIDE,
39/2011/tt-nhnn,39/2011/tt-nhnn_7,ARTICLE,CONTAIN,
39/2011/tt-nhnn,39/2011/tt-nhnn_8,ARTICLE,CONTAIN,
39/2011/tt-nhnn,39/2011/tt-nhnn_9,ARTICLE,CONTAIN,
39/2011/tt-nhnn_9,39/2011/tt-nhnn_11,ARTICLE,GUIDE,
39/2011/tt-nhnn_9,39/2011/tt-nhnn_12,ARTICLE,GUIDE,
39/2011/tt-nhnn,39/2011/tt-nhnn_10,ARTICLE,CONTAIN,
39/2011/tt-nhnn,39/2011/tt-nhnn_11,ARTICLE,CONTAIN,
39/2011/tt-nhnn_11,39/2011/tt-nhnn_13,ARTICLE,GUIDE,
39/2011/tt-nhnn,39/2011/tt-nhnn_12,ARTICLE,CONTAIN,
39/2011/tt-nhnn_12,39/2011/tt-nhnn_13,ARTICLE,GUIDE,
39/2011/tt-nhnn,39/2011/tt-nhnn_13,ARTICLE,CONTAIN,
39/2011/tt-nhnn_13,44/2015/qh13_19,ARTICLE,GUIDE,
39/2011/tt-nhnn,39/2011/tt-nhnn_14,ARTICLE,CONTAIN,
39/2011/tt-nhnn,39/2011/tt-nhnn_15,ARTICLE,CONTAIN,
39/2011/tt-nhnn_15,22/2010/qh12_39,ARTICLE,GUIDE,
39/2011/tt-nhnn,39/2011/tt-nhnn_16,ARTICLE,CONTAIN,
39/2011/tt-nhnn_16,39/2011/tt-nhnn_4,ARTICLE,GUIDE,
39/2011/tt-nhnn_16,39/2011/tt-nhnn_15,ARTICLE,GUIDE,
39/2011/tt-nhnn,39/2011/tt-nhnn_17,ARTICLE,CONTAIN,
39/2011/tt-nhnn_17,39/2011/tt-nhnn_16,ARTICLE,GUIDE,
39/2011/tt-nhnn_17,39/2011/tt-nhnn_15,ARTICLE,GUIDE,
39/2011/tt-nhnn_17,39/2011/tt-nhnn_4,ARTICLE,GUIDE,
39/2011/tt-nhnn,39/2011/tt-nhnn_18,ARTICLE,CONTAIN,
39/2011/tt-nhnn,39/2011/tt-nhnn_19,ARTICLE,CONTAIN,
39/2011/tt-nhnn,39/2011/tt-nhnn_20,ARTICLE,CONTAIN,
07/2012/tt-nhnn,07/2012/tt-nhnn_1,ARTICLE,CONTAIN,
07/2012/tt-nhnn,07/2012/tt-nhnn_2,ARTICLE,CONTAIN,
07/2012/tt-nhnn,07/2012/tt-nhnn_3,ARTICLE,CONTAIN,
07/2012/tt-nhnn,07/2012/tt-nhnn_4,ARTICLE,CONTAIN,
07/2012/tt-nhnn,07/2012/tt-nhnn_5,ARTICLE,CONTAIN,
07/2012/tt-nhnn,07/2012/tt-nhnn_6,ARTICLE,CONTAIN,
07/2012/tt-nhnn_6,1081/2002/QĐ-NHNN_1,ARTICLE,AMEND,
12/2012/tt-nhnn,12/2012/tt-nhnn_1,ARTICLE,CONTAIN,
12/2012/tt-nhnn_1,11/2011/tt-nhnn_2,ARTICLE,AMEND,
12/2012/tt-nhnn_1,11/2011/tt-nhnn_3,ARTICLE,AMEND,
12/2012/tt-nhnn_1,11/2011/tt-nhnn_4,ARTICLE,AMEND,
12/2012/tt-nhnn,12/2012/tt-nhnn_2,ARTICLE,CONTAIN,
01/2012/tt-nhnn,01/2012/tt-nhnn_1,ARTICLE,CONTAIN,
01/2012/tt-nhnn,01/2012/tt-nhnn_2,ARTICLE,CONTAIN,
01/2012/tt-nhnn,01/2012/tt-nhnn_3,ARTICLE,CONTAIN,
01/2012/tt-nhnn,01/2012/tt-nhnn_4,ARTICLE,CONTAIN,
01/2012/tt-nhnn,01/2012/tt-nhnn_5,ARTICLE,CONTAIN,
01/2012/tt-nhnn,01/2012/tt-nhnn_6,ARTICLE,CONTAIN,
01/2012/tt-nhnn,01/2012/tt-nhnn_7,ARTICLE,CONTAIN,
01/2012/tt-nhnn,01/2012/tt-nhnn_8,ARTICLE,CONTAIN,
01/2012/tt-nhnn_8,01/2012/tt-nhnn_9,ARTICLE,GUIDE,
01/2012/tt-nhnn,01/2012/tt-nhnn_9,ARTICLE,CONTAIN,
01/2012/tt-nhnn,01/2012/tt-nhnn_10,ARTICLE,CONTAIN,
01/2012/tt-nhnn,01/2012/tt-nhnn_11,ARTICLE,CONTAIN,
01/2012/tt-nhnn,01/2012/tt-nhnn_12,ARTICLE,CONTAIN,
01/2012/tt-nhnn,01/2012/tt-nhnn_13,ARTICLE,CONTAIN,
01/2012/tt-nhnn,01/2012/tt-nhnn_14,ARTICLE,CONTAIN,
01/2012/tt-nhnn,01/2012/tt-nhnn_15,ARTICLE,CONTAIN,
01/2012/tt-nhnn,01/2012/tt-nhnn_16,ARTICLE,CONTAIN,
01/2012/tt-nhnn,01/2012/tt-nhnn_17,ARTICLE,CONTAIN,
01/2012/tt-nhnn_17,01/2012/tt-nhnn_14,ARTICLE,GUIDE,
01/2012/tt-nhnn,01/2012/tt-nhnn_18,ARTICLE,CONTAIN,
01/2012/tt-nhnn,01/2012/tt-nhnn_19,ARTICLE,CONTAIN,
01/2012/tt-nhnn_19,01/2012/tt-nhnn_17,ARTICLE,GUIDE,
01/2012/tt-nhnn,01/2012/tt-nhnn_20,ARTICLE,CONTAIN,
06/2012/qh13,06/2012/qh13_1,ARTICLE,CONTAIN,
06/2012/qh13,06/2012/qh13_2,ARTICLE,CONTAIN,
06/2012/qh13,06/2012/qh13_3,ARTICLE,CONTAIN,
06/2012/qh13,06/2012/qh13_4,ARTICLE,CONTAIN,
06/2012/qh13,06/2012/qh13_5,ARTICLE,CONTAIN,
06/2012/qh13,06/2012/qh13_6,ARTICLE,CONTAIN,
06/2012/qh13,06/2012/qh13_7,ARTICLE,CONTAIN,
06/2012/qh13,06/2012/qh13_8,ARTICLE,CONTAIN,
06/2012/qh13,06/2012/qh13_9,ARTICLE,CONTAIN,
06/2012/qh13,06/2012/qh13_10,ARTICLE,CONTAIN,
06/2012/qh13,06/2012/qh13_11,ARTICLE,CONTAIN,
06/2012/qh13,06/2012/qh13_12,ARTICLE,CONTAIN,
06/2012/qh13,06/2012/qh13_13,ARTICLE,CONTAIN,
06/2012/qh13,06/2012/qh13_14,ARTICLE,CONTAIN,
06/2012/qh13,06/2012/qh13_15,ARTICLE,CONTAIN,
06/2012/qh13,06/2012/qh13_16,ARTICLE,CONTAIN,
06/2012/qh13,06/2012/qh13_17,ARTICLE,CONTAIN,
06/2012/qh13,06/2012/qh13_18,ARTICLE,CONTAIN,
06/2012/qh13_18,06/2012/qh13_19,ARTICLE,GUIDE,
06/2012/qh13,06/2012/qh13_19,ARTICLE,CONTAIN,
06/2012/qh13,06/2012/qh13_20,ARTICLE,CONTAIN,
06/2012/qh13,06/2012/qh13_21,ARTICLE,CONTAIN,
06/2012/qh13_21,06/2012/qh13_20,ARTICLE,GUIDE,
06/2012/qh13,06/2012/qh13_22,ARTICLE,CONTAIN,
06/2012/qh13,06/2012/qh13_23,ARTICLE,CONTAIN,
06/2012/qh13,06/2012/qh13_24,ARTICLE,CONTAIN,
06/2012/qh13,06/2012/qh13_25,ARTICLE,CONTAIN,
06/2012/qh13_25,06/2012/qh13_24,ARTICLE,GUIDE,
06/2012/qh13,06/2012/qh13_26,ARTICLE,CONTAIN,
06/2012/qh13,06/2012/qh13_27,ARTICLE,CONTAIN,
06/2012/qh13,06/2012/qh13_28,ARTICLE,CONTAIN,
06/2012/qh13_28,06/2012/qh13_26,ARTICLE,GUIDE,
06/2012/qh13,06/2012/qh13_29,ARTICLE,CONTAIN,
06/2012/qh13,06/2012/qh13_30,ARTICLE,CONTAIN,
06/2012/qh13,06/2012/qh13_31,ARTICLE,CONTAIN,
06/2012/qh13,06/2012/qh13_32,ARTICLE,CONTAIN,
06/2012/qh13,06/2012/qh13_33,ARTICLE,CONTAIN,
06/2012/qh13_33,06/2012/qh13_13,ARTICLE,GUIDE,
06/2012/qh13_33,06/2012/qh13_16,ARTICLE,GUIDE,
06/2012/qh13_33,06/2012/qh13_26,ARTICLE,GUIDE,
06/2012/qh13,06/2012/qh13_34,ARTICLE,CONTAIN,
06/2012/qh13,06/2012/qh13_35,ARTICLE,CONTAIN,
06/2012/qh13,06/2012/qh13_36,ARTICLE,CONTAIN,
06/2012/qh13,06/2012/qh13_37,ARTICLE,CONTAIN,
06/2012/qh13,06/2012/qh13_38,ARTICLE,CONTAIN,
06/2012/qh13,06/2012/qh13_39,ARTICLE,CONTAIN,
07/2012/qh13,07/2012/qh13_1,ARTICLE,CONTAIN,
07/2012/qh13,07/2012/qh13_2,ARTICLE,CONTAIN,
07/2012/qh13,07/2012/qh13_3,ARTICLE,CONTAIN,
07/2012/qh13,07/2012/qh13_4,ARTICLE,CONTAIN,
07/2012/qh13,07/2012/qh13_5,ARTICLE,CONTAIN,
07/2012/qh13,07/2012/qh13_6,ARTICLE,CONTAIN,
07/2012/qh13,07/2012/qh13_7,ARTICLE,CONTAIN,
07/2012/qh13,07/2012/qh13_8,ARTICLE,CONTAIN,
07/2012/qh13_8,07/2012/qh13_4,ARTICLE,GUIDE,
07/2012/qh13,07/2012/qh13_9,ARTICLE,CONTAIN,
07/2012/qh13,07/2012/qh13_10,ARTICLE,CONTAIN,
07/2012/qh13,07/2012/qh13_11,ARTICLE,CONTAIN,
07/2012/qh13_11,07/2012/qh13_9,ARTICLE,GUIDE,
07/2012/qh13_11,07/2012/qh13_10,ARTICLE,GUIDE,
07/2012/qh13,07/2012/qh13_12,ARTICLE,CONTAIN,
07/2012/qh13_12,07/2012/qh13_9,ARTICLE,GUIDE,
07/2012/qh13_12,07/2012/qh13_13,ARTICLE,GUIDE,
07/2012/qh13_12,07/2012/qh13_14,ARTICLE,GUIDE,
07/2012/qh13_12,07/2012/qh13_15,ARTICLE,GUIDE,
07/2012/qh13_12,07/2012/qh13_16,ARTICLE,GUIDE,
07/2012/qh13_12,07/2012/qh13_17,ARTICLE,GUIDE,
07/2012/qh13,07/2012/qh13_13,ARTICLE,CONTAIN,
07/2012/qh13,07/2012/qh13_14,ARTICLE,CONTAIN,
07/2012/qh13,07/2012/qh13_15,ARTICLE,CONTAIN,
07/2012/qh13,07/2012/qh13_16,ARTICLE,CONTAIN,
07/2012/qh13,07/2012/qh13_17,ARTICLE,CONTAIN,
07/2012/qh13,07/2012/qh13_18,ARTICLE,CONTAIN,
07/2012/qh13,07/2012/qh13_19,ARTICLE,CONTAIN,
07/2012/qh13,07/2012/qh13_20,ARTICLE,CONTAIN,
07/2012/qh13,07/2012/qh13_21,ARTICLE,CONTAIN,
07/2012/qh13,07/2012/qh13_22,ARTICLE,CONTAIN,
07/2012/qh13,07/2012/qh13_23,ARTICLE,CONTAIN,
07/2012/qh13,07/2012/qh13_24,ARTICLE,CONTAIN,
07/2012/qh13,07/2012/qh13_25,ARTICLE,CONTAIN,
07/2012/qh13_25,07/2012/qh13_21,ARTICLE,GUIDE,
07/2012/qh13_25,07/2012/qh13_22,ARTICLE,GUIDE,
07/2012/qh13_25,07/2012/qh13_23,ARTICLE,GUIDE,
07/2012/qh13,07/2012/qh13_26,ARTICLE,CONTAIN,
07/2012/qh13,07/2012/qh13_27,ARTICLE,CONTAIN,
07/2012/qh13,07/2012/qh13_28,ARTICLE,CONTAIN,
07/2012/qh13,07/2012/qh13_29,ARTICLE,CONTAIN,
07/2012/qh13,07/2012/qh13_30,ARTICLE,CONTAIN,
07/2012/qh13,07/2012/qh13_31,ARTICLE,CONTAIN,
07/2012/qh13,07/2012/qh13_32,ARTICLE,CONTAIN,
07/2012/qh13,07/2012/qh13_33,ARTICLE,CONTAIN,
07/2012/qh13,07/2012/qh13_34,ARTICLE,CONTAIN,
07/2012/qh13,07/2012/qh13_35,ARTICLE,CONTAIN,
07/2012/qh13,07/2012/qh13_36,ARTICLE,CONTAIN,
07/2012/qh13,07/2012/qh13_37,ARTICLE,CONTAIN,
07/2012/qh13,07/2012/qh13_38,ARTICLE,CONTAIN,
07/2012/qh13_38,07/2012/qh13_4,ARTICLE,GUIDE,
07/2012/qh13,07/2012/qh13_39,ARTICLE,CONTAIN,
07/2012/qh13_39,07/2012/qh13_24,ARTICLE,GUIDE,
07/2012/qh13,07/2012/qh13_40,ARTICLE,CONTAIN,
07/2012/qh13,07/2012/qh13_41,ARTICLE,CONTAIN,
07/2012/qh13,07/2012/qh13_42,ARTICLE,CONTAIN,
07/2012/qh13,07/2012/qh13_43,ARTICLE,CONTAIN,
07/2012/qh13,07/2012/qh13_44,ARTICLE,CONTAIN,
07/2012/qh13,07/2012/qh13_45,ARTICLE,CONTAIN,
07/2012/qh13_45,07/2012/qh13_36,ARTICLE,GUIDE,
07/2012/qh13_45,07/2012/qh13_44,ARTICLE,GUIDE,
07/2012/qh13,07/2012/qh13_46,ARTICLE,CONTAIN,
07/2012/qh13,07/2012/qh13_47,ARTICLE,CONTAIN,
07/2012/qh13,07/2012/qh13_48,ARTICLE,CONTAIN,
07/2012/qh13,07/2012/qh13_49,ARTICLE,CONTAIN,
07/2012/qh13,07/2012/qh13_50,ARTICLE,CONTAIN,
21/2012/tt-nhnn,21/2012/tt-nhnn_1,ARTICLE,CONTAIN,
21/2012/tt-nhnn,21/2012/tt-nhnn_2,ARTICLE,CONTAIN,
21/2012/tt-nhnn,21/2012/tt-nhnn_3,ARTICLE,CONTAIN,
21/2012/tt-nhnn,21/2012/tt-nhnn_4,ARTICLE,CONTAIN,
21/2012/tt-nhnn,21/2012/tt-nhnn_5,ARTICLE,CONTAIN,
21/2012/tt-nhnn,21/2012/tt-nhnn_6,ARTICLE,CONTAIN,
21/2012/tt-nhnn,21/2012/tt-nhnn_7,ARTICLE,CONTAIN,
21/2012/tt-nhnn,21/2012/tt-nhnn_8,ARTICLE,CONTAIN,
21/2012/tt-nhnn_8,21/2012/tt-nhnn_4,ARTICLE,GUIDE,
21/2012/tt-nhnn,21/2012/tt-nhnn_9,ARTICLE,CONTAIN,
21/2012/tt-nhnn,21/2012/tt-nhnn_10,ARTICLE,CONTAIN,
21/2012/tt-nhnn,21/2012/tt-nhnn_11,ARTICLE,CONTAIN,
21/2012/tt-nhnn,21/2012/tt-nhnn_12,ARTICLE,CONTAIN,
21/2012/tt-nhnn,21/2012/tt-nhnn_13,ARTICLE,CONTAIN,
21/2012/tt-nhnn,21/2012/tt-nhnn_14,ARTICLE,CONTAIN,
21/2012/tt-nhnn,21/2012/tt-nhnn_15,ARTICLE,CONTAIN,
21/2012/tt-nhnn,21/2012/tt-nhnn_16,ARTICLE,CONTAIN,
21/2012/tt-nhnn,21/2012/tt-nhnn_17,ARTICLE,CONTAIN,
21/2012/tt-nhnn_17,21/2012/tt-nhnn_9,ARTICLE,GUIDE,
21/2012/tt-nhnn,21/2012/tt-nhnn_18,ARTICLE,CONTAIN,
21/2012/tt-nhnn_18,21/2012/tt-nhnn_4,ARTICLE,GUIDE,
21/2012/tt-nhnn,21/2012/tt-nhnn_19,ARTICLE,CONTAIN,
21/2012/tt-nhnn,21/2012/tt-nhnn_20,ARTICLE,CONTAIN,
21/2012/tt-nhnn,21/2012/tt-nhnn_21,ARTICLE,CONTAIN,
21/2012/tt-nhnn,21/2012/tt-nhnn_22,ARTICLE,CONTAIN,
21/2012/tt-nhnn,21/2012/tt-nhnn_23,ARTICLE,CONTAIN,
21/2012/tt-nhnn,21/2012/tt-nhnn_24,ARTICLE,CONTAIN,
21/2012/tt-nhnn,21/2012/tt-nhnn_25,ARTICLE,CONTAIN,
21/2012/tt-nhnn,21/2012/tt-nhnn_26,ARTICLE,CONTAIN,
21/2012/tt-nhnn,21/2012/tt-nhnn_27,ARTICLE,CONTAIN,
21/2012/tt-nhnn_27,21/2012/tt-nhnn_16,ARTICLE,GUIDE,
21/2012/tt-nhnn_27,21/2012/tt-nhnn_26,ARTICLE,GUIDE,
21/2012/tt-nhnn,21/2012/tt-nhnn_28,ARTICLE,CONTAIN,
21/2012/tt-nhnn_28,1325/2004/QĐ-NHNN_10,ARTICLE,AMEND,
21/2012/tt-nhnn_28,1325/2004/QĐ-NHNN_12,ARTICLE,AMEND,
40/2012/qđ-ttg,40/2012/qđ-ttg_1,ARTICLE,CONTAIN,
40/2012/qđ-ttg,40/2012/qđ-ttg_2,ARTICLE,CONTAIN,
40/2012/qđ-ttg,40/2012/qđ-ttg_3,ARTICLE,CONTAIN,
40/2012/qđ-ttg,40/2012/qđ-ttg_4,ARTICLE,CONTAIN,
40/2012/qđ-ttg,40/2012/qđ-ttg_5,ARTICLE,CONTAIN,
40/2012/qđ-ttg,40/2012/qđ-ttg_6,ARTICLE,CONTAIN,
40/2012/qđ-ttg_6,40/2012/qđ-ttg_5,ARTICLE,GUIDE,
40/2012/qđ-ttg,40/2012/qđ-ttg_7,ARTICLE,CONTAIN,
40/2012/qđ-ttg_7,40/2012/qđ-ttg_5,ARTICLE,GUIDE,
40/2012/qđ-ttg,40/2012/qđ-ttg_8,ARTICLE,CONTAIN,
40/2012/qđ-ttg,40/2012/qđ-ttg_9,ARTICLE,CONTAIN,
40/2012/qđ-ttg,40/2012/qđ-ttg_10,ARTICLE,CONTAIN,
40/2012/qđ-ttg,40/2012/qđ-ttg_11,ARTICLE,CONTAIN,
40/2012/qđ-ttg_11,40/2012/qđ-ttg_9,ARTICLE,GUIDE,
40/2012/qđ-ttg,40/2012/qđ-ttg_12,ARTICLE,CONTAIN,
40/2012/qđ-ttg,40/2012/qđ-ttg_13,ARTICLE,CONTAIN,
40/2012/qđ-ttg,40/2012/qđ-ttg_14,ARTICLE,CONTAIN,
26/2012/tt-nhnn,26/2012/tt-nhnn_1,ARTICLE,CONTAIN,
26/2012/tt-nhnn,26/2012/tt-nhnn_2,ARTICLE,CONTAIN,
26/2012/tt-nhnn,26/2012/tt-nhnn_3,ARTICLE,CONTAIN,
26/2012/tt-nhnn,26/2012/tt-nhnn_4,ARTICLE,CONTAIN,
26/2012/tt-nhnn,26/2012/tt-nhnn_5,ARTICLE,CONTAIN,
26/2012/tt-nhnn_5,32/2024/qh15_129,ARTICLE,GUIDE,
26/2012/tt-nhnn_5,32/2024/qh15_130,ARTICLE,GUIDE,
26/2012/tt-nhnn_5,32/2024/qh15_40,ARTICLE,GUIDE,
26/2012/tt-nhnn_5,32/2024/qh15_41,ARTICLE,GUIDE,
26/2012/tt-nhnn,26/2012/tt-nhnn_6,ARTICLE,CONTAIN,
26/2012/tt-nhnn,26/2012/tt-nhnn_7,ARTICLE,CONTAIN,
26/2012/tt-nhnn_7,26/2012/tt-nhnn_6,ARTICLE,GUIDE,
26/2012/tt-nhnn,26/2012/tt-nhnn_8,ARTICLE,CONTAIN,
26/2012/tt-nhnn_8,26/2012/tt-nhnn_6,ARTICLE,GUIDE,
26/2012/tt-nhnn,26/2012/tt-nhnn_9,ARTICLE,CONTAIN,
26/2012/tt-nhnn_9,26/2012/tt-nhnn_8,ARTICLE,GUIDE,
26/2012/tt-nhnn,26/2012/tt-nhnn_10,ARTICLE,CONTAIN,
26/2012/tt-nhnn,26/2012/tt-nhnn_11,ARTICLE,CONTAIN,
24/2012/tt-nhnn,24/2012/tt-nhnn_1,ARTICLE,CONTAIN,
24/2012/tt-nhnn_1,11/2011/tt-nhnn_1,ARTICLE,AMEND,
24/2012/tt-nhnn,24/2012/tt-nhnn_2,ARTICLE,CONTAIN,
30/2012/tt-nhnn,30/2012/tt-nhnn_1,ARTICLE,CONTAIN,
30/2012/tt-nhnn,30/2012/tt-nhnn_2,ARTICLE,CONTAIN,
30/2012/tt-nhnn,30/2012/tt-nhnn_3,ARTICLE,CONTAIN,
30/2012/tt-nhnn,30/2012/tt-nhnn_4,ARTICLE,CONTAIN,
30/2012/tt-nhnn,30/2012/tt-nhnn_5,ARTICLE,CONTAIN,
30/2012/tt-nhnn,30/2012/tt-nhnn_6,ARTICLE,CONTAIN,
30/2012/tt-nhnn,30/2012/tt-nhnn_7,ARTICLE,CONTAIN,
30/2012/tt-nhnn,30/2012/tt-nhnn_8,ARTICLE,CONTAIN,
25/2012/tt-nhnn,25/2012/tt-nhnn_1,ARTICLE,CONTAIN,
25/2012/tt-nhnn,25/2012/tt-nhnn_2,ARTICLE,CONTAIN,
25/2012/tt-nhnn,25/2012/tt-nhnn_3,ARTICLE,CONTAIN,
15/2013/qđ-ttg,15/2013/qđ-ttg_1,ARTICLE,CONTAIN,
15/2013/qđ-ttg,15/2013/qđ-ttg_2,ARTICLE,CONTAIN,
15/2013/qđ-ttg,15/2013/qđ-ttg_3,ARTICLE,CONTAIN,
15/2013/qđ-ttg,15/2013/qđ-ttg_4,ARTICLE,CONTAIN,
15/2013/qđ-ttg,15/2013/qđ-ttg_5,ARTICLE,CONTAIN,
15/2013/qđ-ttg,15/2013/qđ-ttg_6,ARTICLE,CONTAIN,
15/2013/qđ-ttg,15/2013/qđ-ttg_7,ARTICLE,CONTAIN,
16/2013/qđ-ttg,16/2013/qđ-ttg_1,ARTICLE,CONTAIN,
16/2013/qđ-ttg,16/2013/qđ-ttg_2,ARTICLE,CONTAIN,
16/2013/qđ-ttg_2,16/2013/qđ-ttg_6,ARTICLE,GUIDE,
16/2013/qđ-ttg,16/2013/qđ-ttg_3,ARTICLE,CONTAIN,
16/2013/qđ-ttg_3,16/2013/qđ-ttg_5,ARTICLE,GUIDE,
16/2013/qđ-ttg,16/2013/qđ-ttg_4,ARTICLE,CONTAIN,
16/2013/qđ-ttg,16/2013/qđ-ttg_5,ARTICLE,CONTAIN,
16/2013/qđ-ttg_5,16/2013/qđ-ttg_6,ARTICLE,GUIDE,
16/2013/qđ-ttg,16/2013/qđ-ttg_6,ARTICLE,CONTAIN,
16/2013/qđ-ttg,16/2013/qđ-ttg_7,ARTICLE,CONTAIN,
16/2013/qđ-ttg_7,16/2013/qđ-ttg_6,ARTICLE,GUIDE,
16/2013/qđ-ttg,16/2013/qđ-ttg_8,ARTICLE,CONTAIN,
16/2013/qđ-ttg,16/2013/qđ-ttg_9,ARTICLE,CONTAIN,
04/2013/tt-nhnn,04/2013/tt-nhnn_1,ARTICLE,CONTAIN,
04/2013/tt-nhnn,04/2013/tt-nhnn_2,ARTICLE,CONTAIN,
04/2013/tt-nhnn,04/2013/tt-nhnn_3,ARTICLE,CONTAIN,
04/2013/tt-nhnn,04/2013/tt-nhnn_4,ARTICLE,CONTAIN,
04/2013/tt-nhnn_4,04/2013/tt-nhnn_2,ARTICLE,GUIDE,
04/2013/tt-nhnn,04/2013/tt-nhnn_5,ARTICLE,CONTAIN,
04/2013/tt-nhnn,04/2013/tt-nhnn_6,ARTICLE,CONTAIN,
04/2013/tt-nhnn,04/2013/tt-nhnn_7,ARTICLE,CONTAIN,
04/2013/tt-nhnn,04/2013/tt-nhnn_8,ARTICLE,CONTAIN,
04/2013/tt-nhnn,04/2013/tt-nhnn_9,ARTICLE,CONTAIN,
04/2013/tt-nhnn,04/2013/tt-nhnn_10,ARTICLE,CONTAIN,
04/2013/tt-nhnn,04/2013/tt-nhnn_11,ARTICLE,CONTAIN,
04/2013/tt-nhnn,04/2013/tt-nhnn_12,ARTICLE,CONTAIN,
04/2013/tt-nhnn,04/2013/tt-nhnn_13,ARTICLE,CONTAIN,
04/2013/tt-nhnn,04/2013/tt-nhnn_14,ARTICLE,CONTAIN,
04/2013/tt-nhnn,04/2013/tt-nhnn_15,ARTICLE,CONTAIN,
04/2013/tt-nhnn,04/2013/tt-nhnn_16,ARTICLE,CONTAIN,
04/2013/tt-nhnn,04/2013/tt-nhnn_17,ARTICLE,CONTAIN,
04/2013/tt-nhnn,04/2013/tt-nhnn_18,ARTICLE,CONTAIN,
04/2013/tt-nhnn,04/2013/tt-nhnn_19,ARTICLE,CONTAIN,
04/2013/tt-nhnn_19,1325/2004/QĐ-NHNN_10,ARTICLE,REPEAL,
04/2013/tt-nhnn_19,1325/2004/QĐ-NHNN_12,ARTICLE,REPEAL,
06/2013/tt-nhnn,06/2013/tt-nhnn_1,ARTICLE,CONTAIN,
06/2013/tt-nhnn,06/2013/tt-nhnn_2,ARTICLE,CONTAIN,
06/2013/tt-nhnn,06/2013/tt-nhnn_3,ARTICLE,CONTAIN,
06/2013/tt-nhnn,06/2013/tt-nhnn_4,ARTICLE,CONTAIN,
06/2013/tt-nhnn,06/2013/tt-nhnn_5,ARTICLE,CONTAIN,
06/2013/tt-nhnn_5,06/2013/tt-nhnn_3,ARTICLE,GUIDE,
06/2013/tt-nhnn,06/2013/tt-nhnn_6,ARTICLE,CONTAIN,
06/2013/tt-nhnn,06/2013/tt-nhnn_7,ARTICLE,CONTAIN,
06/2013/tt-nhnn,06/2013/tt-nhnn_8,ARTICLE,CONTAIN,
06/2013/tt-nhnn,06/2013/tt-nhnn_9,ARTICLE,CONTAIN,
06/2013/tt-nhnn,06/2013/tt-nhnn_10,ARTICLE,CONTAIN,
06/2013/tt-nhnn,06/2013/tt-nhnn_11,ARTICLE,CONTAIN,
06/2013/tt-nhnn,06/2013/tt-nhnn_12,ARTICLE,CONTAIN,
06/2013/tt-nhnn,06/2013/tt-nhnn_13,ARTICLE,CONTAIN,
06/2013/tt-nhnn,06/2013/tt-nhnn_14,ARTICLE,CONTAIN,
06/2013/tt-nhnn,06/2013/tt-nhnn_15,ARTICLE,CONTAIN,
06/2013/tt-nhnn,06/2013/tt-nhnn_ 16,ARTICLE,CONTAIN,
06/2013/tt-nhnn_ 16,06/2013/tt-nhnn_13,ARTICLE,GUIDE,
06/2013/tt-nhnn_ 16,06/2013/tt-nhnn_15,ARTICLE,GUIDE,
06/2013/tt-nhnn,06/2013/tt-nhnn_17,ARTICLE,CONTAIN,
06/2013/tt-nhnn,06/2013/tt-nhnn_18,ARTICLE,CONTAIN,
06/2013/tt-nhnn_18,06/2013/tt-nhnn_13,ARTICLE,GUIDE,
06/2013/tt-nhnn_18,06/2013/tt-nhnn_15,ARTICLE,GUIDE,
06/2013/tt-nhnn,06/2013/tt-nhnn_19,ARTICLE,CONTAIN,
06/2013/tt-nhnn,06/2013/tt-nhnn_20,ARTICLE,CONTAIN,
06/2013/tt-nhnn_20,06/2013/tt-nhnn_5,ARTICLE,GUIDE,
06/2013/tt-nhnn,06/2013/tt-nhnn_21,ARTICLE,CONTAIN,
06/2013/tt-nhnn_21,06/2013/tt-nhnn_19,ARTICLE,GUIDE,
06/2013/tt-nhnn,06/2013/tt-nhnn_22,ARTICLE,CONTAIN,
06/2013/tt-nhnn,06/2013/tt-nhnn_23,ARTICLE,CONTAIN,
06/2013/tt-nhnn_23,06/2013/tt-nhnn_16,ARTICLE,GUIDE,
06/2013/tt-nhnn_23,06/2013/tt-nhnn_5,ARTICLE,GUIDE,
06/2013/tt-nhnn,06/2013/tt-nhnn_24,ARTICLE,CONTAIN,
06/2013/tt-nhnn,06/2013/tt-nhnn_25,ARTICLE,CONTAIN,
06/2013/tt-nhnn_25,06/2013/tt-nhnn_5,ARTICLE,GUIDE,
06/2013/tt-nhnn,06/2013/tt-nhnn_26,ARTICLE,CONTAIN,
53/2013/nđ-cp,53/2013/nđ-cp_1,ARTICLE,CONTAIN,
53/2013/nđ-cp,53/2013/nđ-cp_2,ARTICLE,CONTAIN,
53/2013/nđ-cp,53/2013/nđ-cp_3,ARTICLE,CONTAIN,
53/2013/nđ-cp,53/2013/nđ-cp_4,ARTICLE,CONTAIN,
53/2013/nđ-cp,53/2013/nđ-cp_5,ARTICLE,CONTAIN,
53/2013/nđ-cp,53/2013/nđ-cp_6,ARTICLE,CONTAIN,
53/2013/nđ-cp,53/2013/nđ-cp_7,ARTICLE,CONTAIN,
53/2013/nđ-cp_7,53/2013/NĐ-CP_8,ARTICLE,GUIDE,
53/2013/nđ-cp,53/2013/nđ-cp_8,ARTICLE,CONTAIN,
53/2013/nđ-cp,53/2013/nđ-cp_9,ARTICLE,CONTAIN,
53/2013/nđ-cp,53/2013/nđ-cp_10,ARTICLE,CONTAIN,
53/2013/nđ-cp,53/2013/nđ-cp_11,ARTICLE,CONTAIN,
53/2013/nđ-cp,53/2013/nđ-cp_12,ARTICLE,CONTAIN,
53/2013/nđ-cp,53/2013/nđ-cp_13,ARTICLE,CONTAIN,
53/2013/nđ-cp_13,53/2013/nđ-cp_12,ARTICLE,GUIDE,
53/2013/nđ-cp,53/2013/nđ-cp_14,ARTICLE,CONTAIN,
53/2013/nđ-cp,53/2013/nđ-cp_15,ARTICLE,CONTAIN,
53/2013/nđ-cp,53/2013/nđ-cp_16,ARTICLE,CONTAIN,
53/2013/nđ-cp_16,53/2013/nđ-cp_17,ARTICLE,GUIDE,
53/2013/nđ-cp,53/2013/nđ-cp_17,ARTICLE,CONTAIN,
53/2013/nđ-cp,53/2013/nđ-cp_18,ARTICLE,CONTAIN,
53/2013/nđ-cp,53/2013/nđ-cp_19,ARTICLE,CONTAIN,
53/2013/nđ-cp_19,53/2013/nđ-cp_13,ARTICLE,GUIDE,
53/2013/nđ-cp,53/2013/nđ-cp_20,ARTICLE,CONTAIN,
53/2013/nđ-cp_20,53/2013/nđ-cp_14,ARTICLE,GUIDE,
53/2013/nđ-cp,53/2013/nđ-cp_21,ARTICLE,CONTAIN,
53/2013/nđ-cp_21,53/2013/nđ-cp_19,ARTICLE,GUIDE,
53/2013/nđ-cp,53/2013/nđ-cp_22,ARTICLE,CONTAIN,
53/2013/nđ-cp_22,53/2013/NĐ-CP_19,ARTICLE,GUIDE,
53/2013/nđ-cp,53/2013/nđ-cp_23,ARTICLE,CONTAIN,
53/2013/nđ-cp_23,53/2013/nđ-cp_17,ARTICLE,GUIDE,
53/2013/nđ-cp,53/2013/nđ-cp_24,ARTICLE,CONTAIN,
53/2013/nđ-cp,53/2013/nđ-cp_25,ARTICLE,CONTAIN,
53/2013/nđ-cp_25,53/2013/NĐ-CP_9,ARTICLE,GUIDE,
53/2013/nđ-cp,53/2013/nđ-cp_26,ARTICLE,CONTAIN,
53/2013/nđ-cp,53/2013/nđ-cp_27,ARTICLE,CONTAIN,
53/2013/nđ-cp,53/2013/nđ-cp_28,ARTICLE,CONTAIN,
53/2013/nđ-cp,53/2013/nđ-cp_29,ARTICLE,CONTAIN,
53/2013/nđ-cp,53/2013/nđ-cp_30,ARTICLE,CONTAIN,
53/2013/nđ-cp,53/2013/nđ-cp_31,ARTICLE,CONTAIN,
53/2013/nđ-cp_31,53/2013/NĐ-CP_21,ARTICLE,GUIDE,
53/2013/nđ-cp_31,53/2013/NĐ-CP_12,ARTICLE,GUIDE,
53/2013/nđ-cp,53/2013/nđ-cp_32,ARTICLE,CONTAIN,
53/2013/nđ-cp,53/2013/nđ-cp_33,ARTICLE,CONTAIN,
53/2013/nđ-cp,53/2013/nđ-cp_34,ARTICLE,CONTAIN,
53/2013/nđ-cp,53/2013/nđ-cp_35,ARTICLE,CONTAIN,
07/1998/tt-nhnn1,07/1998/tt-nhnn1_1,ARTICLE,CONTAIN,
07/1998/tt-nhnn1_1,44/1998/NĐ-CP_7,ARTICLE,GUIDE,
07/1998/tt-nhnn1,07/1998/tt-nhnn1_2,ARTICLE,CONTAIN,
07/1998/tt-nhnn1_2,44/1998/NĐ-CP_17,ARTICLE,GUIDE,
07/1998/tt-nhnn1,07/1998/tt-nhnn1_3,ARTICLE,CONTAIN,
07/1998/tt-nhnn1,07/1998/tt-nhnn1_4,ARTICLE,CONTAIN,
07/1998/tt-nhnn1,07/1998/tt-nhnn1_5,ARTICLE,CONTAIN,
07/1998/tt-nhnn1,07/1998/tt-nhnn1_6,ARTICLE,CONTAIN,
07/1998/tt-nhnn1,07/1998/tt-nhnn1_7,ARTICLE,CONTAIN,
07/1998/tt-nhnn1_7,44/1998/NĐ-CP_7,ARTICLE,GUIDE,
68/2013/nđ-cp,68/2013/nđ-cp_1,ARTICLE,CONTAIN,
68/2013/nđ-cp,68/2013/nđ-cp_2,ARTICLE,CONTAIN,
68/2013/nđ-cp,68/2013/nđ-cp_3,ARTICLE,CONTAIN,
68/2013/nđ-cp,68/2013/nđ-cp_4,ARTICLE,CONTAIN,
68/2013/nđ-cp,68/2013/nđ-cp_5,ARTICLE,CONTAIN,
68/2013/nđ-cp_5,68/2013/nđ-cp_4,ARTICLE,GUIDE,
68/2013/nđ-cp,68/2013/nđ-cp_6,ARTICLE,CONTAIN,
68/2013/nđ-cp_6,06/2012/qh13_14,ARTICLE,GUIDE,
68/2013/nđ-cp,68/2013/nđ-cp_7,ARTICLE,CONTAIN,
68/2013/nđ-cp,68/2013/nđ-cp_8,ARTICLE,CONTAIN,
68/2013/nđ-cp,68/2013/nđ-cp_9,ARTICLE,CONTAIN,
68/2013/nđ-cp_9,06/2012/qh13_33,ARTICLE,GUIDE,
68/2013/nđ-cp_9,06/2012/qh13_13,ARTICLE,GUIDE,
68/2013/nđ-cp,68/2013/nđ-cp_10,ARTICLE,CONTAIN,
68/2013/nđ-cp_10,06/2012/qh13_13,ARTICLE,GUIDE,
68/2013/nđ-cp,68/2013/nđ-cp_ 11,ARTICLE,CONTAIN,
68/2013/nđ-cp,68/2013/nđ-cp_12,ARTICLE,CONTAIN,
68/2013/nđ-cp,68/2013/nđ-cp_13,ARTICLE,CONTAIN,
68/2013/nđ-cp,68/2013/nđ-cp_14,ARTICLE,CONTAIN,
68/2013/nđ-cp,68/2013/nđ-cp_15,ARTICLE,CONTAIN,
68/2013/nđ-cp,68/2013/nđ-cp_16,ARTICLE,CONTAIN,
68/2013/nđ-cp,68/2013/nđ-cp_17,ARTICLE,CONTAIN,
68/2013/nđ-cp,68/2013/nđ-cp_18,ARTICLE,CONTAIN,
68/2013/nđ-cp,68/2013/nđ-cp_19,ARTICLE,CONTAIN,
68/2013/nđ-cp,68/2013/nđ-cp_20,ARTICLE,CONTAIN,
68/2013/nđ-cp,68/2013/nđ-cp_21,ARTICLE,CONTAIN,
68/2013/nđ-cp,68/2013/nđ-cp_22,ARTICLE,CONTAIN,
87-cp,87-cp_1,ARTICLE,CONTAIN,
87-cp,87-cp_2,ARTICLE,CONTAIN,
87-cp,87-cp_3,ARTICLE,CONTAIN,
87-cp,87-cp_4,ARTICLE,CONTAIN,
87-cp,87-cp_5,ARTICLE,CONTAIN,
87-cp,87-cp_6,ARTICLE,CONTAIN,
87-cp,87-cp_7,ARTICLE,CONTAIN,
87-cp,87-cp_8,ARTICLE,CONTAIN,
87-cp,87-cp_9,ARTICLE,CONTAIN,
87-cp,87-cp_10,ARTICLE,CONTAIN,
87-cp,87-cp_11,ARTICLE,CONTAIN,
87-cp,87-cp_12,ARTICLE,CONTAIN,
48/2013/qđ-ttg,48/2013/qđ-ttg_1,ARTICLE,CONTAIN,
48/2013/qđ-ttg,48/2013/qđ-ttg_2,ARTICLE,CONTAIN,
48/2013/qđ-ttg,48/2013/qđ-ttg_3,ARTICLE,CONTAIN,
48/2013/qđ-ttg,48/2013/qđ-ttg_4,ARTICLE,CONTAIN,
48/2013/qđ-ttg_4,48/2013/qđ-ttg_7,ARTICLE,GUIDE,
48/2013/qđ-ttg_4,32/2024/qh15_149,ARTICLE,GUIDE,
48/2013/qđ-ttg,48/2013/qđ-ttg_5,ARTICLE,CONTAIN,
48/2013/qđ-ttg,48/2013/qđ-ttg_6,ARTICLE,CONTAIN,
48/2013/qđ-ttg,48/2013/qđ-ttg_7,ARTICLE,CONTAIN,
48/2013/qđ-ttg,48/2013/qđ-ttg_8,ARTICLE,CONTAIN,
48/2013/qđ-ttg,48/2013/qđ-ttg_9,ARTICLE,CONTAIN,
48/2013/qđ-ttg_9,48/2013/qđ-ttg_4,ARTICLE,GUIDE,
48/2013/qđ-ttg,48/2013/qđ-ttg_10,ARTICLE,CONTAIN,
48/2013/qđ-ttg,48/2013/qđ-ttg_11,ARTICLE,CONTAIN,
48/2013/qđ-ttg,48/2013/qđ-ttg_12,ARTICLE,CONTAIN,
48/2013/qđ-ttg,48/2013/qđ-ttg_13,ARTICLE,CONTAIN,
48/2013/qđ-ttg,48/2013/qđ-ttg_14,ARTICLE,CONTAIN,
48/2013/qđ-ttg,48/2013/qđ-ttg_15,ARTICLE,CONTAIN,
48/2013/qđ-ttg,48/2013/qđ-ttg_16,ARTICLE,CONTAIN,
48/2013/qđ-ttg,48/2013/qđ-ttg_17,ARTICLE,CONTAIN,
48/2013/qđ-ttg,48/2013/qđ-ttg_18,ARTICLE,CONTAIN,
48/2013/qđ-ttg,48/2013/qđ-ttg_19,ARTICLE,CONTAIN,
770-tt/lb,770-tt/lb_1,ARTICLE,CONTAIN,
770-tt/lb,770-tt/lb_2,ARTICLE,CONTAIN,
770-tt/lb,770-tt/lb_3,ARTICLE,CONTAIN,
770-tt/lb_3,200-CP_13,ARTICLE,GUIDE,
770-tt/lb_3,573-tt/lb_5,ARTICLE,GUIDE,
770-tt/lb,770-tt/lb_4,ARTICLE,CONTAIN,
770-tt/lb,770-tt/lb_5,ARTICLE,CONTAIN,
770-tt/lb,770-tt/lb_6,ARTICLE,CONTAIN,
770-tt/lb_6,54-CP_19,ARTICLE,GUIDE,
770-tt/lb_6,54-CP_23,ARTICLE,GUIDE,
156/2013/nđ-cp,156/2013/nđ-cp_1,ARTICLE,CONTAIN,
156/2013/nđ-cp,156/2013/nđ-cp_2,ARTICLE,CONTAIN,
156/2013/nđ-cp,156/2013/nđ-cp_3,ARTICLE,CONTAIN,
156/2013/nđ-cp,156/2013/nđ-cp_4,ARTICLE,CONTAIN,
156/2013/nđ-cp,156/2013/nđ-cp_5,ARTICLE,CONTAIN,
156/2013/nđ-cp,156/2013/nđ-cp_6,ARTICLE,CONTAIN,
219/2013/nđ-cp,219/2013/nđ-cp_1,ARTICLE,CONTAIN,
219/2013/nđ-cp,219/2013/nđ-cp_2,ARTICLE,CONTAIN,
219/2013/nđ-cp,219/2013/nđ-cp_3,ARTICLE,CONTAIN,
219/2013/nđ-cp,219/2013/nđ-cp_4,ARTICLE,CONTAIN,
219/2013/nđ-cp,219/2013/nđ-cp_5,ARTICLE,CONTAIN,
219/2013/nđ-cp,219/2013/nđ-cp_6,ARTICLE,CONTAIN,
219/2013/nđ-cp,219/2013/nđ-cp_7,ARTICLE,CONTAIN,
219/2013/nđ-cp,219/2013/nđ-cp_8,ARTICLE,CONTAIN,
219/2013/nđ-cp,219/2013/nđ-cp_9,ARTICLE,CONTAIN,
219/2013/nđ-cp_9,219/2013/nđ-cp_6,ARTICLE,GUIDE,
219/2013/nđ-cp_9,219/2013/nđ-cp_5,ARTICLE,GUIDE,
219/2013/nđ-cp,219/2013/nđ-cp_10,ARTICLE,CONTAIN,
219/2013/nđ-cp,219/2013/nđ-cp_18,ARTICLE,CONTAIN,
219/2013/nđ-cp,219/2013/nđ-cp_19,ARTICLE,CONTAIN,
222/2013/nđ-cp,222/2013/nđ-cp_1,ARTICLE,CONTAIN,
222/2013/nđ-cp,222/2013/nđ-cp_2,ARTICLE,CONTAIN,
222/2013/nđ-cp,222/2013/nđ-cp_3,ARTICLE,CONTAIN,
222/2013/nđ-cp,222/2013/nđ-cp_4,ARTICLE,CONTAIN,
222/2013/nđ-cp,222/2013/nđ-cp_5,ARTICLE,CONTAIN,
222/2013/nđ-cp,222/2013/nđ-cp_6,ARTICLE,CONTAIN,
222/2013/nđ-cp,222/2013/nđ-cp_7,ARTICLE,CONTAIN,
222/2013/nđ-cp,222/2013/nđ-cp_8,ARTICLE,CONTAIN,
222/2013/nđ-cp,222/2013/nđ-cp_9,ARTICLE,CONTAIN,
222/2013/nđ-cp,222/2013/nđ-cp_10,ARTICLE,CONTAIN,
222/2013/nđ-cp_10,222/2013/nđ-cp_4,ARTICLE,GUIDE,
222/2013/nđ-cp_10,222/2013/nđ-cp_7,ARTICLE,GUIDE,
222/2013/nđ-cp_10,222/2013/nđ-cp_9,ARTICLE,GUIDE,
222/2013/nđ-cp,222/2013/nđ-cp_11,ARTICLE,CONTAIN,
222/2013/nđ-cp_11,222/2013/NĐ-CP_4,ARTICLE,GUIDE,
222/2013/nđ-cp_11,222/2013/NĐ-CP_5,ARTICLE,GUIDE,
222/2013/nđ-cp_11,222/2013/NĐ-CP_6,ARTICLE,GUIDE,
222/2013/nđ-cp_11,222/2013/NĐ-CP_8,ARTICLE,GUIDE,
222/2013/nđ-cp,222/2013/nđ-cp_12,ARTICLE,CONTAIN,
222/2013/nđ-cp,222/2013/nđ-cp_13,ARTICLE,CONTAIN,
222/2013/nđ-cp,222/2013/nđ-cp_14,ARTICLE,CONTAIN,
01/2014/nđ-cp,01/2014/nđ-cp_1,ARTICLE,CONTAIN,
01/2014/nđ-cp,01/2014/nđ-cp_2,ARTICLE,CONTAIN,
01/2014/nđ-cp,01/2014/nđ-cp_3,ARTICLE,CONTAIN,
01/2014/nđ-cp,01/2014/nđ-cp_4,ARTICLE,CONTAIN,
01/2014/nđ-cp,01/2014/nđ-cp_5,ARTICLE,CONTAIN,
01/2014/nđ-cp,01/2014/nđ-cp_6,ARTICLE,CONTAIN,
01/2014/nđ-cp,01/2014/nđ-cp_7,ARTICLE,CONTAIN,
01/2014/nđ-cp,01/2014/nđ-cp_8,ARTICLE,CONTAIN,
01/2014/nđ-cp_8,01/2014/nđ-cp_9,ARTICLE,GUIDE,
01/2014/nđ-cp_8,01/2014/nđ-cp_10,ARTICLE,GUIDE,
01/2014/nđ-cp_8,32/2024/qh15_29,ARTICLE,GUIDE,
01/2014/nđ-cp_8,01/2014/nđ-cp_7,ARTICLE,GUIDE,
01/2014/nđ-cp,01/2014/nđ-cp_9,ARTICLE,CONTAIN,
01/2014/nđ-cp,01/2014/nđ-cp_10,ARTICLE,CONTAIN,
01/2014/nđ-cp,01/2014/nđ-cp_11,ARTICLE,CONTAIN,
01/2014/nđ-cp,01/2014/nđ-cp_12,ARTICLE,CONTAIN,
01/2014/nđ-cp,01/2014/nđ-cp_13,ARTICLE,CONTAIN,
01/2014/nđ-cp,01/2014/nđ-cp_14,ARTICLE,CONTAIN,
01/2014/nđ-cp_14,01/2014/nđ-cp_7,ARTICLE,GUIDE,
01/2014/nđ-cp,01/2014/nđ-cp_15,ARTICLE,CONTAIN,
01/2014/nđ-cp,01/2014/nđ-cp_16,ARTICLE,CONTAIN,
01/2014/nđ-cp,01/2014/nđ-cp_17,ARTICLE,CONTAIN,
01/2014/nđ-cp,01/2014/nđ-cp_18,ARTICLE,CONTAIN,
01/2014/nđ-cp,01/2014/nđ-cp_19,ARTICLE,CONTAIN,
06/2013/ubtvqh13,06/2013/ubtvqh13_1,ARTICLE,CONTAIN,
06/2013/ubtvqh13_1,06/2013/ubtvqh13_4,ARTICLE,AMEND,
06/2013/ubtvqh13_1,06/2013/ubtvqh13_8,ARTICLE,AMEND,
06/2013/ubtvqh13_1,06/2013/ubtvqh13_9,ARTICLE,AMEND,
06/2013/ubtvqh13_1,06/2013/ubtvqh13_11,ARTICLE,AMEND,
06/2013/ubtvqh13_1,06/2013/ubtvqh13_12,ARTICLE,AMEND,
06/2013/ubtvqh13_1,06/2013/ubtvqh13_13,ARTICLE,AMEND,
06/2013/ubtvqh13_1,06/2013/ubtvqh13_14,ARTICLE,AMEND,
06/2013/ubtvqh13_1,06/2013/ubtvqh13_15,ARTICLE,AMEND,
06/2013/ubtvqh13_1,06/2013/ubtvqh13_16,ARTICLE,AMEND,
06/2013/ubtvqh13_1,06/2013/ubtvqh13_17,ARTICLE,AMEND,
06/2013/ubtvqh13_1,06/2013/ubtvqh13_19,ARTICLE,AMEND,
06/2013/ubtvqh13_1,06/2013/ubtvqh13_22,ARTICLE,AMEND,
06/2013/ubtvqh13_1,06/2013/ubtvqh13_23,ARTICLE,AMEND,
06/2013/ubtvqh13_1,06/2013/ubtvqh13_25,ARTICLE,AMEND,
06/2013/ubtvqh13_1,06/2013/ubtvqh13_26,ARTICLE,AMEND,
06/2013/ubtvqh13_1,06/2013/ubtvqh13_28,ARTICLE,AMEND,
06/2013/ubtvqh13_1,06/2013/ubtvqh13_30,ARTICLE,AMEND,
06/2013/ubtvqh13_1,06/2013/ubtvqh13_31,ARTICLE,AMEND,
06/2013/ubtvqh13_1,06/2013/ubtvqh13_32,ARTICLE,AMEND,
06/2013/ubtvqh13_1,06/2013/ubtvqh13_34,ARTICLE,AMEND,
06/2013/ubtvqh13_1,06/2013/ubtvqh13_35,ARTICLE,AMEND,
06/2013/ubtvqh13_1,06/2013/ubtvqh13_36,ARTICLE,AMEND,
06/2013/ubtvqh13,06/2013/ubtvqh13_2,ARTICLE,CONTAIN,
06/2013/ubtvqh13_2,28/2005/PL-UBTVQH11_38,ARTICLE,REPEAL,
06/2013/ubtvqh13,06/2013/ubtvqh13_3,ARTICLE,CONTAIN,
03/2014/ttlt-btp-nhnnvn,03/2014/ttlt-btp-nhnnvn_1,ARTICLE,CONTAIN,
03/2014/ttlt-btp-nhnnvn,03/2014/ttlt-btp-nhnnvn_2,ARTICLE,CONTAIN,
03/2014/ttlt-btp-nhnnvn,03/2014/ttlt-btp-nhnnvn_3,ARTICLE,CONTAIN,
03/2014/ttlt-btp-nhnnvn_3,03/2014/ttlt-btp-nhnnvn_1,ARTICLE,GUIDE,
03/2014/ttlt-btp-nhnnvn_3,03/2014/ttlt-btp-nhnnvn_4,ARTICLE,GUIDE,
03/2014/ttlt-btp-nhnnvn,03/2014/ttlt-btp-nhnnvn_4,ARTICLE,CONTAIN,
03/2014/ttlt-btp-nhnnvn_4,03/2014/ttlt-btp-nhnnvn_3,ARTICLE,GUIDE,
03/2014/ttlt-btp-nhnnvn_4,03/2014/ttlt-btp-nhnnvn_1,ARTICLE,GUIDE,
03/2014/ttlt-btp-nhnnvn,03/2014/ttlt-btp-nhnnvn_5,ARTICLE,CONTAIN,
03/2014/ttlt-btp-nhnnvn,03/2014/ttlt-btp-nhnnvn_6,ARTICLE,CONTAIN,
03/2014/ttlt-btp-nhnnvn,03/2014/ttlt-btp-nhnnvn_7,ARTICLE,CONTAIN,
02/2014/ttlt-btp-btc-blđtbxh-nhnnvn,02/2014/ttlt-btp-btc-blđtbxh-nhnnvn_1,ARTICLE,CONTAIN,
02/2014/ttlt-btp-btc-blđtbxh-nhnnvn,02/2014/ttlt-btp-btc-blđtbxh-nhnnvn_2,ARTICLE,CONTAIN,
02/2014/ttlt-btp-btc-blđtbxh-nhnnvn,02/2014/ttlt-btp-btc-blđtbxh-nhnnvn_3,ARTICLE,CONTAIN,
02/2014/ttlt-btp-btc-blđtbxh-nhnnvn,02/2014/ttlt-btp-btc-blđtbxh-nhnnvn_4,ARTICLE,CONTAIN,
02/2014/ttlt-btp-btc-blđtbxh-nhnnvn,02/2014/ttlt-btp-btc-blđtbxh-nhnnvn_5,ARTICLE,CONTAIN,
02/2014/ttlt-btp-btc-blđtbxh-nhnnvn,02/2014/ttlt-btp-btc-blđtbxh-nhnnvn_6,ARTICLE,CONTAIN,
02/2014/ttlt-btp-btc-blđtbxh-nhnnvn_6,02/2014/ttlt-btp-btc-blđtbxh-nhnnvn_4,ARTICLE,GUIDE,
02/2014/ttlt-btp-btc-blđtbxh-nhnnvn,02/2014/ttlt-btp-btc-blđtbxh-nhnnvn_7,ARTICLE,CONTAIN,
02/2014/ttlt-btp-btc-blđtbxh-nhnnvn_7,125/2013/nd-cp_1,ARTICLE,GUIDE,
02/2014/ttlt-btp-btc-blđtbxh-nhnnvn_7,02/2014/ttlt-btp-btc-blđtbxh-nhnnvn_4,ARTICLE,GUIDE,
02/2014/ttlt-btp-btc-blđtbxh-nhnnvn_7,02/2014/ttlt-btp-btc-blđtbxh-nhnnvn_6,ARTICLE,GUIDE,
02/2014/ttlt-btp-btc-blđtbxh-nhnnvn_7,02/2014/ttlt-btp-btc-blđtbxh-nhnnvn_5,ARTICLE,GUIDE,
02/2014/ttlt-btp-btc-blđtbxh-nhnnvn,02/2014/ttlt-btp-btc-blđtbxh-nhnnvn_8,ARTICLE,CONTAIN,
02/2014/ttlt-btp-btc-blđtbxh-nhnnvn,02/2014/ttlt-btp-btc-blđtbxh-nhnnvn_9,ARTICLE,CONTAIN,
02/2014/ttlt-btp-btc-blđtbxh-nhnnvn_9,58/2015/qh13_67,ARTICLE,GUIDE,
02/2014/ttlt-btp-btc-blđtbxh-nhnnvn_9,58/2015/qh13_76,ARTICLE,GUIDE,
02/2014/ttlt-btp-btc-blđtbxh-nhnnvn_9,58/2015/qh13_78,ARTICLE,GUIDE,
02/2014/ttlt-btp-btc-blđtbxh-nhnnvn,02/2014/ttlt-btp-btc-blđtbxh-nhnnvn_10,ARTICLE,CONTAIN,
02/2014/ttlt-btp-btc-blđtbxh-nhnnvn_10,58/2009/NĐ-CP_11,ARTICLE,GUIDE,
02/2014/ttlt-btp-btc-blđtbxh-nhnnvn_10,58/2009/NĐ-CP_12,ARTICLE,GUIDE,
02/2014/ttlt-btp-btc-blđtbxh-nhnnvn,02/2014/ttlt-btp-btc-blđtbxh-nhnnvn_11,ARTICLE,CONTAIN,
02/2014/ttlt-btp-btc-blđtbxh-nhnnvn,02/2014/ttlt-btp-btc-blđtbxh-nhnnvn_12,ARTICLE,CONTAIN,
02/2014/ttlt-btp-btc-blđtbxh-nhnnvn,02/2014/ttlt-btp-btc-blđtbxh-nhnnvn_13,ARTICLE,CONTAIN,
02/2014/ttlt-btp-btc-blđtbxh-nhnnvn,02/2014/ttlt-btp-btc-blđtbxh-nhnnvn_14,ARTICLE,CONTAIN,
02/2014/ttlt-btp-btc-blđtbxh-nhnnvn,02/2014/ttlt-btp-btc-blđtbxh-nhnnvn_15,ARTICLE,CONTAIN,
24/2013/tt-nhnn,24/2013/tt-nhnn_1,ARTICLE,CONTAIN,
24/2013/tt-nhnn,24/2013/tt-nhnn_2,ARTICLE,CONTAIN,
24/2013/tt-nhnn_2,24/2013/tt-nhnn_1,ARTICLE,GUIDE,
24/2013/tt-nhnn,24/2013/tt-nhnn_3,ARTICLE,CONTAIN,
24/2013/tt-nhnn,24/2013/tt-nhnn_4,ARTICLE,CONTAIN,
24/2013/tt-nhnn,24/2013/tt-nhnn_5,ARTICLE,CONTAIN,
24/2013/tt-nhnn,24/2013/tt-nhnn_6,ARTICLE,CONTAIN,
24/2013/tt-nhnn,24/2013/tt-nhnn_7,ARTICLE,CONTAIN,
24/2013/tt-nhnn_7,24/2013/tt-nhnn_8,ARTICLE,GUIDE,
24/2013/tt-nhnn,24/2013/tt-nhnn_8,ARTICLE,CONTAIN,
24/2013/tt-nhnn,24/2013/tt-nhnn_9,ARTICLE,CONTAIN,
24/2013/tt-nhnn,24/2013/tt-nhnn_10,ARTICLE,CONTAIN,
24/2013/tt-nhnn,24/2013/tt-nhnn_11,ARTICLE,CONTAIN,
24/2013/tt-nhnn_11,24/2013/tt-nhnn_13,ARTICLE,GUIDE,
24/2013/tt-nhnn,24/2013/tt-nhnn_12,ARTICLE,CONTAIN,
24/2013/tt-nhnn,24/2013/tt-nhnn_13,ARTICLE,CONTAIN,
24/2013/tt-nhnn,24/2013/tt-nhnn_14,ARTICLE,CONTAIN,
24/2013/tt-nhnn,24/2013/tt-nhnn_15,ARTICLE,CONTAIN,
16/2014/nđ-cp,16/2014/nđ-cp_1,ARTICLE,CONTAIN,
16/2014/nđ-cp,16/2014/nđ-cp_2,ARTICLE,CONTAIN,
16/2014/nđ-cp,16/2014/nđ-cp_3,ARTICLE,CONTAIN,
16/2014/nđ-cp,16/2014/nđ-cp_4,ARTICLE,CONTAIN,
16/2014/nđ-cp_4,16/2014/nđ-cp_2,ARTICLE,GUIDE,
16/2014/nđ-cp,16/2014/nđ-cp_5,ARTICLE,CONTAIN,
16/2014/nđ-cp,16/2014/nđ-cp_6,ARTICLE,CONTAIN,
16/2014/nđ-cp,16/2014/nđ-cp_7,ARTICLE,CONTAIN,
16/2014/nđ-cp,16/2014/nđ-cp_8,ARTICLE,CONTAIN,
16/2014/nđ-cp,16/2014/nđ-cp_9,ARTICLE,CONTAIN,
16/2014/nđ-cp,16/2014/nđ-cp_10,ARTICLE,CONTAIN,
16/2014/nđ-cp,16/2014/nđ-cp_11,ARTICLE,CONTAIN,
16/2014/nđ-cp_11,16/2014/nđ-cp_2,ARTICLE,GUIDE,
16/2014/nđ-cp,16/2014/nđ-cp_12,ARTICLE,CONTAIN,
16/2014/nđ-cp,16/2014/nđ-cp_13,ARTICLE,CONTAIN,
16/2014/nđ-cp_13,16/2014/NĐ-CP_14,ARTICLE,GUIDE,
16/2014/nđ-cp_13,16/2014/NĐ-CP_15,ARTICLE,GUIDE,
16/2014/nđ-cp_13,16/2014/NĐ-CP_16,ARTICLE,GUIDE,
16/2014/nđ-cp_13,16/2014/NĐ-CP_17,ARTICLE,GUIDE,
16/2014/nđ-cp_13,16/2014/NĐ-CP_18,ARTICLE,GUIDE,
16/2014/nđ-cp_13,16/2014/NĐ-CP_19,ARTICLE,GUIDE,
16/2014/nđ-cp_13,16/2014/NĐ-CP_20,ARTICLE,GUIDE,
16/2014/nđ-cp_13,16/2014/NĐ-CP_21,ARTICLE,GUIDE,
16/2014/nđ-cp_13,16/2014/NĐ-CP_22,ARTICLE,GUIDE,
16/2014/nđ-cp_13,16/2014/NĐ-CP_23,ARTICLE,GUIDE,
16/2014/nđ-cp_13,16/2014/NĐ-CP_24,ARTICLE,GUIDE,
16/2014/nđ-cp,16/2014/nđ-cp_14,ARTICLE,CONTAIN,
16/2014/nđ-cp,16/2014/nđ-cp_15,ARTICLE,CONTAIN,
16/2014/nđ-cp,16/2014/nđ-cp_16,ARTICLE,CONTAIN,
16/2014/nđ-cp,16/2014/nđ-cp_17,ARTICLE,CONTAIN,
16/2014/nđ-cp,16/2014/nđ-cp_18,ARTICLE,CONTAIN,
16/2014/nđ-cp,16/2014/nđ-cp_19,ARTICLE,CONTAIN,
16/2014/nđ-cp,16/2014/nđ-cp_20,ARTICLE,CONTAIN,
16/2014/nđ-cp,16/2014/nđ-cp_21,ARTICLE,CONTAIN,
16/2014/nđ-cp,16/2014/nđ-cp_22,ARTICLE,CONTAIN,
16/2014/nđ-cp,16/2014/nđ-cp_23,ARTICLE,CONTAIN,
16/2014/nđ-cp,16/2014/nđ-cp_24,ARTICLE,CONTAIN,
16/2014/nđ-cp,16/2014/nđ-cp_25,ARTICLE,CONTAIN,
16/2014/nđ-cp_25,16/2014/nđ-cp_2,ARTICLE,GUIDE,
16/2014/nđ-cp_25,16/2014/nđ-cp_9,ARTICLE,GUIDE,
16/2014/nđ-cp_25,16/2014/nđ-cp_24,ARTICLE,GUIDE,
16/2014/nđ-cp,16/2014/nđ-cp_26,ARTICLE,CONTAIN,
16/2014/nđ-cp_26,16/2014/nđ-cp_2,ARTICLE,GUIDE,
16/2014/nđ-cp_26,16/2014/nđ-cp_6,ARTICLE,GUIDE,
16/2014/nđ-cp,16/2014/nđ-cp_27,ARTICLE,CONTAIN,
16/2014/nđ-cp,16/2014/nđ-cp_28,ARTICLE,CONTAIN,
16/2014/nđ-cp,16/2014/nđ-cp_29,ARTICLE,CONTAIN,
08/2013/qđ-ttg,08/2013/qđ-ttg_1,ARTICLE,CONTAIN,
08/2013/qđ-ttg,08/2013/qđ-ttg_2,ARTICLE,CONTAIN,
08/2013/qđ-ttg,08/2013/qđ-ttg_3,ARTICLE,CONTAIN,
08/2013/qđ-ttg,08/2013/qđ-ttg_4,ARTICLE,CONTAIN,
08/2013/qđ-ttg,08/2013/qđ-ttg_5,ARTICLE,CONTAIN,
08/2013/qđ-ttg,08/2013/qđ-ttg_6,ARTICLE,CONTAIN,
07/2013/qđ-ttg,07/2013/qđ-ttg_1,ARTICLE,CONTAIN,
07/2013/qđ-ttg,07/2013/qđ-ttg_2,ARTICLE,CONTAIN,
07/2013/qđ-ttg,07/2013/qđ-ttg_3,ARTICLE,CONTAIN,
10/2014/tt-nhnn,10/2014/tt-nhnn_1,ARTICLE,CONTAIN,
10/2014/tt-nhnn,10/2014/tt-nhnn_2,ARTICLE,CONTAIN,
10/2014/tt-nhnn,10/2014/tt-nhnn_3,ARTICLE,CONTAIN,
10/2014/tt-nhnn,10/2014/tt-nhnn_4,ARTICLE,CONTAIN,
10/2014/tt-nhnn,10/2014/tt-nhnn_5,ARTICLE,CONTAIN,
50/2014/nđ-cp,50/2014/nđ-cp_1,ARTICLE,CONTAIN,
50/2014/nđ-cp,50/2014/nđ-cp_2,ARTICLE,CONTAIN,
50/2014/nđ-cp,50/2014/nđ-cp_3,ARTICLE,CONTAIN,
50/2014/nđ-cp,50/2014/nđ-cp_4,ARTICLE,CONTAIN,
50/2014/nđ-cp,50/2014/nđ-cp_5,ARTICLE,CONTAIN,
50/2014/nđ-cp,50/2014/nđ-cp_6,ARTICLE,CONTAIN,
50/2014/nđ-cp,50/2014/nđ-cp_7,ARTICLE,CONTAIN,
50/2014/nđ-cp,50/2014/nđ-cp_8,ARTICLE,CONTAIN,
50/2014/nđ-cp,50/2014/nđ-cp_9,ARTICLE,CONTAIN,
50/2014/nđ-cp,50/2014/nđ-cp_10,ARTICLE,CONTAIN,
50/2014/nđ-cp,50/2014/nđ-cp_11,ARTICLE,CONTAIN,
50/2014/nđ-cp,50/2014/nđ-cp_12,ARTICLE,CONTAIN,
50/2014/nđ-cp,50/2014/nđ-cp_13,ARTICLE,CONTAIN,
50/2014/nđ-cp,50/2014/nđ-cp_14,ARTICLE,CONTAIN,
50/2014/nđ-cp,50/2014/nđ-cp_15,ARTICLE,CONTAIN,
50/2014/nđ-cp,50/2014/nđ-cp_16,ARTICLE,CONTAIN,
50/2014/nđ-cp,50/2014/nđ-cp_17,ARTICLE,CONTAIN,
50/2014/nđ-cp,50/2014/nđ-cp_18,ARTICLE,CONTAIN,
50/2014/nđ-cp,50/2014/nđ-cp_19,ARTICLE,CONTAIN,
50/2014/nđ-cp,50/2014/nđ-cp_20,ARTICLE,CONTAIN,
50/2014/nđ-cp,50/2014/nđ-cp_21,ARTICLE,CONTAIN,
50/2014/nđ-cp,50/2014/nđ-cp_22,ARTICLE,CONTAIN,
50/2014/nđ-cp,50/2014/nđ-cp_23,ARTICLE,CONTAIN,
50/2014/nđ-cp,50/2014/nđ-cp_24,ARTICLE,CONTAIN,
50/2014/nđ-cp,50/2014/nđ-cp_25,ARTICLE,CONTAIN,
50/2014/nđ-cp,50/2014/nđ-cp_26,ARTICLE,CONTAIN,
70/2014/nđ-cp,70/2014/nđ-cp_1,ARTICLE,CONTAIN,
70/2014/nđ-cp,70/2014/nđ-cp_2,ARTICLE,CONTAIN,
70/2014/nđ-cp,70/2014/nđ-cp_3,ARTICLE,CONTAIN,
70/2014/nđ-cp,70/2014/nđ-cp_4,ARTICLE,CONTAIN,
70/2014/nđ-cp,70/2014/nđ-cp_5,ARTICLE,CONTAIN,
70/2014/nđ-cp,70/2014/nđ-cp_6,ARTICLE,CONTAIN,
70/2014/nđ-cp_6,70/2014/nđ-cp_13,ARTICLE,GUIDE,
70/2014/nđ-cp,70/2014/nđ-cp_7,ARTICLE,CONTAIN,
70/2014/nđ-cp,70/2014/nđ-cp_8,ARTICLE,CONTAIN,
70/2014/nđ-cp,70/2014/nđ-cp_9,ARTICLE,CONTAIN,
70/2014/nđ-cp,70/2014/nđ-cp_10,ARTICLE,CONTAIN,
70/2014/nđ-cp,70/2014/nđ-cp_11,ARTICLE,CONTAIN,
70/2014/nđ-cp,70/2014/nđ-cp_12,ARTICLE,CONTAIN,
70/2014/nđ-cp,70/2014/nđ-cp_13,ARTICLE,CONTAIN,
70/2014/nđ-cp,70/2014/nđ-cp_14,ARTICLE,CONTAIN,
70/2014/nđ-cp,70/2014/nđ-cp_15,ARTICLE,CONTAIN,
70/2014/nđ-cp,70/2014/nđ-cp_16,ARTICLE,CONTAIN,
70/2014/nđ-cp,70/2014/nđ-cp_17,ARTICLE,CONTAIN,
70/2014/nđ-cp,70/2014/nđ-cp_18,ARTICLE,CONTAIN,
70/2014/nđ-cp,70/2014/nđ-cp_19,ARTICLE,CONTAIN,
70/2014/nđ-cp,70/2014/nđ-cp_20,ARTICLE,CONTAIN,
70/2014/nđ-cp,70/2014/nđ-cp_21,ARTICLE,CONTAIN,
28/2014/tt-nhnn,28/2014/tt-nhnn_1,ARTICLE,CONTAIN,
28/2014/tt-nhnn_1,06/2009/tt-nhnn_3,ARTICLE,AMEND,
28/2014/tt-nhnn_1,28/2014/tt-nhnn_2,ARTICLE,GUIDE,
28/2014/tt-nhnn,28/2014/tt-nhnn_2,ARTICLE,CONTAIN,
28/2014/tt-nhnn_2,06/2009/tt-nhnn_5,ARTICLE,REPLACE,
28/2014/tt-nhnn_2,06/2009/tt-nhnn_6,ARTICLE,REPLACE,
28/2014/tt-nhnn_2,06/2009/tt-nhnn_7,ARTICLE,REPLACE,
28/2014/tt-nhnn,28/2014/tt-nhnn_3,ARTICLE,CONTAIN,
28/2014/tt-nhnn,28/2014/tt-nhnn_4,ARTICLE,CONTAIN,
29/2014/tt-nhnn,29/2014/tt-nhnn_1,ARTICLE,CONTAIN,
29/2014/tt-nhnn,29/2014/tt-nhnn_2,ARTICLE,CONTAIN,
29/2014/tt-nhnn,29/2014/tt-nhnn_3,ARTICLE,CONTAIN,
29/2014/tt-nhnn_3,03/2011/QĐ-TTg_3,ARTICLE,GUIDE,
29/2014/tt-nhnn,29/2014/tt-nhnn_4,ARTICLE,CONTAIN,
29/2014/tt-nhnn,29/2014/tt-nhnn_5,ARTICLE,CONTAIN,
29/2014/tt-nhnn,29/2014/tt-nhnn_6,ARTICLE,CONTAIN,
29/2014/tt-nhnn,29/2014/tt-nhnn_7,ARTICLE,CONTAIN,
29/2014/tt-nhnn,29/2014/tt-nhnn_8,ARTICLE,CONTAIN,
29/2014/tt-nhnn,29/2014/tt-nhnn_9,ARTICLE,CONTAIN,
29/2014/tt-nhnn_9,03/2011/QĐ-TTg_19,ARTICLE,GUIDE,
29/2014/tt-nhnn,29/2014/tt-nhnn_10,ARTICLE,CONTAIN,
29/2014/tt-nhnn_10,29/2014/tt-nhnn_4,ARTICLE,GUIDE,
29/2014/tt-nhnn,29/2014/tt-nhnn_11,ARTICLE,CONTAIN,
29/2014/tt-nhnn,29/2014/tt-nhnn_12,ARTICLE,CONTAIN,
29/2014/tt-nhnn_12,03/2011/QĐ-TTg_16,ARTICLE,GUIDE,
29/2014/tt-nhnn,29/2014/tt-nhnn_13,ARTICLE,CONTAIN,
29/2014/tt-nhnn,29/2014/tt-nhnn_14,ARTICLE,CONTAIN,
29/2014/tt-nhnn,29/2014/tt-nhnn_15,ARTICLE,CONTAIN,
29/2014/tt-nhnn,29/2014/tt-nhnn_16,ARTICLE,CONTAIN,
30/2014/tt-nhnn,30/2014/tt-nhnn_1,ARTICLE,CONTAIN,
30/2014/tt-nhnn,30/2014/tt-nhnn_2,ARTICLE,CONTAIN,
30/2014/tt-nhnn,30/2014/tt-nhnn_3,ARTICLE,CONTAIN,
30/2014/tt-nhnn_3,30/2014/tt-nhnn_1,ARTICLE,GUIDE,
30/2014/tt-nhnn,30/2014/tt-nhnn_4,ARTICLE,CONTAIN,
30/2014/tt-nhnn_4,30/2014/tt-nhnn_1,ARTICLE,GUIDE,
30/2014/tt-nhnn,30/2014/tt-nhnn_5,ARTICLE,CONTAIN,
30/2014/tt-nhnn,30/2014/tt-nhnn_6,ARTICLE,CONTAIN,
30/2014/tt-nhnn,30/2014/tt-nhnn_7,ARTICLE,CONTAIN,
30/2014/tt-nhnn,30/2014/tt-nhnn_8,ARTICLE,CONTAIN,
30/2014/tt-nhnn,30/2014/tt-nhnn_9,ARTICLE,CONTAIN,
30/2014/tt-nhnn_9,32/2024/qh15_126,ARTICLE,GUIDE,
30/2014/tt-nhnn_9,32/2024/qh15_127,ARTICLE,GUIDE,
30/2014/tt-nhnn_9,32/2024/qh15_129,ARTICLE,GUIDE,
30/2014/tt-nhnn,30/2014/tt-nhnn_10,ARTICLE,CONTAIN,
30/2014/tt-nhnn,30/2014/tt-nhnn_11,ARTICLE,CONTAIN,
30/2014/tt-nhnn,30/2014/tt-nhnn_12,ARTICLE,CONTAIN,
30/2014/tt-nhnn,30/2014/tt-nhnn_13,ARTICLE,CONTAIN,
30/2014/tt-nhnn,30/2014/tt-nhnn_14,ARTICLE,CONTAIN,
30/2014/tt-nhnn,30/2014/tt-nhnn_15,ARTICLE,CONTAIN,
30/2014/tt-nhnn,30/2014/tt-nhnn_16,ARTICLE,CONTAIN,
30/2014/tt-nhnn,30/2014/tt-nhnn_17,ARTICLE,CONTAIN,
30/2014/tt-nhnn,30/2014/tt-nhnn_18,ARTICLE,CONTAIN,
30/2014/tt-nhnn,30/2014/tt-nhnn_19,ARTICLE,CONTAIN,
30/2014/tt-nhnn,30/2014/tt-nhnn_20,ARTICLE,CONTAIN,
30/2014/tt-nhnn,30/2014/tt-nhnn_21,ARTICLE,CONTAIN,
30/2014/tt-nhnn,30/2014/tt-nhnn_22,ARTICLE,CONTAIN,
33/2014/tt-nhnn,33/2014/tt-nhnn_1,ARTICLE,CONTAIN,
33/2014/tt-nhnn,33/2014/tt-nhnn_2,ARTICLE,CONTAIN,
33/2014/tt-nhnn_2,222/2013/NĐ-CP_4,ARTICLE,GUIDE,
33/2014/tt-nhnn,33/2014/tt-nhnn_3,ARTICLE,CONTAIN,
33/2014/tt-nhnn,33/2014/tt-nhnn_4,ARTICLE,CONTAIN,
33/2014/tt-nhnn,33/2014/tt-nhnn_5,ARTICLE,CONTAIN,
33/2014/tt-nhnn_5,33/2014/tt-nhnn_4,ARTICLE,GUIDE,
33/2014/tt-nhnn,33/2014/tt-nhnn_6,ARTICLE,CONTAIN,
33/2014/tt-nhnn_6,33/2014/tt-nhnn_4,ARTICLE,GUIDE,
33/2014/tt-nhnn,33/2014/tt-nhnn_7,ARTICLE,CONTAIN,
33/2014/tt-nhnn,33/2014/tt-nhnn_8,ARTICLE,CONTAIN,
33/2014/tt-nhnn_8,161/2006/NĐ-CP_4,ARTICLE,REPEAL,
33/2014/tt-nhnn_8,161/2006/NĐ-CP_7,ARTICLE,REPEAL,
33/2014/tt-nhnn,33/2014/tt-nhnn_9,ARTICLE,CONTAIN,
34/2014/tt-nhnn,34/2014/tt-nhnn_1,ARTICLE,CONTAIN,
34/2014/tt-nhnn,34/2014/tt-nhnn_2,ARTICLE,CONTAIN,
34/2014/tt-nhnn,34/2014/tt-nhnn_3,ARTICLE,CONTAIN,
34/2014/tt-nhnn_3,92/2007/NĐ-CP_15,ARTICLE,GUIDE,
34/2014/tt-nhnn,34/2014/tt-nhnn_4,ARTICLE,CONTAIN,
34/2014/tt-nhnn,34/2014/tt-nhnn_5,ARTICLE,CONTAIN,
34/2014/tt-nhnn,34/2014/tt-nhnn_6,ARTICLE,CONTAIN,
34/2014/tt-nhnn_6,92/2007/NĐ-CP_15,ARTICLE,GUIDE,
34/2014/tt-nhnn,34/2014/tt-nhnn_7,ARTICLE,CONTAIN,
34/2014/tt-nhnn_7,34/2014/tt-nhnn_3,ARTICLE,GUIDE,
34/2014/tt-nhnn,34/2014/tt-nhnn_8,ARTICLE,CONTAIN,
34/2014/tt-nhnn_8,92/2007/NĐ-CP_15,ARTICLE,GUIDE,
34/2014/tt-nhnn,34/2014/tt-nhnn_9,ARTICLE,CONTAIN,
34/2014/tt-nhnn_9,34/2014/tt-nhnn_4,ARTICLE,GUIDE,
34/2014/tt-nhnn,34/2014/tt-nhnn_10,ARTICLE,CONTAIN,
34/2014/tt-nhnn,34/2014/tt-nhnn_11,ARTICLE,CONTAIN,
34/2014/tt-nhnn,34/2014/tt-nhnn_12,ARTICLE,CONTAIN,
35/2014/tt-nhnn,35/2014/tt-nhnn_1,ARTICLE,CONTAIN,
35/2014/tt-nhnn,35/2014/tt-nhnn_2,ARTICLE,CONTAIN,
35/2014/tt-nhnn,35/2014/tt-nhnn_3,ARTICLE,CONTAIN,
35/2014/tt-nhnn,35/2014/tt-nhnn_4,ARTICLE,CONTAIN,
35/2014/tt-nhnn,35/2014/tt-nhnn_5,ARTICLE,CONTAIN,
35/2014/tt-nhnn_5,161/2006/NĐ-CP_4,ARTICLE,GUIDE,
35/2014/tt-nhnn_5,161/2006/NĐ-CP_7,ARTICLE,GUIDE,
35/2014/tt-nhnn,35/2014/tt-nhnn_6,ARTICLE,CONTAIN,
37/2014/tt-nhnn,37/2014/tt-nhnn_1,ARTICLE,CONTAIN,
37/2014/tt-nhnn,37/2014/tt-nhnn_2,ARTICLE,CONTAIN,
37/2014/tt-nhnn,37/2014/tt-nhnn_3,ARTICLE,CONTAIN,
37/2014/tt-nhnn_3,37/2014/tt-nhnn_12,ARTICLE,GUIDE,
37/2014/tt-nhnn,37/2014/tt-nhnn_4,ARTICLE,CONTAIN,
37/2014/tt-nhnn,37/2014/tt-nhnn_5,ARTICLE,CONTAIN,
37/2014/tt-nhnn,37/2014/tt-nhnn_6,ARTICLE,CONTAIN,
37/2014/tt-nhnn,37/2014/tt-nhnn_7,ARTICLE,CONTAIN,
37/2014/tt-nhnn_7,37/2014/tt-nhnn_6,ARTICLE,GUIDE,
37/2014/tt-nhnn_7,37/2014/tt-nhnn_15,ARTICLE,GUIDE,
37/2014/tt-nhnn,37/2014/tt-nhnn_8,ARTICLE,CONTAIN,
37/2014/tt-nhnn_8,37/2014/tt-nhnn_10,ARTICLE,GUIDE,
37/2014/tt-nhnn,37/2014/tt-nhnn_9,ARTICLE,CONTAIN,
37/2014/tt-nhnn,37/2014/tt-nhnn_10,ARTICLE,CONTAIN,
37/2014/tt-nhnn,37/2014/tt-nhnn_11,ARTICLE,CONTAIN,
37/2014/tt-nhnn_11,37/2014/tt-nhnn_10,ARTICLE,GUIDE,
37/2014/tt-nhnn_11,37/2014/tt-nhnn_6,ARTICLE,GUIDE,
37/2014/tt-nhnn,37/2014/tt-nhnn_12,ARTICLE,CONTAIN,
37/2014/tt-nhnn_12,37/2014/tt-nhnn_10,ARTICLE,GUIDE,
37/2014/tt-nhnn_12,37/2014/tt-nhnn_6,ARTICLE,GUIDE,
37/2014/tt-nhnn,37/2014/tt-nhnn_13,ARTICLE,CONTAIN,
37/2014/tt-nhnn,37/2014/tt-nhnn_14,ARTICLE,CONTAIN,
37/2014/tt-nhnn,37/2014/tt-nhnn_15,ARTICLE,CONTAIN,
37/2014/tt-nhnn,37/2014/tt-nhnn_16,ARTICLE,CONTAIN,
37/2014/tt-nhnn,37/2014/tt-nhnn_17,ARTICLE,CONTAIN,
37/2014/tt-nhnn,37/2014/tt-nhnn_18,ARTICLE,CONTAIN,
37/2014/tt-nhnn,37/2014/tt-nhnn_19,ARTICLE,CONTAIN,
37/2014/tt-nhnn,37/2014/tt-nhnn_20,ARTICLE,CONTAIN,
37/2014/tt-nhnn,37/2014/tt-nhnn_21,ARTICLE,CONTAIN,
37/2014/tt-nhnn,37/2014/tt-nhnn_22,ARTICLE,CONTAIN,
11/2013/tt-nhnn,11/2013/tt-nhnn_1,ARTICLE,CONTAIN,
11/2013/tt-nhnn,11/2013/tt-nhnn_2,ARTICLE,CONTAIN,
11/2013/tt-nhnn_2,11/2013/tt-nhnn_8,ARTICLE,GUIDE,
11/2013/tt-nhnn,11/2013/tt-nhnn_3,ARTICLE,CONTAIN,
11/2013/tt-nhnn_3,11/2013/tt-nhnn_1,ARTICLE,GUIDE,
11/2013/tt-nhnn,11/2013/tt-nhnn_4,ARTICLE,CONTAIN,
11/2013/tt-nhnn,11/2013/tt-nhnn_5,ARTICLE,CONTAIN,
11/2013/tt-nhnn,11/2013/tt-nhnn_6,ARTICLE,CONTAIN,
11/2013/tt-nhnn,11/2013/tt-nhnn_7,ARTICLE,CONTAIN,
11/2013/tt-nhnn,11/2013/tt-nhnn_8,ARTICLE,CONTAIN,
11/2013/tt-nhnn,11/2013/tt-nhnn_9,ARTICLE,CONTAIN,
11/2013/tt-nhnn,11/2013/tt-nhnn_10,ARTICLE,CONTAIN,
11/2013/tt-nhnn,11/2013/tt-nhnn_11,ARTICLE,CONTAIN,
11/2013/tt-nhnn_11,11/2013/tt-nhnn_4,ARTICLE,GUIDE,
11/2013/tt-nhnn_11,11/2013/tt-nhnn_10,ARTICLE,GUIDE,
11/2013/tt-nhnn,11/2013/tt-nhnn_12,ARTICLE,CONTAIN,
32/2014/tt-nhnn,32/2014/tt-nhnn_1,ARTICLE,CONTAIN,
32/2014/tt-nhnn_1,11/2013/tt-nhnn_1,ARTICLE,AMEND,
32/2014/tt-nhnn_1,11/2013/tt-nhnn_3,ARTICLE,AMEND,
32/2014/tt-nhnn_1,11/2013/tt-nhnn_4,ARTICLE,AMEND,
32/2014/tt-nhnn_1,11/2013/tt-nhnn_5,ARTICLE,AMEND,
32/2014/tt-nhnn_1,11/2013/tt-nhnn_8,ARTICLE,AMEND,
32/2014/tt-nhnn_1,11/2013/tt-nhnn_10,ARTICLE,AMEND,
32/2014/tt-nhnn,32/2014/tt-nhnn_2,ARTICLE,CONTAIN,
32/2014/tt-nhnn,32/2014/tt-nhnn_3,ARTICLE,CONTAIN,
32/2014/tt-nhnn_3,32/2014/tt-nhnn_1,ARTICLE,GUIDE,
3169/qđ-nhnn,3169/qđ-nhnn_1,ARTICLE,CONTAIN,
3169/qđ-nhnn,3169/qđ-nhnn_2,ARTICLE,CONTAIN,
3169/qđ-nhnn,3169/qđ-nhnn_3,ARTICLE,CONTAIN,
3169/qđ-nhnn,3169/qđ-nhnn_4,ARTICLE,CONTAIN,
3169/qđ-nhnn_4,3169/qđ-nhnn_1,ARTICLE,GUIDE,
3169/qđ-nhnn_4,3169/qđ-nhnn_2,ARTICLE,GUIDE,
3169/qđ-nhnn,3169/qđ-nhnn_5,ARTICLE,CONTAIN,
1747/ 2005/qđ-nhnn,1747/ 2005/qđ-nhnn_1,ARTICLE,CONTAIN,
1747/ 2005/qđ-nhnn_1,477/2004/QĐ-NHNN_11,ARTICLE,AMEND,
1747/ 2005/qđ-nhnn_1,477/2004/QĐ-NHNN_13,ARTICLE,AMEND,
1747/ 2005/qđ-nhnn_1,477/2004/QĐ-NHNN_17,ARTICLE,AMEND,
1747/ 2005/qđ-nhnn_1,477/2004/QĐ-NHNN_12,ARTICLE,GUIDE,
1747/ 2005/qđ-nhnn_1,477/2004/QĐ-NHNN_13,ARTICLE,GUIDE,
1747/ 2005/qđ-nhnn_1,477/2004/QĐ-NHNN_14,ARTICLE,GUIDE,
1747/ 2005/qđ-nhnn,1747/ 2005/qđ-nhnn_2,ARTICLE,CONTAIN,
1747/ 2005/qđ-nhnn_2,1747/2005/qđ-nhnn_1,ARTICLE,GUIDE,
1747/ 2005/qđ-nhnn,1747/ 2005/qđ-nhnn_3,ARTICLE,CONTAIN,
1747/ 2005/qđ-nhnn_3,1747/2005/qđ-nhnn_1,ARTICLE,GUIDE,
1747/ 2005/qđ-nhnn,1747/ 2005/qđ-nhnn_4,ARTICLE,CONTAIN,
1747/ 2005/qđ-nhnn,1747/ 2005/qđ-nhnn_5,ARTICLE,CONTAIN,
1747/ 2005/qđ-nhnn,1747/ 2005/qđ-nhnn_6,ARTICLE,CONTAIN,
1747/ 2005/qđ-nhnn,1747/ 2005/qđ-nhnn_7,ARTICLE,CONTAIN,
1747/ 2005/qđ-nhnn,1747/ 2005/qđ-nhnn_8,ARTICLE,CONTAIN,
1747/ 2005/qđ-nhnn,1747/ 2005/qđ-nhnn_9,ARTICLE,CONTAIN,
1747/ 2005/qđ-nhnn_9,1747/2005/qđ-nhnn_2,ARTICLE,GUIDE,
1747/ 2005/qđ-nhnn_9,1747/2005/qđ-nhnn_4,ARTICLE,GUIDE,
1747/ 2005/qđ-nhnn_9,1747/2005/qđ-nhnn_5,ARTICLE,GUIDE,
1747/ 2005/qđ-nhnn_9,1747/2005/qđ-nhnn_6,ARTICLE,GUIDE,
1747/ 2005/qđ-nhnn_9,1747/2005/qđ-nhnn_7,ARTICLE,GUIDE,
1747/ 2005/qđ-nhnn_9,1747/2005/qđ-nhnn_8,ARTICLE,GUIDE,
1747/ 2005/qđ-nhnn,1747/ 2005/qđ-nhnn_10,ARTICLE,CONTAIN,
1747/ 2005/qđ-nhnn,1747/ 2005/qđ-nhnn_11,ARTICLE,CONTAIN,
1747/ 2005/qđ-nhnn_11,1747/2005/qđ-nhnn_12,ARTICLE,GUIDE,
1747/ 2005/qđ-nhnn,1747/ 2005/qđ-nhnn_12,ARTICLE,CONTAIN,
1747/ 2005/qđ-nhnn,1747/ 2005/qđ-nhnn_13,ARTICLE,CONTAIN,
1747/ 2005/qđ-nhnn,1747/ 2005/qđ-nhnn_14,ARTICLE,CONTAIN,
1747/ 2005/qđ-nhnn,1747/ 2005/qđ-nhnn_15,ARTICLE,CONTAIN,
1747/ 2005/qđ-nhnn,1747/ 2005/qđ-nhnn_16,ARTICLE,CONTAIN,
1747/ 2005/qđ-nhnn,1747/ 2005/qđ-nhnn_17,ARTICLE,CONTAIN,
1747/ 2005/qđ-nhnn,1747/ 2005/qđ-nhnn_18,ARTICLE,CONTAIN,
1747/ 2005/qđ-nhnn,1747/ 2005/qđ-nhnn_19,ARTICLE,CONTAIN,
177/qđ-nhpt,177/qđ-nhpt_1,ARTICLE,CONTAIN,
177/qđ-nhpt,177/qđ-nhpt_2,ARTICLE,CONTAIN,
177/qđ-nhpt,177/qđ-nhpt_3,ARTICLE,CONTAIN,
177/qđ-nhpt,177/qđ-nhpt_4,ARTICLE,CONTAIN,
177/qđ-nhpt_4,39/2005/QH11_58,ARTICLE,GUIDE,
177/qđ-nhpt_4,39/2005/QH11_59,ARTICLE,GUIDE,
177/qđ-nhpt,177/qđ-nhpt_5,ARTICLE,CONTAIN,
177/qđ-nhpt,177/qđ-nhpt_6,ARTICLE,CONTAIN,
177/qđ-nhpt,177/qđ-nhpt_7,ARTICLE,CONTAIN,
177/qđ-nhpt_7,16/2005/QH11_48,ARTICLE,GUIDE,
177/qđ-nhpt_7,16/2005/QH11_49,ARTICLE,GUIDE,
177/qđ-nhpt_7,16/2005/QH11_50,ARTICLE,GUIDE,
177/qđ-nhpt_7,16/2005/QH11_51,ARTICLE,GUIDE,
177/qđ-nhpt_7,16/2005/QH11_52,ARTICLE,GUIDE,
177/qđ-nhpt,177/qđ-nhpt_8,ARTICLE,CONTAIN,
177/qđ-nhpt,177/qđ-nhpt_9,ARTICLE,CONTAIN,
177/qđ-nhpt,177/qđ-nhpt_10,ARTICLE,CONTAIN,
177/qđ-nhpt,177/qđ-nhpt_11,ARTICLE,CONTAIN,
177/qđ-nhpt,177/qđ-nhpt_12,ARTICLE,CONTAIN,
177/qđ-nhpt,177/qđ-nhpt_13,ARTICLE,CONTAIN,
177/qđ-nhpt,177/qđ-nhpt_14,ARTICLE,CONTAIN,
177/qđ-nhpt,177/qđ-nhpt_15,ARTICLE,CONTAIN,
177/qđ-nhpt,177/qđ-nhpt_16,ARTICLE,CONTAIN,
177/qđ-nhpt,177/qđ-nhpt_17,ARTICLE,CONTAIN,
177/qđ-nhpt,177/qđ-nhpt_18,ARTICLE,CONTAIN,
177/qđ-nhpt,177/qđ-nhpt_19,ARTICLE,CONTAIN,
177/qđ-nhpt,177/qđ-nhpt_20,ARTICLE,CONTAIN,
177/qđ-nhpt_20,177/qđ-nhpt_21,ARTICLE,GUIDE,
177/qđ-nhpt,177/qđ-nhpt_21,ARTICLE,CONTAIN,
177/qđ-nhpt,177/qđ-nhpt_22,ARTICLE,CONTAIN,
177/qđ-nhpt_22,177/qđ-nhpt_3,ARTICLE,GUIDE,
177/qđ-nhpt,177/qđ-nhpt_23,ARTICLE,CONTAIN,
177/qđ-nhpt,177/qđ-nhpt_24,ARTICLE,CONTAIN,
177/qđ-nhpt,177/qđ-nhpt_25,ARTICLE,CONTAIN,
177/qđ-nhpt_25,42/2005/qh12_4,ARTICLE,GUIDE,
177/qđ-nhpt,177/qđ-nhpt_26,ARTICLE,CONTAIN,
177/qđ-nhpt,177/qđ-nhpt_27,ARTICLE,CONTAIN,
177/qđ-nhpt,177/qđ-nhpt_28,ARTICLE,CONTAIN,
177/qđ-nhpt,177/qđ-nhpt_29,ARTICLE,CONTAIN,
177/qđ-nhpt,177/qđ-nhpt_30,ARTICLE,CONTAIN,
177/qđ-nhpt,177/qđ-nhpt_31,ARTICLE,CONTAIN,
177/qđ-nhpt,177/qđ-nhpt_32,ARTICLE,CONTAIN,
48/2007/qđ-nhnn,48/2007/qđ-nhnn_1,ARTICLE,CONTAIN,
48/2007/qđ-nhnn,48/2007/qđ-nhnn_2,ARTICLE,CONTAIN,
48/2007/qđ-nhnn,48/2007/qđ-nhnn_3,ARTICLE,CONTAIN,
48/2007/qđ-nhnn,48/2007/qđ-nhnn_4,ARTICLE,CONTAIN,
48/2007/qđ-nhnn,48/2007/qđ-nhnn_5,ARTICLE,CONTAIN,
48/2007/qđ-nhnn,48/2007/qđ-nhnn_6,ARTICLE,CONTAIN,
48/2007/qđ-nhnn,48/2007/qđ-nhnn_7,ARTICLE,CONTAIN,
48/2007/qđ-nhnn,48/2007/qđ-nhnn_8,ARTICLE,CONTAIN,
48/2007/qđ-nhnn,48/2007/qđ-nhnn_9,ARTICLE,CONTAIN,
48/2007/qđ-nhnn,48/2007/qđ-nhnn_10,ARTICLE,CONTAIN,
48/2007/qđ-nhnn,48/2007/qđ-nhnn_11,ARTICLE,CONTAIN,
48/2007/qđ-nhnn,48/2007/qđ-nhnn_12,ARTICLE,CONTAIN,
48/2007/qđ-nhnn,48/2007/qđ-nhnn_13,ARTICLE,CONTAIN,
48/2007/qđ-nhnn,48/2007/qđ-nhnn_14,ARTICLE,CONTAIN,
48/2007/qđ-nhnn,48/2007/qđ-nhnn_15,ARTICLE,CONTAIN,
48/2007/qđ-nhnn,48/2007/qđ-nhnn_16,ARTICLE,CONTAIN,
48/2007/qđ-nhnn,48/2007/qđ-nhnn_17,ARTICLE,CONTAIN,
39/2013/tt-nhnn,39/2013/tt-nhnn_1,ARTICLE,CONTAIN,
39/2013/tt-nhnn,39/2013/tt-nhnn_2,ARTICLE,CONTAIN,
39/2013/tt-nhnn_2,39/2013/tt-nhnn_7,ARTICLE,GUIDE,
39/2013/tt-nhnn_2,39/2013/tt-nhnn_8,ARTICLE,GUIDE,
39/2013/tt-nhnn,39/2013/tt-nhnn_3,ARTICLE,CONTAIN,
39/2013/tt-nhnn,39/2013/tt-nhnn_4,ARTICLE,CONTAIN,
39/2013/tt-nhnn,39/2013/tt-nhnn_5,ARTICLE,CONTAIN,
39/2013/tt-nhnn,39/2013/tt-nhnn_6,ARTICLE,CONTAIN,
39/2013/tt-nhnn,39/2013/tt-nhnn_7,ARTICLE,CONTAIN,
39/2013/tt-nhnn,39/2013/tt-nhnn_8,ARTICLE,CONTAIN,
39/2013/tt-nhnn_8,39/2013/tt-nhnn_3,ARTICLE,GUIDE,
39/2013/tt-nhnn_8,39/2013/tt-nhnn_4,ARTICLE,GUIDE,
39/2013/tt-nhnn_8,39/2013/tt-nhnn_6,ARTICLE,GUIDE,
39/2013/tt-nhnn_8,39/2013/tt-nhnn_7,ARTICLE,GUIDE,
39/2013/tt-nhnn,39/2013/tt-nhnn_9,ARTICLE,CONTAIN,
39/2013/tt-nhnn,39/2013/tt-nhnn_10,ARTICLE,CONTAIN,
39/2013/tt-nhnn,39/2013/tt-nhnn_11,ARTICLE,CONTAIN,
39/2013/tt-nhnn_11,39/2013/tt-nhnn_12,ARTICLE,GUIDE,
39/2013/tt-nhnn_11,39/2013/tt-nhnn_10,ARTICLE,GUIDE,
39/2013/tt-nhnn_11,39/2013/tt-nhnn_9,ARTICLE,GUIDE,
39/2013/tt-nhnn_11,39/2013/tt-nhnn_14,ARTICLE,GUIDE,
39/2013/tt-nhnn,39/2013/tt-nhnn_12,ARTICLE,CONTAIN,
39/2013/tt-nhnn,39/2013/tt-nhnn_13,ARTICLE,CONTAIN,
39/2013/tt-nhnn_13,39/2013/tt-nhnn_11,ARTICLE,GUIDE,
39/2013/tt-nhnn,39/2013/tt-nhnn_14,ARTICLE,CONTAIN,
39/2013/tt-nhnn,39/2013/tt-nhnn_15,ARTICLE,CONTAIN,
39/2013/tt-nhnn,39/2013/tt-nhnn_16,ARTICLE,CONTAIN,
39/2013/tt-nhnn,39/2013/tt-nhnn_17,ARTICLE,CONTAIN,
39/2013/tt-nhnn,39/2013/tt-nhnn_18,ARTICLE,CONTAIN,
01/2013/tt-nhnn,01/2013/tt-nhnn_1,ARTICLE,CONTAIN,
01/2013/tt-nhnn_1,21/2012/tt-nhnn_1,ARTICLE,AMEND,
01/2013/tt-nhnn_1,21/2012/tt-nhnn_3,ARTICLE,AMEND,
01/2013/tt-nhnn_1,21/2012/tt-nhnn_4,ARTICLE,AMEND,
01/2013/tt-nhnn_1,21/2012/tt-nhnn_5,ARTICLE,AMEND,
01/2013/tt-nhnn_1,21/2012/tt-nhnn_6,ARTICLE,AMEND,
01/2013/tt-nhnn_1,21/2012/tt-nhnn_8,ARTICLE,AMEND,
01/2013/tt-nhnn_1,21/2012/tt-nhnn_9,ARTICLE,AMEND,
01/2013/tt-nhnn_1,21/2012/tt-nhnn_10,ARTICLE,AMEND,
01/2013/tt-nhnn_1,21/2012/tt-nhnn_15,ARTICLE,AMEND,
01/2013/tt-nhnn_1,21/2012/tt-nhnn_16,ARTICLE,AMEND,
01/2013/tt-nhnn_1,21/2012/tt-nhnn_22,ARTICLE,AMEND,
01/2013/tt-nhnn_1,21/2012/tt-nhnn_28,ARTICLE,AMEND,
01/2013/tt-nhnn_1,21/2012/tt-nhnn_17,ARTICLE,REPEAL,
01/2013/tt-nhnn,01/2013/tt-nhnn_2,ARTICLE,CONTAIN,
38/2013/tt-nhnn,38/2013/tt-nhnn_1,ARTICLE,CONTAIN,
38/2013/tt-nhnn,38/2013/tt-nhnn_2,ARTICLE,CONTAIN,
38/2013/tt-nhnn_2,38/2013/tt-nhnn_1,ARTICLE,GUIDE,
38/2013/tt-nhnn,38/2013/tt-nhnn_3,ARTICLE,CONTAIN,
38/2013/tt-nhnn,38/2013/tt-nhnn_4,ARTICLE,CONTAIN,
38/2013/tt-nhnn,38/2013/tt-nhnn_5,ARTICLE,CONTAIN,
38/2013/tt-nhnn,38/2013/tt-nhnn_6,ARTICLE,CONTAIN,
38/2013/tt-nhnn_6,35/2007/NĐ-CP_20,ARTICLE,GUIDE,
38/2013/tt-nhnn_6,35/2007/NĐ-CP_21,ARTICLE,GUIDE,
38/2013/tt-nhnn,38/2013/tt-nhnn_7,ARTICLE,CONTAIN,
38/2013/tt-nhnn_7,35/2007/NĐ-CP_15,ARTICLE,GUIDE,
38/2013/tt-nhnn_7,35/2007/NĐ-CP_23,ARTICLE,GUIDE,
38/2013/tt-nhnn,38/2013/tt-nhnn_8,ARTICLE,CONTAIN,
38/2013/tt-nhnn_8,38/2013/tt-nhnn_4,ARTICLE,GUIDE,
38/2013/tt-nhnn_8,38/2013/tt-nhnn_6,ARTICLE,GUIDE,
38/2013/tt-nhnn_8,38/2013/tt-nhnn_7,ARTICLE,GUIDE,
38/2013/tt-nhnn_8,35/2007/NĐ-CP_22,ARTICLE,GUIDE,
38/2013/tt-nhnn_8,38/2013/tt-nhnn_5,ARTICLE,GUIDE,
38/2013/tt-nhnn,38/2013/tt-nhnn_9,ARTICLE,CONTAIN,
38/2013/tt-nhnn_9,1789/2005/QĐ-NHNN_5,ARTICLE,REPEAL,
38/2013/tt-nhnn,38/2013/tt-nhnn_10,ARTICLE,CONTAIN,
37/2013/tt-nhnn,37/2013/tt-nhnn_1,ARTICLE,CONTAIN,
37/2013/tt-nhnn,37/2013/tt-nhnn_2,ARTICLE,CONTAIN,
37/2013/tt-nhnn,37/2013/tt-nhnn_3,ARTICLE,CONTAIN,
37/2013/tt-nhnn,37/2013/tt-nhnn_4,ARTICLE,CONTAIN,
37/2013/tt-nhnn,37/2013/tt-nhnn_5,ARTICLE,CONTAIN,
37/2013/tt-nhnn,37/2013/tt-nhnn_6,ARTICLE,CONTAIN,
37/2013/tt-nhnn,37/2013/tt-nhnn_7,ARTICLE,CONTAIN,
37/2013/tt-nhnn,37/2013/tt-nhnn_8,ARTICLE,CONTAIN,
37/2013/tt-nhnn_8,37/2013/tt-nhnn_7,ARTICLE,GUIDE,
37/2013/tt-nhnn,37/2013/tt-nhnn_9,ARTICLE,CONTAIN,
37/2013/tt-nhnn,37/2013/tt-nhnn_10,ARTICLE,CONTAIN,
37/2013/tt-nhnn_10,37/2013/tt-nhnn,ARTICLE,GUIDE,
37/2013/tt-nhnn,37/2013/tt-nhnn_11,ARTICLE,CONTAIN,
37/2013/tt-nhnn,37/2013/tt-nhnn_12,ARTICLE,CONTAIN,
37/2013/tt-nhnn_12,37/2013/tt-nhnn_11,ARTICLE,GUIDE,
37/2013/tt-nhnn,37/2013/tt-nhnn_13,ARTICLE,CONTAIN,
37/2013/tt-nhnn_13,37/2013/tt-nhnn_14,ARTICLE,GUIDE,
37/2013/tt-nhnn,37/2013/tt-nhnn_14,ARTICLE,CONTAIN,
37/2013/tt-nhnn_14,37/2013/tt-nhnn_13,ARTICLE,GUIDE,
37/2013/tt-nhnn,37/2013/tt-nhnn_15,ARTICLE,CONTAIN,
37/2013/tt-nhnn,37/2013/tt-nhnn_16,ARTICLE,CONTAIN,
37/2013/tt-nhnn,37/2013/tt-nhnn_17,ARTICLE,CONTAIN,
37/2013/tt-nhnn,37/2013/tt-nhnn_18,ARTICLE,CONTAIN,
37/2013/tt-nhnn,37/2013/tt-nhnn_19,ARTICLE,CONTAIN,
37/2013/tt-nhnn,37/2013/tt-nhnn_20,ARTICLE,CONTAIN,
37/2013/tt-nhnn,37/2013/tt-nhnn_21,ARTICLE,CONTAIN,
37/2013/tt-nhnn,37/2013/tt-nhnn_22,ARTICLE,CONTAIN,
37/2013/tt-nhnn,37/2013/tt-nhnn_23,ARTICLE,CONTAIN,
33/2013/tt-nhnn,33/2013/tt-nhnn_1,ARTICLE,CONTAIN,
33/2013/tt-nhnn,33/2013/tt-nhnn_2,ARTICLE,CONTAIN,
33/2013/tt-nhnn,33/2013/tt-nhnn_3,ARTICLE,CONTAIN,
33/2013/tt-nhnn,33/2013/tt-nhnn_4,ARTICLE,CONTAIN,
33/2013/tt-nhnn_4,33/2013/tt-nhnn_6,ARTICLE,GUIDE,
33/2013/tt-nhnn,33/2013/tt-nhnn_5,ARTICLE,CONTAIN,
33/2013/tt-nhnn_5,33/2013/tt-nhnn_6,ARTICLE,GUIDE,
33/2013/tt-nhnn,33/2013/tt-nhnn_6,ARTICLE,CONTAIN,
33/2013/tt-nhnn,33/2013/tt-nhnn_7,ARTICLE,CONTAIN,
32/2013/tt-nhnn,32/2013/tt-nhnn_1,ARTICLE,CONTAIN,
32/2013/tt-nhnn,32/2013/tt-nhnn_2,ARTICLE,CONTAIN,
32/2013/tt-nhnn,32/2013/tt-nhnn_3,ARTICLE,CONTAIN,
32/2013/tt-nhnn_3,32/2013/tt-nhnn_4,ARTICLE,GUIDE,
32/2013/tt-nhnn,32/2013/tt-nhnn_4,ARTICLE,CONTAIN,
32/2013/tt-nhnn,32/2013/tt-nhnn_5,ARTICLE,CONTAIN,
32/2013/tt-nhnn,32/2013/tt-nhnn_6,ARTICLE,CONTAIN,
32/2013/tt-nhnn,32/2013/tt-nhnn_7,ARTICLE,CONTAIN,
26/2013/tt-nhnn,26/2013/tt-nhnn_1,ARTICLE,CONTAIN,
26/2013/tt-nhnn,26/2013/tt-nhnn_2,ARTICLE,CONTAIN,
26/2013/tt-nhnn,26/2013/tt-nhnn_3,ARTICLE,CONTAIN,
26/2013/tt-nhnn,26/2013/tt-nhnn_4,ARTICLE,CONTAIN,
25/2013/tt-nhnn,25/2013/tt-nhnn_1,ARTICLE,CONTAIN,
25/2013/tt-nhnn,25/2013/tt-nhnn_2,ARTICLE,CONTAIN,
25/2013/tt-nhnn,25/2013/tt-nhnn_3,ARTICLE,CONTAIN,
25/2013/tt-nhnn,25/2013/tt-nhnn_4,ARTICLE,CONTAIN,
25/2013/tt-nhnn,25/2013/tt-nhnn_5,ARTICLE,CONTAIN,
25/2013/tt-nhnn,25/2013/tt-nhnn_6,ARTICLE,CONTAIN,
25/2013/tt-nhnn_6,25/2013/tt-nhnn_4,ARTICLE,GUIDE,
25/2013/tt-nhnn,25/2013/tt-nhnn_7,ARTICLE,CONTAIN,
25/2013/tt-nhnn,25/2013/tt-nhnn_8,ARTICLE,CONTAIN,
25/2013/tt-nhnn,25/2013/tt-nhnn_9,ARTICLE,CONTAIN,
25/2013/tt-nhnn,25/2013/tt-nhnn_10,ARTICLE,CONTAIN,
25/2013/tt-nhnn,25/2013/tt-nhnn_11,ARTICLE,CONTAIN,
25/2013/tt-nhnn_11,25/2013/tt-nhnn_3,ARTICLE,GUIDE,
25/2013/tt-nhnn,25/2013/tt-nhnn_12,ARTICLE,CONTAIN,
25/2013/tt-nhnn,25/2013/tt-nhnn_13,ARTICLE,CONTAIN,
25/2013/tt-nhnn,25/2013/tt-nhnn_14,ARTICLE,CONTAIN,
25/2013/tt-nhnn,25/2013/tt-nhnn_15,ARTICLE,CONTAIN,
25/2013/tt-nhnn,25/2013/tt-nhnn_16,ARTICLE,CONTAIN,
22/2013/tt-nhnn,22/2013/tt-nhnn_1,ARTICLE,CONTAIN,
22/2013/tt-nhnn,22/2013/tt-nhnn_2,ARTICLE,CONTAIN,
22/2013/tt-nhnn,22/2013/tt-nhnn_3,ARTICLE,CONTAIN,
22/2013/tt-nhnn,22/2013/tt-nhnn_4,ARTICLE,CONTAIN,
22/2013/tt-nhnn,22/2013/tt-nhnn_5,ARTICLE,CONTAIN,
22/2013/tt-nhnn,22/2013/tt-nhnn_6,ARTICLE,CONTAIN,
22/2013/tt-nhnn,22/2013/tt-nhnn_7,ARTICLE,CONTAIN,
20/2013/tt-nhnn,20/2013/tt-nhnn_1,ARTICLE,CONTAIN,
20/2013/tt-nhnn,20/2013/tt-nhnn_2,ARTICLE,CONTAIN,
20/2013/tt-nhnn,20/2013/tt-nhnn_3,ARTICLE,CONTAIN,
20/2013/tt-nhnn,20/2013/tt-nhnn_4,ARTICLE,CONTAIN,
20/2013/tt-nhnn_4,20/2013/tt-nhnn_2,ARTICLE,GUIDE,
20/2013/tt-nhnn,20/2013/tt-nhnn_5,ARTICLE,CONTAIN,
20/2013/tt-nhnn,20/2013/tt-nhnn_6,ARTICLE,CONTAIN,
20/2013/tt-nhnn,20/2013/tt-nhnn_7,ARTICLE,CONTAIN,
20/2013/tt-nhnn,20/2013/tt-nhnn_8,ARTICLE,CONTAIN,
20/2013/tt-nhnn_8,20/2013/tt-nhnn_4,ARTICLE,GUIDE,
20/2013/tt-nhnn_8,20/2013/tt-nhnn_5,ARTICLE,GUIDE,
20/2013/tt-nhnn_8,20/2013/tt-nhnn_6,ARTICLE,GUIDE,
20/2013/tt-nhnn_8,20/2013/tt-nhnn_7,ARTICLE,GUIDE,
20/2013/tt-nhnn,20/2013/tt-nhnn_9,ARTICLE,CONTAIN,
20/2013/tt-nhnn,20/2013/tt-nhnn_10,ARTICLE,CONTAIN,
20/2013/tt-nhnn_10,53/2013/NĐ-CP_22,ARTICLE,GUIDE,
20/2013/tt-nhnn,20/2013/tt-nhnn_11,ARTICLE,CONTAIN,
20/2013/tt-nhnn,20/2013/tt-nhnn_12,ARTICLE,CONTAIN,
20/2013/tt-nhnn,20/2013/tt-nhnn_13,ARTICLE,CONTAIN,
20/2013/tt-nhnn_13,20/2013/tt-nhnn_10,ARTICLE,GUIDE,
20/2013/tt-nhnn_13,20/2013/tt-nhnn_11,ARTICLE,GUIDE,
20/2013/tt-nhnn,20/2013/tt-nhnn_14,ARTICLE,CONTAIN,
20/2013/tt-nhnn_14,20/2013/tt-nhnn_4,ARTICLE,GUIDE,
20/2013/tt-nhnn,20/2013/tt-nhnn_15,ARTICLE,CONTAIN,
19/2013/tt-nhnn,19/2013/tt-nhnn_1,ARTICLE,CONTAIN,
19/2013/tt-nhnn,19/2013/tt-nhnn_2,ARTICLE,CONTAIN,
19/2013/tt-nhnn,19/2013/tt-nhnn_3,ARTICLE,CONTAIN,
19/2013/tt-nhnn,19/2013/tt-nhnn_4,ARTICLE,CONTAIN,
19/2013/tt-nhnn_4,53/2013/NĐ-CP_12,ARTICLE,GUIDE,
19/2013/tt-nhnn,19/2013/tt-nhnn_5,ARTICLE,CONTAIN,
19/2013/tt-nhnn,19/2013/tt-nhnn_6,ARTICLE,CONTAIN,
19/2013/tt-nhnn,19/2013/tt-nhnn_7,ARTICLE,CONTAIN,
19/2013/tt-nhnn,19/2013/tt-nhnn_8,ARTICLE,CONTAIN,
19/2013/tt-nhnn,19/2013/tt-nhnn_9,ARTICLE,CONTAIN,
19/2013/tt-nhnn,19/2013/tt-nhnn_10,ARTICLE,CONTAIN,
19/2013/tt-nhnn,19/2013/tt-nhnn_11,ARTICLE,CONTAIN,
19/2013/tt-nhnn_11,53/2013/NĐ-CP_14,ARTICLE,GUIDE,
19/2013/tt-nhnn_11,19/2013/tt-nhnn_10,ARTICLE,GUIDE,
19/2013/tt-nhnn,19/2013/tt-nhnn_12,ARTICLE,CONTAIN,
19/2013/tt-nhnn,19/2013/tt-nhnn_13,ARTICLE,CONTAIN,
19/2013/tt-nhnn_13,19/2013/tt-nhnn_12,ARTICLE,GUIDE,
19/2013/tt-nhnn,19/2013/tt-nhnn_14,ARTICLE,CONTAIN,
19/2013/tt-nhnn,19/2013/tt-nhnn_15,ARTICLE,CONTAIN,
19/2013/tt-nhnn,19/2013/tt-nhnn_16,ARTICLE,CONTAIN,
19/2013/tt-nhnn_16,19/2013/tt-nhnn_8,ARTICLE,GUIDE,
19/2013/tt-nhnn,19/2013/tt-nhnn_17,ARTICLE,CONTAIN,
19/2013/tt-nhnn_17,19/2013/tt-nhnn_16,ARTICLE,GUIDE,
19/2013/tt-nhnn_17,53/2013/NĐ-CP_12,ARTICLE,GUIDE,
19/2013/tt-nhnn,19/2013/tt-nhnn_18,ARTICLE,CONTAIN,
19/2013/tt-nhnn_18,19/2013/tt-nhnn_17,ARTICLE,GUIDE,
19/2013/tt-nhnn,19/2013/tt-nhnn_19,ARTICLE,CONTAIN,
19/2013/tt-nhnn_19,19/2013/tt-nhnn_16,ARTICLE,GUIDE,
19/2013/tt-nhnn_19,19/2013/tt-nhnn_21,ARTICLE,GUIDE,
19/2013/tt-nhnn_19,53/2013/NĐ-CP_31,ARTICLE,GUIDE,
19/2013/tt-nhnn_19,19/2013/tt-nhnn_43,ARTICLE,GUIDE,
19/2013/tt-nhnn,19/2013/tt-nhnn_20,ARTICLE,CONTAIN,
19/2013/tt-nhnn_20,19/2013/tt-nhnn_43,ARTICLE,GUIDE,
19/2013/tt-nhnn_20,19/2013/tt-nhnn_44,ARTICLE,GUIDE,
19/2013/tt-nhnn,19/2013/tt-nhnn_21,ARTICLE,CONTAIN,
19/2013/tt-nhnn_21,53/2013/NĐ-CP_14,ARTICLE,GUIDE,
19/2013/tt-nhnn_21,19/2013/tt-nhnn_17,ARTICLE,GUIDE,
19/2013/tt-nhnn_21,19/2013/tt-nhnn_18,ARTICLE,GUIDE,
19/2013/tt-nhnn,19/2013/tt-nhnn_22,ARTICLE,CONTAIN,
19/2013/tt-nhnn,19/2013/tt-nhnn_23,ARTICLE,CONTAIN,
19/2013/tt-nhnn_23,19/2013/tt-nhnn_16,ARTICLE,GUIDE,
19/2013/tt-nhnn,19/2013/tt-nhnn_24,ARTICLE,CONTAIN,
19/2013/tt-nhnn,19/2013/tt-nhnn_25,ARTICLE,CONTAIN,
19/2013/tt-nhnn,19/2013/tt-nhnn_26,ARTICLE,CONTAIN,
19/2013/tt-nhnn_26,19/2013/tt-nhnn_23,ARTICLE,GUIDE,
19/2013/tt-nhnn,19/2013/tt-nhnn_27,ARTICLE,CONTAIN,
19/2013/tt-nhnn,19/2013/tt-nhnn_28,ARTICLE,CONTAIN,
19/2013/tt-nhnn_28,32/2024/qh15_126,ARTICLE,GUIDE,
19/2013/tt-nhnn,19/2013/tt-nhnn_29,ARTICLE,CONTAIN,
19/2013/tt-nhnn_29,19/2013/tt-nhnn_28,ARTICLE,GUIDE,
19/2013/tt-nhnn,19/2013/tt-nhnn_30,ARTICLE,CONTAIN,
19/2013/tt-nhnn,19/2013/tt-nhnn_31,ARTICLE,CONTAIN,
19/2013/tt-nhnn,19/2013/tt-nhnn_32,ARTICLE,CONTAIN,
19/2013/tt-nhnn_32,19/2013/tt-nhnn_31,ARTICLE,GUIDE,
19/2013/tt-nhnn,19/2013/tt-nhnn_33,ARTICLE,CONTAIN,
19/2013/tt-nhnn_33,19/2013/tt-nhnn_36,ARTICLE,GUIDE,
19/2013/tt-nhnn,19/2013/tt-nhnn_34,ARTICLE,CONTAIN,
19/2013/tt-nhnn,19/2013/tt-nhnn_35,ARTICLE,CONTAIN,
19/2013/tt-nhnn,19/2013/tt-nhnn_36,ARTICLE,CONTAIN,
19/2013/tt-nhnn_36,19/2013/tt-nhnn_33,ARTICLE,GUIDE,
19/2013/tt-nhnn_36,19/2013/tt-nhnn_43,ARTICLE,GUIDE,
19/2013/tt-nhnn,19/2013/tt-nhnn_37,ARTICLE,CONTAIN,
19/2013/tt-nhnn_37,19/2013/tt-nhnn_36,ARTICLE,GUIDE,
19/2013/tt-nhnn,19/2013/tt-nhnn_38,ARTICLE,CONTAIN,
19/2013/tt-nhnn_38,53/2013/NĐ-CP_18,ARTICLE,GUIDE,
19/2013/tt-nhnn,19/2013/tt-nhnn_39,ARTICLE,CONTAIN,
19/2013/tt-nhnn_39,53/2013/NĐ-CP_12,ARTICLE,GUIDE,
19/2013/tt-nhnn,19/2013/tt-nhnn_40,ARTICLE,CONTAIN,
19/2013/tt-nhnn_40,19/2013/tt-nhnn_39,ARTICLE,GUIDE,
19/2013/tt-nhnn,19/2013/tt-nhnn_41,ARTICLE,CONTAIN,
19/2013/tt-nhnn,19/2013/tt-nhnn_42,ARTICLE,CONTAIN,
19/2013/tt-nhnn,19/2013/tt-nhnn_43,ARTICLE,CONTAIN,
19/2013/tt-nhnn_43,19/2013/tt-nhnn_19,ARTICLE,GUIDE,
19/2013/tt-nhnn,19/2013/tt-nhnn_44,ARTICLE,CONTAIN,
19/2013/tt-nhnn_44,19/2013/tt-nhnn_43,ARTICLE,GUIDE,
19/2013/tt-nhnn,19/2013/tt-nhnn_45,ARTICLE,CONTAIN,
19/2013/tt-nhnn_45,19/2013/tt-nhnn_44,ARTICLE,GUIDE,
19/2013/tt-nhnn_45,19/2013/tt-nhnn_43,ARTICLE,GUIDE,
19/2013/tt-nhnn,19/2013/tt-nhnn_46,ARTICLE,CONTAIN,
19/2013/tt-nhnn_46,19/2013/tt-nhnn_44,ARTICLE,GUIDE,
19/2013/tt-nhnn,19/2013/tt-nhnn_47,ARTICLE,CONTAIN,
19/2013/tt-nhnn,19/2013/tt-nhnn_48,ARTICLE,CONTAIN,
19/2013/tt-nhnn_48,19/2013/tt-nhnn_13,ARTICLE,GUIDE,
19/2013/tt-nhnn_48,19/2013/tt-nhnn_16,ARTICLE,GUIDE,
19/2013/tt-nhnn_48,19/2013/tt-nhnn_25,ARTICLE,GUIDE,
19/2013/tt-nhnn_48,19/2013/tt-nhnn_32,ARTICLE,GUIDE,
19/2013/tt-nhnn_48,19/2013/tt-nhnn_37,ARTICLE,GUIDE,
19/2013/tt-nhnn,19/2013/tt-nhnn_49,ARTICLE,CONTAIN,
19/2013/tt-nhnn_49,19/2013/tt-nhnn_13,ARTICLE,GUIDE,
19/2013/tt-nhnn_49,19/2013/tt-nhnn_16,ARTICLE,GUIDE,
19/2013/tt-nhnn_49,19/2013/tt-nhnn_25,ARTICLE,GUIDE,
19/2013/tt-nhnn_49,19/2013/tt-nhnn_32,ARTICLE,GUIDE,
19/2013/tt-nhnn_49,19/2013/tt-nhnn_37,ARTICLE,GUIDE,
19/2013/tt-nhnn,19/2013/tt-nhnn_50,ARTICLE,CONTAIN,
19/2013/tt-nhnn_50,53/2013/nd-cp_31,ARTICLE,GUIDE,
19/2013/tt-nhnn_50,53/2013/nd-cp_21,ARTICLE,GUIDE,
19/2013/tt-nhnn_50,19/2013/tt-nhnn_43,ARTICLE,GUIDE,
19/2013/tt-nhnn,19/2013/tt-nhnn_51,ARTICLE,CONTAIN,
19/2013/tt-nhnn_51,53/2013/NĐ-CP_32,ARTICLE,GUIDE,
19/2013/tt-nhnn,19/2013/tt-nhnn_52,ARTICLE,CONTAIN,
19/2013/tt-nhnn_52,53/2013/NĐ-CP_33,ARTICLE,GUIDE,
19/2013/tt-nhnn,19/2013/tt-nhnn_53,ARTICLE,CONTAIN,
19/2013/tt-nhnn,19/2013/tt-nhnn_54,ARTICLE,CONTAIN,
38/2007/qđ-nhnn,38/2007/qđ-nhnn_1,ARTICLE,CONTAIN,
38/2007/qđ-nhnn,38/2007/qđ-nhnn_2,ARTICLE,CONTAIN,
38/2007/qđ-nhnn,38/2007/qđ-nhnn_3,ARTICLE,CONTAIN,
38/2007/qđ-nhnn,38/2007/qđ-nhnn_4,ARTICLE,CONTAIN,
38/2007/qđ-nhnn_4,20/2007/QĐ-NHNN_9,ARTICLE,GUIDE,
38/2007/qđ-nhnn,38/2007/qđ-nhnn_5,ARTICLE,CONTAIN,
38/2007/qđ-nhnn,38/2007/qđ-nhnn_6,ARTICLE,CONTAIN,
38/2007/qđ-nhnn,38/2007/qđ-nhnn_7,ARTICLE,CONTAIN,
38/2007/qđ-nhnn,38/2007/qđ-nhnn_8,ARTICLE,CONTAIN,
38/2007/qđ-nhnn_8,38/2007/qđ-nhnn_7,ARTICLE,GUIDE,
38/2007/qđ-nhnn,38/2007/qđ-nhnn_9,ARTICLE,CONTAIN,
38/2007/qđ-nhnn,38/2007/qđ-nhnn_10,ARTICLE,CONTAIN,
38/2007/qđ-nhnn,38/2007/qđ-nhnn_11,ARTICLE,CONTAIN,
40/2014/tt-nhnn,40/2014/tt-nhnn_1,ARTICLE,CONTAIN,
40/2014/tt-nhnn,40/2014/tt-nhnn_2,ARTICLE,CONTAIN,
40/2014/tt-nhnn,40/2014/tt-nhnn_3,ARTICLE,CONTAIN,
40/2014/tt-nhnn_3,55/2013/NĐ-CP_16,ARTICLE,GUIDE,
40/2014/tt-nhnn,40/2014/tt-nhnn_4,ARTICLE,CONTAIN,
40/2014/tt-nhnn,40/2014/tt-nhnn_5,ARTICLE,CONTAIN,
40/2014/tt-nhnn,40/2014/tt-nhnn_6,ARTICLE,CONTAIN,
40/2014/tt-nhnn_6,55/2013/NĐ-CP_20,ARTICLE,GUIDE,
40/2014/tt-nhnn,40/2014/tt-nhnn_7,ARTICLE,CONTAIN,
40/2014/tt-nhnn_7,55/2013/NĐ-CP_19,ARTICLE,GUIDE,
40/2014/tt-nhnn,40/2014/tt-nhnn_8,ARTICLE,CONTAIN,
40/2014/tt-nhnn,40/2014/tt-nhnn_9,ARTICLE,CONTAIN,
40/2014/tt-nhnn,40/2014/tt-nhnn_10,ARTICLE,CONTAIN,
02/2014/tt-nhnn,02/2014/tt-nhnn_1,ARTICLE,CONTAIN,
02/2014/tt-nhnn,02/2014/tt-nhnn_2,ARTICLE,CONTAIN,
02/2014/tt-nhnn,02/2014/tt-nhnn_3,ARTICLE,CONTAIN,
02/2014/tt-nhnn,02/2014/tt-nhnn_4,ARTICLE,CONTAIN,
02/2014/tt-nhnn,02/2014/tt-nhnn_5,ARTICLE,CONTAIN,
02/2014/tt-nhnn,02/2014/tt-nhnn_6,ARTICLE,CONTAIN,
02/2014/tt-nhnn,02/2014/tt-nhnn_7,ARTICLE,CONTAIN,
02/2014/tt-nhnn,02/2014/tt-nhnn_8,ARTICLE,CONTAIN,
02/2014/tt-nhnn,02/2014/tt-nhnn_9,ARTICLE,CONTAIN,
02/2014/tt-nhnn_9,02/2014/tt-nhnn_8,ARTICLE,GUIDE,
02/2014/tt-nhnn_9,02/2014/tt-nhnn_7,ARTICLE,GUIDE,
02/2014/tt-nhnn,02/2014/tt-nhnn_10,ARTICLE,CONTAIN,
02/2014/tt-nhnn,02/2014/tt-nhnn_11,ARTICLE,CONTAIN,
02/2014/tt-nhnn_11,02/2014/tt-nhnn_15,ARTICLE,GUIDE,
02/2014/tt-nhnn,02/2014/tt-nhnn_12,ARTICLE,CONTAIN,
02/2014/tt-nhnn_12,02/2014/tt-nhnn_11,ARTICLE,GUIDE,
02/2014/tt-nhnn_12,02/2014/tt-nhnn_15,ARTICLE,GUIDE,
02/2014/tt-nhnn,02/2014/tt-nhnn_13,ARTICLE,CONTAIN,
02/2014/tt-nhnn_13,02/2014/tt-nhnn_12,ARTICLE,GUIDE,
02/2014/tt-nhnn_13,02/2014/tt-nhnn_15,ARTICLE,GUIDE,
02/2014/tt-nhnn,02/2014/tt-nhnn_14,ARTICLE,CONTAIN,
02/2014/tt-nhnn,02/2014/tt-nhnn_15,ARTICLE,CONTAIN,
02/2014/tt-nhnn,02/2014/tt-nhnn_16,ARTICLE,CONTAIN,
02/2014/tt-nhnn,02/2014/tt-nhnn_17,ARTICLE,CONTAIN,
02/2014/tt-nhnn,02/2014/tt-nhnn_18,ARTICLE,CONTAIN,
02/2014/tt-nhnn_18,02/2014/tt-nhnn_17,ARTICLE,GUIDE,
02/2014/tt-nhnn,02/2014/tt-nhnn_19,ARTICLE,CONTAIN,
02/2014/tt-nhnn_19,02/2014/tt-nhnn_18,ARTICLE,GUIDE,
02/2014/tt-nhnn,02/2014/tt-nhnn_20,ARTICLE,CONTAIN,
02/2014/tt-nhnn,02/2014/tt-nhnn_21,ARTICLE,CONTAIN,
02/2014/tt-nhnn_21,02/2014/tt-nhnn_7,ARTICLE,GUIDE,
02/2014/tt-nhnn,02/2014/tt-nhnn_22,ARTICLE,CONTAIN,
02/2014/tt-nhnn,02/2014/tt-nhnn_23,ARTICLE,CONTAIN,
02/2014/tt-nhnn,02/2014/tt-nhnn_24,ARTICLE,CONTAIN,
02/2014/tt-nhnn,02/2014/tt-nhnn_25,ARTICLE,CONTAIN,
04/2014/tt-nhnn,04/2014/tt-nhnn_1,ARTICLE,CONTAIN,
04/2014/tt-nhnn,04/2014/tt-nhnn_2,ARTICLE,CONTAIN,
04/2014/tt-nhnn,04/2014/tt-nhnn_3,ARTICLE,CONTAIN,
04/2014/tt-nhnn,04/2014/tt-nhnn_4,ARTICLE,CONTAIN,
04/2014/tt-nhnn_4,04/2014/tt-nhnn_12,ARTICLE,GUIDE,
04/2014/tt-nhnn,04/2014/tt-nhnn_5,ARTICLE,CONTAIN,
04/2014/tt-nhnn,04/2014/tt-nhnn_6,ARTICLE,CONTAIN,
04/2014/tt-nhnn_6,04/2014/tt-nhnn_5,ARTICLE,GUIDE,
04/2014/tt-nhnn,04/2014/tt-nhnn_7,ARTICLE,CONTAIN,
04/2014/tt-nhnn,04/2014/tt-nhnn_8,ARTICLE,CONTAIN,
04/2014/tt-nhnn_8,04/2014/tt-nhnn_5,ARTICLE,GUIDE,
04/2014/tt-nhnn,04/2014/tt-nhnn_9,ARTICLE,CONTAIN,
04/2014/tt-nhnn,04/2014/tt-nhnn_10,ARTICLE,CONTAIN,
04/2014/tt-nhnn,04/2014/tt-nhnn_11,ARTICLE,CONTAIN,
04/2014/tt-nhnn_11,19/2013/tt-nhnn_4,ARTICLE,GUIDE,
04/2014/tt-nhnn_11,53/2013/NĐ-CP_24,ARTICLE,GUIDE,
04/2014/tt-nhnn,04/2014/tt-nhnn_12,ARTICLE,CONTAIN,
04/2014/tt-nhnn,04/2014/tt-nhnn_13,ARTICLE,CONTAIN,
04/2014/tt-nhnn_13,04/2014/tt-nhnn_12,ARTICLE,GUIDE,
04/2014/tt-nhnn,04/2014/tt-nhnn_14,ARTICLE,CONTAIN,
04/2014/tt-nhnn,04/2014/tt-nhnn_15,ARTICLE,CONTAIN,
04/2014/tt-nhnn,04/2014/tt-nhnn_16,ARTICLE,CONTAIN,
04/2014/tt-nhnn,04/2014/tt-nhnn_17,ARTICLE,CONTAIN,
04/2014/tt-nhnn,04/2014/tt-nhnn_18,ARTICLE,CONTAIN,
11/2014/tt-nhnn,11/2014/tt-nhnn_1,ARTICLE,CONTAIN,
11/2014/tt-nhnn,11/2014/tt-nhnn_2,ARTICLE,CONTAIN,
11/2014/tt-nhnn,11/2014/tt-nhnn_3,ARTICLE,CONTAIN,
11/2014/tt-nhnn,11/2014/tt-nhnn_4,ARTICLE,CONTAIN,
11/2014/tt-nhnn,11/2014/tt-nhnn_5,ARTICLE,CONTAIN,
11/2014/tt-nhnn_5,11/2014/tt-nhnn_4,ARTICLE,GUIDE,
11/2014/tt-nhnn,11/2014/tt-nhnn_6,ARTICLE,CONTAIN,
13/2014/tt-nhnn,13/2014/tt-nhnn_1,ARTICLE,CONTAIN,
13/2014/tt-nhnn,13/2014/tt-nhnn_2,ARTICLE,CONTAIN,
13/2014/tt-nhnn_2,68/2013/QĐ-TTg_1,ARTICLE,GUIDE,
13/2014/tt-nhnn_2,68/2013/QĐ-TTg_2,ARTICLE,GUIDE,
13/2014/tt-nhnn,13/2014/tt-nhnn_3,ARTICLE,CONTAIN,
13/2014/tt-nhnn,13/2014/tt-nhnn_4,ARTICLE,CONTAIN,
13/2014/tt-nhnn_4,68/2013/QĐ-TTg_1,ARTICLE,GUIDE,
13/2014/tt-nhnn_4,68/2013/QĐ-TTg_2,ARTICLE,GUIDE,
13/2014/tt-nhnn,13/2014/tt-nhnn_5,ARTICLE,CONTAIN,
13/2014/tt-nhnn_5,68/2013/QĐ-TTg_1,ARTICLE,GUIDE,
13/2014/tt-nhnn_5,68/2013/QĐ-TTg_2,ARTICLE,GUIDE,
13/2014/tt-nhnn,13/2014/tt-nhnn_6,ARTICLE,CONTAIN,
13/2014/tt-nhnn_6,68/2013/QĐ-TTg_1,ARTICLE,GUIDE,
13/2014/tt-nhnn_6,68/2013/QĐ-TTg_2,ARTICLE,GUIDE,
13/2014/tt-nhnn,13/2014/tt-nhnn_7,ARTICLE,CONTAIN,
13/2014/tt-nhnn,13/2014/tt-nhnn_8,ARTICLE,CONTAIN,
13/2014/tt-nhnn,13/2014/tt-nhnn_9,ARTICLE,CONTAIN,
13/2014/tt-nhnn,13/2014/tt-nhnn_10,ARTICLE,CONTAIN,
16/2014/tt-nhnn,16/2014/tt-nhnn_1,ARTICLE,CONTAIN,
16/2014/tt-nhnn,16/2014/tt-nhnn_2,ARTICLE,CONTAIN,
16/2014/tt-nhnn,16/2014/tt-nhnn_3,ARTICLE,CONTAIN,
16/2014/tt-nhnn,16/2014/tt-nhnn_4,ARTICLE,CONTAIN,
16/2014/tt-nhnn,16/2014/tt-nhnn_5,ARTICLE,CONTAIN,
16/2014/tt-nhnn,16/2014/tt-nhnn_6,ARTICLE,CONTAIN,
16/2014/tt-nhnn,16/2014/tt-nhnn_7,ARTICLE,CONTAIN,
16/2014/tt-nhnn,16/2014/tt-nhnn_8,ARTICLE,CONTAIN,
16/2014/tt-nhnn,16/2014/tt-nhnn_9,ARTICLE,CONTAIN,
16/2014/tt-nhnn,16/2014/tt-nhnn_10,ARTICLE,CONTAIN,
16/2014/tt-nhnn,16/2014/tt-nhnn_11,ARTICLE,CONTAIN,
17/2014/tt-nhnn,17/2014/tt-nhnn_1,ARTICLE,CONTAIN,
17/2014/tt-nhnn,17/2014/tt-nhnn_2,ARTICLE,CONTAIN,
17/2014/tt-nhnn,17/2014/tt-nhnn_3,ARTICLE,CONTAIN,
17/2014/tt-nhnn,17/2014/tt-nhnn_4,ARTICLE,CONTAIN,
17/2014/tt-nhnn,17/2014/tt-nhnn_5,ARTICLE,CONTAIN,
17/2014/tt-nhnn,17/2014/tt-nhnn_6,ARTICLE,CONTAIN,
17/2014/tt-nhnn,17/2014/tt-nhnn_7,ARTICLE,CONTAIN,
17/2014/tt-nhnn,17/2014/tt-nhnn_8,ARTICLE,CONTAIN,
17/2014/tt-nhnn,17/2014/tt-nhnn_9,ARTICLE,CONTAIN,
17/2014/tt-nhnn,17/2014/tt-nhnn_10,ARTICLE,CONTAIN,
17/2014/tt-nhnn,17/2014/tt-nhnn_11,ARTICLE,CONTAIN,
17/2014/tt-nhnn_11,17/2014/tt-nhnn_5,ARTICLE,GUIDE,
17/2014/tt-nhnn_11,17/2014/tt-nhnn_6,ARTICLE,GUIDE,
17/2014/tt-nhnn_11,17/2014/tt-nhnn_7,ARTICLE,GUIDE,
17/2014/tt-nhnn,17/2014/tt-nhnn_12,ARTICLE,CONTAIN,
17/2014/tt-nhnn_12,17/2014/tt-nhnn_11,ARTICLE,GUIDE,
17/2014/tt-nhnn,17/2014/tt-nhnn_13,ARTICLE,CONTAIN,
17/2014/tt-nhnn,17/2014/tt-nhnn_14,ARTICLE,CONTAIN,
17/2014/tt-nhnn,17/2014/tt-nhnn_15,ARTICLE,CONTAIN,
17/2014/tt-nhnn,17/2014/tt-nhnn_16,ARTICLE,CONTAIN,
17/2014/tt-nhnn_16,17/2014/tt-nhnn_15,ARTICLE,GUIDE,
17/2014/tt-nhnn,17/2014/tt-nhnn_17,ARTICLE,CONTAIN,
17/2014/tt-nhnn,17/2014/tt-nhnn_18,ARTICLE,CONTAIN,
17/2014/tt-nhnn_18,17/2014/tt-nhnn_15,ARTICLE,GUIDE,
17/2014/tt-nhnn,17/2014/tt-nhnn_19,ARTICLE,CONTAIN,
17/2014/tt-nhnn_19,17/2014/tt-nhnn_17,ARTICLE,GUIDE,
17/2014/tt-nhnn_19,17/2014/tt-nhnn_18,ARTICLE,GUIDE,
17/2014/tt-nhnn,17/2014/tt-nhnn_20,ARTICLE,CONTAIN,
17/2014/tt-nhnn,17/2014/tt-nhnn_21,ARTICLE,CONTAIN,
17/2014/tt-nhnn,17/2014/tt-nhnn_22,ARTICLE,CONTAIN,
18/2014/tt-nhnn,18/2014/tt-nhnn_1,ARTICLE,CONTAIN,
18/2014/tt-nhnn,18/2014/tt-nhnn_2,ARTICLE,CONTAIN,
18/2014/tt-nhnn,18/2014/tt-nhnn_3,ARTICLE,CONTAIN,
18/2014/tt-nhnn,18/2014/tt-nhnn_4,ARTICLE,CONTAIN,
18/2014/tt-nhnn,18/2014/tt-nhnn_5,ARTICLE,CONTAIN,
18/2014/tt-nhnn,18/2014/tt-nhnn_6,ARTICLE,CONTAIN,
18/2014/tt-nhnn,18/2014/tt-nhnn_7,ARTICLE,CONTAIN,
18/2014/tt-nhnn,18/2014/tt-nhnn_8,ARTICLE,CONTAIN,
18/2014/tt-nhnn,18/2014/tt-nhnn_9,ARTICLE,CONTAIN,
18/2014/tt-nhnn,18/2014/tt-nhnn_10,ARTICLE,CONTAIN,
18/2014/tt-nhnn,18/2014/tt-nhnn_11,ARTICLE,CONTAIN,
18/2014/tt-nhnn,18/2014/tt-nhnn_12,ARTICLE,CONTAIN,
18/2014/tt-nhnn,18/2014/tt-nhnn_13,ARTICLE,CONTAIN,
18/2014/tt-nhnn,18/2014/tt-nhnn_14,ARTICLE,CONTAIN,
21/2014/tt-nhnn,21/2014/tt-nhnn_1,ARTICLE,CONTAIN,
21/2014/tt-nhnn,21/2014/tt-nhnn_2,ARTICLE,CONTAIN,
21/2014/tt-nhnn,21/2014/tt-nhnn_3,ARTICLE,CONTAIN,
21/2014/tt-nhnn,21/2014/tt-nhnn_4,ARTICLE,CONTAIN,
21/2014/tt-nhnn,21/2014/tt-nhnn_5,ARTICLE,CONTAIN,
21/2014/tt-nhnn,21/2014/tt-nhnn_6,ARTICLE,CONTAIN,
21/2014/tt-nhnn,21/2014/tt-nhnn_7,ARTICLE,CONTAIN,
21/2014/tt-nhnn_7,21/2014/tt-nhnn_5,ARTICLE,GUIDE,
21/2014/tt-nhnn_7,21/2014/tt-nhnn_6,ARTICLE,GUIDE,
21/2014/tt-nhnn_7,21/2014/tt-nhnn_10,ARTICLE,GUIDE,
21/2014/tt-nhnn_7,21/2014/tt-nhnn_11,ARTICLE,GUIDE,
21/2014/tt-nhnn,21/2014/tt-nhnn_8,ARTICLE,CONTAIN,
21/2014/tt-nhnn,21/2014/tt-nhnn_9,ARTICLE,CONTAIN,
21/2014/tt-nhnn_9,21/2014/tt-nhnn_8,ARTICLE,GUIDE,
21/2014/tt-nhnn,21/2014/tt-nhnn_10,ARTICLE,CONTAIN,
21/2014/tt-nhnn,21/2014/tt-nhnn_11,ARTICLE,CONTAIN,
21/2014/tt-nhnn_11,21/2014/tt-nhnn_8,ARTICLE,GUIDE,
21/2014/tt-nhnn,21/2014/tt-nhnn_12,ARTICLE,CONTAIN,
21/2014/tt-nhnn_12,21/2014/tt-nhnn_11,ARTICLE,GUIDE,
21/2014/tt-nhnn,21/2014/tt-nhnn_13,ARTICLE,CONTAIN,
21/2014/tt-nhnn_13,21/2014/tt-nhnn_5,ARTICLE,GUIDE,
21/2014/tt-nhnn,21/2014/tt-nhnn_14,ARTICLE,CONTAIN,
21/2014/tt-nhnn,21/2014/tt-nhnn_15,ARTICLE,CONTAIN,
21/2014/tt-nhnn_15,21/2014/tt-nhnn_5,ARTICLE,GUIDE,
21/2014/tt-nhnn_15,21/2014/tt-nhnn_13,ARTICLE,GUIDE,
21/2014/tt-nhnn_15,21/2014/tt-nhnn_14,ARTICLE,GUIDE,
21/2014/tt-nhnn_15,21/2014/tt-nhnn_18,ARTICLE,GUIDE,
21/2014/tt-nhnn_15,21/2014/tt-nhnn_20,ARTICLE,GUIDE,
21/2014/tt-nhnn,21/2014/tt-nhnn_16,ARTICLE,CONTAIN,
21/2014/tt-nhnn,21/2014/tt-nhnn_17,ARTICLE,CONTAIN,
21/2014/tt-nhnn_17,21/2014/tt-nhnn_9,ARTICLE,GUIDE,
21/2014/tt-nhnn,21/2014/tt-nhnn_18,ARTICLE,CONTAIN,
21/2014/tt-nhnn_18,21/2014/tt-nhnn_10,ARTICLE,GUIDE,
21/2014/tt-nhnn,21/2014/tt-nhnn_19,ARTICLE,CONTAIN,
21/2014/tt-nhnn_19,21/2014/tt-nhnn_11,ARTICLE,GUIDE,
21/2014/tt-nhnn_19,21/2014/tt-nhnn_12,ARTICLE,GUIDE,
21/2014/tt-nhnn,21/2014/tt-nhnn_20,ARTICLE,CONTAIN,
21/2014/tt-nhnn_20,21/2014/tt-nhnn_11,ARTICLE,GUIDE,
21/2014/tt-nhnn_20,21/2014/tt-nhnn_12,ARTICLE,GUIDE,
21/2014/tt-nhnn,21/2014/tt-nhnn_21,ARTICLE,CONTAIN,
21/2014/tt-nhnn_21,21/2014/tt-nhnn_5,ARTICLE,GUIDE,
21/2014/tt-nhnn_21,21/2014/tt-nhnn_26,ARTICLE,GUIDE,
21/2014/tt-nhnn_21,21/2014/tt-nhnn_27,ARTICLE,GUIDE,
21/2014/tt-nhnn,21/2014/tt-nhnn_22,ARTICLE,CONTAIN,
21/2014/tt-nhnn,21/2014/tt-nhnn_23,ARTICLE,CONTAIN,
21/2014/tt-nhnn,21/2014/tt-nhnn_24,ARTICLE,CONTAIN,
21/2014/tt-nhnn_24,21/2014/tt-nhnn_8,ARTICLE,GUIDE,
21/2014/tt-nhnn_24,21/2014/tt-nhnn_21,ARTICLE,GUIDE,
21/2014/tt-nhnn_24,21/2014/tt-nhnn_22,ARTICLE,GUIDE,
21/2014/tt-nhnn_24,21/2014/tt-nhnn_23,ARTICLE,GUIDE,
21/2014/tt-nhnn,21/2014/tt-nhnn_25,ARTICLE,CONTAIN,
21/2014/tt-nhnn_25,21/2014/tt-nhnn_9,ARTICLE,GUIDE,
21/2014/tt-nhnn,21/2014/tt-nhnn_26,ARTICLE,CONTAIN,
21/2014/tt-nhnn_26,21/2014/tt-nhnn_10,ARTICLE,GUIDE,
21/2014/tt-nhnn,21/2014/tt-nhnn_27,ARTICLE,CONTAIN,
21/2014/tt-nhnn_27,21/2014/tt-nhnn_11,ARTICLE,GUIDE,
21/2014/tt-nhnn,21/2014/tt-nhnn_28,ARTICLE,CONTAIN,
21/2014/tt-nhnn_28,21/2014/tt-nhnn_12,ARTICLE,GUIDE,
21/2014/tt-nhnn,21/2014/tt-nhnn_29,ARTICLE,CONTAIN,
21/2014/tt-nhnn_29,21/2014/tt-nhnn_5,ARTICLE,GUIDE,
21/2014/tt-nhnn_29,21/2014/tt-nhnn_6,ARTICLE,GUIDE,
21/2014/tt-nhnn_29,21/2014/tt-nhnn_8,ARTICLE,GUIDE,
21/2014/tt-nhnn_29,21/2014/tt-nhnn_9,ARTICLE,GUIDE,
21/2014/tt-nhnn_29,21/2014/tt-nhnn_11,ARTICLE,GUIDE,
21/2014/tt-nhnn_29,21/2014/tt-nhnn_12,ARTICLE,GUIDE,
21/2014/tt-nhnn,21/2014/tt-nhnn_30,ARTICLE,CONTAIN,
21/2014/tt-nhnn_30,21/2014/tt-nhnn_8,ARTICLE,GUIDE,
21/2014/tt-nhnn_30,21/2014/tt-nhnn_9,ARTICLE,GUIDE,
21/2014/tt-nhnn_30,21/2014/tt-nhnn_11,ARTICLE,GUIDE,
21/2014/tt-nhnn_30,21/2014/tt-nhnn_12,ARTICLE,GUIDE,
21/2014/tt-nhnn,21/2014/tt-nhnn_31,ARTICLE,CONTAIN,
21/2014/tt-nhnn_31,21/2014/tt-nhnn_32,ARTICLE,GUIDE,
21/2014/tt-nhnn,21/2014/tt-nhnn_32,ARTICLE,CONTAIN,
21/2014/tt-nhnn_32,21/2014/tt-nhnn_8,ARTICLE,GUIDE,
21/2014/tt-nhnn_32,21/2014/tt-nhnn_9,ARTICLE,GUIDE,
21/2014/tt-nhnn_32,21/2014/tt-nhnn_10,ARTICLE,GUIDE,
21/2014/tt-nhnn,21/2014/tt-nhnn_33,ARTICLE,CONTAIN,
21/2014/tt-nhnn_33,21/2014/tt-nhnn_32,ARTICLE,GUIDE,
21/2014/tt-nhnn_33,21/2014/tt-nhnn_8,ARTICLE,GUIDE,
21/2014/tt-nhnn_33,21/2014/tt-nhnn_11,ARTICLE,GUIDE,
21/2014/tt-nhnn,21/2014/tt-nhnn_34,ARTICLE,CONTAIN,
21/2014/tt-nhnn_34,21/2014/tt-nhnn_33,ARTICLE,GUIDE,
21/2014/tt-nhnn,21/2014/tt-nhnn_35,ARTICLE,CONTAIN,
21/2014/tt-nhnn,21/2014/tt-nhnn_36,ARTICLE,CONTAIN,
21/2014/tt-nhnn,21/2014/tt-nhnn_37,ARTICLE,CONTAIN,
21/2014/tt-nhnn_37,25/2011/tt-nhnn_3,ARTICLE,REPEAL,
21/2014/tt-nhnn,21/2014/tt-nhnn_38,ARTICLE,CONTAIN,
23/2014/tt-nhnn,23/2014/tt-nhnn_1,ARTICLE,CONTAIN,
23/2014/tt-nhnn,23/2014/tt-nhnn_2,ARTICLE,CONTAIN,
23/2014/tt-nhnn,23/2014/tt-nhnn_3,ARTICLE,CONTAIN,
23/2014/tt-nhnn_3,101/2012/NĐ-CP_10,ARTICLE,GUIDE,
23/2014/tt-nhnn,23/2014/tt-nhnn_4,ARTICLE,CONTAIN,
23/2014/tt-nhnn,23/2014/tt-nhnn_5,ARTICLE,CONTAIN,
23/2014/tt-nhnn_5,23/2014/tt-nhnn_4,ARTICLE,GUIDE,
23/2014/tt-nhnn,23/2014/tt-nhnn_6,ARTICLE,CONTAIN,
23/2014/tt-nhnn_6,23/2014/tt-nhnn_17,ARTICLE,GUIDE,
23/2014/tt-nhnn,23/2014/tt-nhnn_7,ARTICLE,CONTAIN,
23/2014/tt-nhnn,23/2014/tt-nhnn_8,ARTICLE,CONTAIN,
23/2014/tt-nhnn,23/2014/tt-nhnn_9,ARTICLE,CONTAIN,
23/2014/tt-nhnn_9,23/2014/tt-nhnn_8,ARTICLE,GUIDE,
23/2014/tt-nhnn,23/2014/tt-nhnn_10,ARTICLE,CONTAIN,
23/2014/tt-nhnn,23/2014/tt-nhnn_11,ARTICLE,CONTAIN,
23/2014/tt-nhnn,23/2014/tt-nhnn_12,ARTICLE,CONTAIN,
23/2014/tt-nhnn_12,23/2014/tt-nhnn_13,ARTICLE,GUIDE,
23/2014/tt-nhnn,23/2014/tt-nhnn_13,ARTICLE,CONTAIN,
23/2014/tt-nhnn,23/2014/tt-nhnn_14,ARTICLE,CONTAIN,
23/2014/tt-nhnn_14,23/2014/tt-nhnn_12,ARTICLE,GUIDE,
23/2014/tt-nhnn,23/2014/tt-nhnn_15,ARTICLE,CONTAIN,
23/2014/tt-nhnn,23/2014/tt-nhnn_16,ARTICLE,CONTAIN,
23/2014/tt-nhnn_16,23/2014/tt-nhnn_6,ARTICLE,GUIDE,
23/2014/tt-nhnn,23/2014/tt-nhnn_17,ARTICLE,CONTAIN,
23/2014/tt-nhnn,23/2014/tt-nhnn_18,ARTICLE,CONTAIN,
23/2014/tt-nhnn,23/2014/tt-nhnn_19,ARTICLE,CONTAIN,
23/2014/tt-nhnn_19,23/2011/tt-nhnn_4,ARTICLE,REPEAL,
23/2014/tt-nhnn,23/2014/tt-nhnn_20,ARTICLE,CONTAIN,
24/2014/tt-nhnn,24/2014/tt-nhnn_1,ARTICLE,CONTAIN,
24/2014/tt-nhnn,24/2014/tt-nhnn_2,ARTICLE,CONTAIN,
24/2014/tt-nhnn,24/2014/tt-nhnn_3,ARTICLE,CONTAIN,
24/2014/tt-nhnn_3,68/2013/NĐ-CP_7,ARTICLE,GUIDE,
24/2014/tt-nhnn,24/2014/tt-nhnn_4,ARTICLE,CONTAIN,
24/2014/tt-nhnn_4,24/2014/tt-nhnn_3,ARTICLE,GUIDE,
24/2014/tt-nhnn_4,06/2012/qh13_14,ARTICLE,GUIDE,
24/2014/tt-nhnn,24/2014/tt-nhnn_5,ARTICLE,CONTAIN,
24/2014/tt-nhnn_5,06/2012/qh13_15,ARTICLE,GUIDE,
24/2014/tt-nhnn,24/2014/tt-nhnn_6,ARTICLE,CONTAIN,
24/2014/tt-nhnn,24/2014/tt-nhnn_7,ARTICLE,CONTAIN,
24/2014/tt-nhnn,24/2014/tt-nhnn_8,ARTICLE,CONTAIN,
24/2014/tt-nhnn,24/2014/tt-nhnn_9,ARTICLE,CONTAIN,
24/2014/tt-nhnn_9,24/2014/tt-nhnn_8,ARTICLE,GUIDE,
24/2014/tt-nhnn,24/2014/tt-nhnn_10,ARTICLE,CONTAIN,
24/2014/tt-nhnn_10,06/2012/qh13_28,ARTICLE,GUIDE,
24/2014/tt-nhnn_10,24/2014/tt-nhnn_9,ARTICLE,GUIDE,
24/2014/tt-nhnn,24/2014/tt-nhnn_11,ARTICLE,CONTAIN,
24/2014/tt-nhnn,24/2014/tt-nhnn_12,ARTICLE,CONTAIN,
24/2014/tt-nhnn,24/2014/tt-nhnn_13,ARTICLE,CONTAIN,
24/2014/tt-nhnn,24/2014/tt-nhnn_14,ARTICLE,CONTAIN,
24/2014/tt-nhnn,24/2014/tt-nhnn_15,ARTICLE,CONTAIN,
24/2014/tt-nhnn,24/2014/tt-nhnn_16,ARTICLE,CONTAIN,
26/2014/tt-nhnn,26/2014/tt-nhnn_1,ARTICLE,CONTAIN,
26/2014/tt-nhnn,26/2014/tt-nhnn_2,ARTICLE,CONTAIN,
26/2014/tt-nhnn,26/2014/tt-nhnn_3,ARTICLE,CONTAIN,
26/2014/tt-nhnn,26/2014/tt-nhnn_4,ARTICLE,CONTAIN,
26/2014/tt-nhnn_4,26/2014/tt-nhnn_3,ARTICLE,GUIDE,
26/2014/tt-nhnn,26/2014/tt-nhnn_5,ARTICLE,CONTAIN,
26/2014/tt-nhnn,26/2014/tt-nhnn_6,ARTICLE,CONTAIN,
26/2014/tt-nhnn,26/2014/tt-nhnn_7,ARTICLE,CONTAIN,
26/2014/tt-nhnn,26/2014/tt-nhnn_8,ARTICLE,CONTAIN,
26/2014/tt-nhnn_8,26/2014/tt-nhnn_7,ARTICLE,GUIDE,
26/2014/tt-nhnn_8,26/2014/tt-nhnn_4,ARTICLE,GUIDE,
26/2014/tt-nhnn,26/2014/tt-nhnn_9,ARTICLE,CONTAIN,
26/2014/tt-nhnn,26/2014/tt-nhnn_10,ARTICLE,CONTAIN,
26/2014/tt-nhnn_10,26/2014/tt-nhnn_5,ARTICLE,GUIDE,
26/2014/tt-nhnn,26/2014/tt-nhnn_11,ARTICLE,CONTAIN,
27/2014/tt-nhnn,27/2014/tt-nhnn_1,ARTICLE,CONTAIN,
27/2014/tt-nhnn_1,16/2010/tt-nhnn_4,ARTICLE,AMEND,
27/2014/tt-nhnn_1,16/2010/tt-nhnn_5,ARTICLE,AMEND,
27/2014/tt-nhnn_1,16/2010/tt-nhnn_7,ARTICLE,AMEND,
27/2014/tt-nhnn_1,16/2010/tt-nhnn_8,ARTICLE,AMEND,
27/2014/tt-nhnn_1,16/2010/tt-nhnn_10,ARTICLE,AMEND,
27/2014/tt-nhnn_1,16/2010/tt-nhnn_17,ARTICLE,AMEND,
27/2014/tt-nhnn,27/2014/tt-nhnn_2,ARTICLE,CONTAIN,
27/2014/tt-nhnn_2,16/2010/tt-nhnn_4,ARTICLE,REPLACE,
27/2014/tt-nhnn_2,16/2010/tt-nhnn_12,ARTICLE,REPLACE,
27/2014/tt-nhnn_2,16/2010/tt-nhnn_16,ARTICLE,REPLACE,
27/2014/tt-nhnn_2,16/2010/tt-nhnn_19,ARTICLE,REPLACE,
27/2014/tt-nhnn,27/2014/tt-nhnn_3,ARTICLE,CONTAIN,
27/2014/tt-nhnn,27/2014/tt-nhnn_4,ARTICLE,CONTAIN,
01/2014/tt-nhnn,01/2014/tt-nhnn_1,ARTICLE,CONTAIN,
01/2014/tt-nhnn,01/2014/tt-nhnn_2,ARTICLE,CONTAIN,
01/2014/tt-nhnn,01/2014/tt-nhnn_3,ARTICLE,CONTAIN,
01/2014/tt-nhnn,01/2014/tt-nhnn_4,ARTICLE,CONTAIN,
01/2014/tt-nhnn,01/2014/tt-nhnn_5,ARTICLE,CONTAIN,
01/2014/tt-nhnn,01/2014/tt-nhnn_6,ARTICLE,CONTAIN,
01/2014/tt-nhnn,01/2014/tt-nhnn_7,ARTICLE,CONTAIN,
01/2014/tt-nhnn,01/2014/tt-nhnn_8,ARTICLE,CONTAIN,
01/2014/tt-nhnn,01/2014/tt-nhnn_9,ARTICLE,CONTAIN,
01/2014/tt-nhnn,01/2014/tt-nhnn_10,ARTICLE,CONTAIN,
01/2014/tt-nhnn,01/2014/tt-nhnn_11,ARTICLE,CONTAIN,
01/2014/tt-nhnn,01/2014/tt-nhnn_12,ARTICLE,CONTAIN,
01/2014/tt-nhnn_12,01/2014/tt-nhnn_11,ARTICLE,GUIDE,
01/2014/tt-nhnn_12,01/2014/tt-nhnn_62,ARTICLE,GUIDE,
01/2014/tt-nhnn,01/2014/tt-nhnn_13,ARTICLE,CONTAIN,
01/2014/tt-nhnn,01/2014/tt-nhnn_14,ARTICLE,CONTAIN,
01/2014/tt-nhnn_14,01/2014/tt-nhnn_11,ARTICLE,GUIDE,
01/2014/tt-nhnn_14,01/2014/tt-nhnn_12,ARTICLE,GUIDE,
01/2014/tt-nhnn,01/2014/tt-nhnn_15,ARTICLE,CONTAIN,
01/2014/tt-nhnn,01/2014/tt-nhnn_16,ARTICLE,CONTAIN,
01/2014/tt-nhnn,01/2014/tt-nhnn_17,ARTICLE,CONTAIN,
01/2014/tt-nhnn_17,01/2014/tt-nhnn_23,ARTICLE,GUIDE,
01/2014/tt-nhnn_17,01/2014/tt-nhnn_25,ARTICLE,GUIDE,
01/2014/tt-nhnn_17,01/2014/tt-nhnn_26,ARTICLE,GUIDE,
01/2014/tt-nhnn_17,01/2014/tt-nhnn_28,ARTICLE,GUIDE,
01/2014/tt-nhnn_17,01/2014/tt-nhnn_31,ARTICLE,GUIDE,
01/2014/tt-nhnn_17,01/2014/tt-nhnn_32,ARTICLE,GUIDE,
01/2014/tt-nhnn_17,01/2014/tt-nhnn_33,ARTICLE,GUIDE,
01/2014/tt-nhnn_17,01/2014/tt-nhnn_34,ARTICLE,GUIDE,
01/2014/tt-nhnn_17,01/2014/tt-nhnn_36,ARTICLE,GUIDE,
01/2014/tt-nhnn_17,01/2014/tt-nhnn_37,ARTICLE,GUIDE,
01/2014/tt-nhnn_17,01/2014/tt-nhnn_38,ARTICLE,GUIDE,
01/2014/tt-nhnn_17,01/2014/tt-nhnn_39,ARTICLE,GUIDE,
01/2014/tt-nhnn_17,01/2014/tt-nhnn_41,ARTICLE,GUIDE,
01/2014/tt-nhnn_17,01/2014/tt-nhnn_43,ARTICLE,GUIDE,
01/2014/tt-nhnn_17,01/2014/tt-nhnn_44,ARTICLE,GUIDE,
01/2014/tt-nhnn_17,01/2014/tt-nhnn_55,ARTICLE,GUIDE,
01/2014/tt-nhnn_17,01/2014/tt-nhnn_59,ARTICLE,GUIDE,
01/2014/tt-nhnn_17,01/2014/tt-nhnn_60,ARTICLE,GUIDE,
01/2014/tt-nhnn_17,01/2014/tt-nhnn_61,ARTICLE,GUIDE,
01/2014/tt-nhnn_17,01/2014/tt-nhnn_65,ARTICLE,GUIDE,
01/2014/tt-nhnn_17,01/2014/tt-nhnn_67,ARTICLE,GUIDE,
01/2014/tt-nhnn,01/2014/tt-nhnn_18,ARTICLE,CONTAIN,
01/2014/tt-nhnn,01/2014/tt-nhnn_19,ARTICLE,CONTAIN,
01/2014/tt-nhnn,01/2014/tt-nhnn_20,ARTICLE,CONTAIN,
01/2014/tt-nhnn,01/2014/tt-nhnn_21,ARTICLE,CONTAIN,
01/2014/tt-nhnn,01/2014/tt-nhnn_22,ARTICLE,CONTAIN,
01/2014/tt-nhnn,01/2014/tt-nhnn_23,ARTICLE,CONTAIN,
01/2014/tt-nhnn,01/2014/tt-nhnn_24,ARTICLE,CONTAIN,
01/2014/tt-nhnn,01/2014/tt-nhnn_25,ARTICLE,CONTAIN,
01/2014/tt-nhnn,01/2014/tt-nhnn_26,ARTICLE,CONTAIN,
01/2014/tt-nhnn,01/2014/tt-nhnn_27,ARTICLE,CONTAIN,
01/2014/tt-nhnn,01/2014/tt-nhnn_28,ARTICLE,CONTAIN,
01/2014/tt-nhnn_28,01/2014/tt-nhnn_31,ARTICLE,GUIDE,
01/2014/tt-nhnn,01/2014/tt-nhnn_29,ARTICLE,CONTAIN,
01/2014/tt-nhnn,01/2014/tt-nhnn_30,ARTICLE,CONTAIN,
01/2014/tt-nhnn,01/2014/tt-nhnn_31,ARTICLE,CONTAIN,
01/2014/tt-nhnn_31,01/2014/tt-nhnn_28,ARTICLE,GUIDE,
01/2014/tt-nhnn,01/2014/tt-nhnn_32,ARTICLE,CONTAIN,
01/2014/tt-nhnn,01/2014/tt-nhnn_33,ARTICLE,CONTAIN,
01/2014/tt-nhnn,01/2014/tt-nhnn_34,ARTICLE,CONTAIN,
01/2014/tt-nhnn,01/2014/tt-nhnn_35,ARTICLE,CONTAIN,
01/2014/tt-nhnn,01/2014/tt-nhnn_36,ARTICLE,CONTAIN,
01/2014/tt-nhnn_36,01/2014/tt-nhnn_37,ARTICLE,GUIDE,
01/2014/tt-nhnn,01/2014/tt-nhnn_37,ARTICLE,CONTAIN,
01/2014/tt-nhnn,01/2014/tt-nhnn_38,ARTICLE,CONTAIN,
01/2014/tt-nhnn,01/2014/tt-nhnn_39,ARTICLE,CONTAIN,
01/2014/tt-nhnn,01/2014/tt-nhnn_40,ARTICLE,CONTAIN,
01/2014/tt-nhnn,01/2014/tt-nhnn_41,ARTICLE,CONTAIN,
01/2014/tt-nhnn,01/2014/tt-nhnn_42,ARTICLE,CONTAIN,
01/2014/tt-nhnn,01/2014/tt-nhnn_43,ARTICLE,CONTAIN,
01/2014/tt-nhnn,01/2014/tt-nhnn_44,ARTICLE,CONTAIN,
01/2014/tt-nhnn,01/2014/tt-nhnn_45,ARTICLE,CONTAIN,
01/2014/tt-nhnn,01/2014/tt-nhnn_46,ARTICLE,CONTAIN,
01/2014/tt-nhnn,01/2014/tt-nhnn_47,ARTICLE,CONTAIN,
01/2014/tt-nhnn,01/2014/tt-nhnn_48,ARTICLE,CONTAIN,
01/2014/tt-nhnn,01/2014/tt-nhnn_49,ARTICLE,CONTAIN,
01/2014/tt-nhnn,01/2014/tt-nhnn_50,ARTICLE,CONTAIN,
01/2014/tt-nhnn,01/2014/tt-nhnn_51,ARTICLE,CONTAIN,
01/2014/tt-nhnn,01/2014/tt-nhnn_52,ARTICLE,CONTAIN,
01/2014/tt-nhnn,01/2014/tt-nhnn_53,ARTICLE,CONTAIN,
01/2014/tt-nhnn,01/2014/tt-nhnn_54,ARTICLE,CONTAIN,
01/2014/tt-nhnn,01/2014/tt-nhnn_55,ARTICLE,CONTAIN,
01/2014/tt-nhnn,01/2014/tt-nhnn_56,ARTICLE,CONTAIN,
01/2014/tt-nhnn,01/2014/tt-nhnn_57,ARTICLE,CONTAIN,
01/2014/tt-nhnn,01/2014/tt-nhnn_58,ARTICLE,CONTAIN,
01/2014/tt-nhnn,01/2014/tt-nhnn_59,ARTICLE,CONTAIN,
01/2014/tt-nhnn_59,01/2014/tt-nhnn_39,ARTICLE,GUIDE,
01/2014/tt-nhnn,01/2014/tt-nhnn_60,ARTICLE,CONTAIN,
01/2014/tt-nhnn_60,01/2014/tt-nhnn_64,ARTICLE,GUIDE,
01/2014/tt-nhnn,01/2014/tt-nhnn_61,ARTICLE,CONTAIN,
01/2014/tt-nhnn,01/2014/tt-nhnn_62,ARTICLE,CONTAIN,
01/2014/tt-nhnn_62,01/2014/tt-nhnn_59,ARTICLE,GUIDE,
01/2014/tt-nhnn_62,01/2014/tt-nhnn_26,ARTICLE,GUIDE,
01/2014/tt-nhnn,01/2014/tt-nhnn_63,ARTICLE,CONTAIN,
01/2014/tt-nhnn,01/2014/tt-nhnn_64,ARTICLE,CONTAIN,
01/2014/tt-nhnn,01/2014/tt-nhnn_65,ARTICLE,CONTAIN,
01/2014/tt-nhnn,01/2014/tt-nhnn_66,ARTICLE,CONTAIN,
01/2014/tt-nhnn,01/2014/tt-nhnn_67,ARTICLE,CONTAIN,
01/2014/tt-nhnn,01/2014/tt-nhnn_68,ARTICLE,CONTAIN,
01/2014/tt-nhnn,01/2014/tt-nhnn_69,ARTICLE,CONTAIN,
01/2014/tt-nhnn,01/2014/tt-nhnn_70,ARTICLE,CONTAIN,
01/2014/tt-nhnn,01/2014/tt-nhnn_71,ARTICLE,CONTAIN,
01/2014/tt-nhnn,01/2014/tt-nhnn_72,ARTICLE,CONTAIN,
01/2014/tt-nhnn_72,60/2006/QĐ-NHNN_3,ARTICLE,REPEAL,
01/2014/tt-nhnn,01/2014/tt-nhnn_73,ARTICLE,CONTAIN,
18/2013/tt-nhnn,18/2013/tt-nhnn_1,ARTICLE,CONTAIN,
18/2013/tt-nhnn,18/2013/tt-nhnn_2,ARTICLE,CONTAIN,
18/2013/tt-nhnn,18/2013/tt-nhnn_3,ARTICLE,CONTAIN,
41/2014/tt-nhnn,41/2014/tt-nhnn_1,ARTICLE,CONTAIN,
41/2014/tt-nhnn,41/2014/tt-nhnn_2,ARTICLE,CONTAIN,
41/2014/tt-nhnn_2,48/2014/QĐ-TTg_2,ARTICLE,GUIDE,
41/2014/tt-nhnn,41/2014/tt-nhnn_3,ARTICLE,CONTAIN,
41/2014/tt-nhnn_3,48/2014/QĐ-TTg_8,ARTICLE,GUIDE,
41/2014/tt-nhnn,41/2014/tt-nhnn_4,ARTICLE,CONTAIN,
41/2014/tt-nhnn,41/2014/tt-nhnn_5,ARTICLE,CONTAIN,
41/2014/tt-nhnn,41/2014/tt-nhnn_6,ARTICLE,CONTAIN,
41/2014/tt-nhnn,41/2014/tt-nhnn_7,ARTICLE,CONTAIN,
41/2014/tt-nhnn,41/2014/tt-nhnn_8,ARTICLE,CONTAIN,
41/2014/tt-nhnn,41/2014/tt-nhnn_9,ARTICLE,CONTAIN,
41/2014/tt-nhnn,41/2014/tt-nhnn_10,ARTICLE,CONTAIN,
41/2014/tt-nhnn,41/2014/tt-nhnn_11,ARTICLE,CONTAIN,
41/2014/tt-nhnn,41/2014/tt-nhnn_12,ARTICLE,CONTAIN,
41/2014/tt-nhnn,41/2014/tt-nhnn_13,ARTICLE,CONTAIN,
41/2014/tt-nhnn,41/2014/tt-nhnn_14,ARTICLE,CONTAIN,
41/2014/tt-nhnn,41/2014/tt-nhnn_15,ARTICLE,CONTAIN,
41/2014/tt-nhnn,41/2014/tt-nhnn_16,ARTICLE,CONTAIN,
47/2014/tt-nhnn,47/2014/tt-nhnn_1,ARTICLE,CONTAIN,
47/2014/tt-nhnn,47/2014/tt-nhnn_2,ARTICLE,CONTAIN,
47/2014/tt-nhnn,47/2014/tt-nhnn_3,ARTICLE,CONTAIN,
47/2014/tt-nhnn,47/2014/tt-nhnn_4,ARTICLE,CONTAIN,
47/2014/tt-nhnn,47/2014/tt-nhnn_5,ARTICLE,CONTAIN,
47/2014/tt-nhnn,47/2014/tt-nhnn_6,ARTICLE,CONTAIN,
47/2014/tt-nhnn,47/2014/tt-nhnn_7,ARTICLE,CONTAIN,
47/2014/tt-nhnn_7,47/2014/tt-nhnn_13,ARTICLE,GUIDE,
47/2014/tt-nhnn,47/2014/tt-nhnn_8,ARTICLE,CONTAIN,
47/2014/tt-nhnn,47/2014/tt-nhnn_9,ARTICLE,CONTAIN,
47/2014/tt-nhnn,47/2014/tt-nhnn_10,ARTICLE,CONTAIN,
47/2014/tt-nhnn_10,47/2014/tt-nhnn_13,ARTICLE,GUIDE,
47/2014/tt-nhnn,47/2014/tt-nhnn_11,ARTICLE,CONTAIN,
47/2014/tt-nhnn,47/2014/tt-nhnn_12,ARTICLE,CONTAIN,
47/2014/tt-nhnn,47/2014/tt-nhnn_13,ARTICLE,CONTAIN,
47/2014/tt-nhnn,47/2014/tt-nhnn_14,ARTICLE,CONTAIN,
47/2014/tt-nhnn,47/2014/tt-nhnn_15,ARTICLE,CONTAIN,
47/2014/tt-nhnn,47/2014/tt-nhnn_16,ARTICLE,CONTAIN,
47/2014/tt-nhnn,47/2014/tt-nhnn_17,ARTICLE,CONTAIN,
47/2014/tt-nhnn,47/2014/tt-nhnn_18,ARTICLE,CONTAIN,
47/2014/tt-nhnn_18,47/2014/tt-nhnn_5,ARTICLE,GUIDE,
47/2014/tt-nhnn,47/2014/tt-nhnn_19,ARTICLE,CONTAIN,
47/2014/tt-nhnn,47/2014/tt-nhnn_20,ARTICLE,CONTAIN,
47/2014/tt-nhnn,47/2014/tt-nhnn_21,ARTICLE,CONTAIN,
47/2014/tt-nhnn,47/2014/tt-nhnn_22,ARTICLE,CONTAIN,
47/2014/tt-nhnn,47/2014/tt-nhnn_23,ARTICLE,CONTAIN,
38/2014/tt-nhnn,38/2014/tt-nhnn_1,ARTICLE,CONTAIN,
38/2014/tt-nhnn_1,01/2014/NĐ-CP_7,ARTICLE,GUIDE,
38/2014/tt-nhnn,38/2014/tt-nhnn_2,ARTICLE,CONTAIN,
38/2014/tt-nhnn,38/2014/tt-nhnn_3,ARTICLE,CONTAIN,
38/2014/tt-nhnn_3,32/2024/qh15_4,ARTICLE,GUIDE,
38/2014/tt-nhnn,38/2014/tt-nhnn_4,ARTICLE,CONTAIN,
38/2014/tt-nhnn,38/2014/tt-nhnn_5,ARTICLE,CONTAIN,
38/2014/tt-nhnn_5,38/2014/tt-nhnn_1,ARTICLE,GUIDE,
38/2014/tt-nhnn,38/2014/tt-nhnn_6,ARTICLE,CONTAIN,
38/2014/tt-nhnn_6,38/2014/tt-nhnn_1,ARTICLE,GUIDE,
38/2014/tt-nhnn_6,38/2014/tt-nhnn_5,ARTICLE,GUIDE,
38/2014/tt-nhnn,38/2014/tt-nhnn_7,ARTICLE,CONTAIN,
38/2014/tt-nhnn_7,38/2014/tt-nhnn_1,ARTICLE,GUIDE,
38/2014/tt-nhnn_7,38/2014/tt-nhnn_6,ARTICLE,GUIDE,
38/2014/tt-nhnn,38/2014/tt-nhnn_8,ARTICLE,CONTAIN,
38/2014/tt-nhnn_8,38/2014/tt-nhnn_1,ARTICLE,GUIDE,
38/2014/tt-nhnn_8,38/2014/tt-nhnn_5,ARTICLE,GUIDE,
38/2014/tt-nhnn,38/2014/tt-nhnn_9,ARTICLE,CONTAIN,
38/2014/tt-nhnn_9,38/2014/tt-nhnn_1,ARTICLE,GUIDE,
38/2014/tt-nhnn_9,38/2014/tt-nhnn_8,ARTICLE,GUIDE,
38/2014/tt-nhnn_9,38/2014/tt-nhnn_6,ARTICLE,GUIDE,
38/2014/tt-nhnn,38/2014/tt-nhnn_10,ARTICLE,CONTAIN,
38/2014/tt-nhnn_10,38/2014/tt-nhnn_1,ARTICLE,GUIDE,
38/2014/tt-nhnn_10,38/2014/tt-nhnn_7,ARTICLE,GUIDE,
38/2014/tt-nhnn_10,38/2014/tt-nhnn_9,ARTICLE,GUIDE,
38/2014/tt-nhnn,38/2014/tt-nhnn_11,ARTICLE,CONTAIN,
38/2014/tt-nhnn_11,38/2014/tt-nhnn_1,ARTICLE,GUIDE,
38/2014/tt-nhnn_11,38/2014/tt-nhnn_8,ARTICLE,GUIDE,
38/2014/tt-nhnn,38/2014/tt-nhnn_12,ARTICLE,CONTAIN,
38/2014/tt-nhnn_12,38/2014/tt-nhnn_1,ARTICLE,GUIDE,
38/2014/tt-nhnn,38/2014/tt-nhnn_13,ARTICLE,CONTAIN,
38/2014/tt-nhnn,38/2014/tt-nhnn_14,ARTICLE,CONTAIN,
38/2014/tt-nhnn_14,38/2014/tt-nhnn_8,ARTICLE,GUIDE,
38/2014/tt-nhnn_14,38/2014/tt-nhnn_9,ARTICLE,GUIDE,
38/2014/tt-nhnn_14,38/2014/tt-nhnn_10,ARTICLE,GUIDE,
38/2014/tt-nhnn_14,38/2014/tt-nhnn_11,ARTICLE,GUIDE,
38/2014/tt-nhnn_14,32/2024/qh15_29,ARTICLE,GUIDE,
38/2014/tt-nhnn,38/2014/tt-nhnn_15,ARTICLE,CONTAIN,
38/2014/tt-nhnn_15,38/2014/tt-nhnn_1,ARTICLE,GUIDE,
38/2014/tt-nhnn_15,38/2014/tt-nhnn_5,ARTICLE,GUIDE,
38/2014/tt-nhnn_15,38/2014/tt-nhnn_6,ARTICLE,GUIDE,
38/2014/tt-nhnn_15,38/2014/tt-nhnn_7,ARTICLE,GUIDE,
38/2014/tt-nhnn_15,38/2014/tt-nhnn_14,ARTICLE,GUIDE,
38/2014/tt-nhnn,38/2014/tt-nhnn_16,ARTICLE,CONTAIN,
38/2014/tt-nhnn_16,38/2014/tt-nhnn_11,ARTICLE,GUIDE,
38/2014/tt-nhnn_16,38/2014/tt-nhnn_14,ARTICLE,GUIDE,
38/2014/tt-nhnn,38/2014/tt-nhnn_17,ARTICLE,CONTAIN,
38/2014/tt-nhnn,38/2014/tt-nhnn_18,ARTICLE,CONTAIN,
38/2014/tt-nhnn_18,38/2014/tt-nhnn_17,ARTICLE,GUIDE,
38/2014/tt-nhnn_18,38/2014/tt-nhnn_1,ARTICLE,GUIDE,
38/2014/tt-nhnn,38/2014/tt-nhnn_19,ARTICLE,CONTAIN,
38/2014/tt-nhnn_19,24/2011/tt-nhnn_10,ARTICLE,REPEAL,
38/2014/tt-nhnn,38/2014/tt-nhnn_20,ARTICLE,CONTAIN,
01/2015/tt-nhnn,01/2015/tt-nhnn_1,ARTICLE,CONTAIN,
01/2015/tt-nhnn,01/2015/tt-nhnn_2,ARTICLE,CONTAIN,
01/2015/tt-nhnn,01/2015/tt-nhnn_3,ARTICLE,CONTAIN,
01/2015/tt-nhnn,01/2015/tt-nhnn_4,ARTICLE,CONTAIN,
01/2015/tt-nhnn,01/2015/tt-nhnn_5,ARTICLE,CONTAIN,
01/2015/tt-nhnn,01/2015/tt-nhnn_6,ARTICLE,CONTAIN,
01/2015/tt-nhnn,01/2015/tt-nhnn_7,ARTICLE,CONTAIN,
01/2015/tt-nhnn,01/2015/tt-nhnn_8,ARTICLE,CONTAIN,
01/2015/tt-nhnn_8,01/2015/tt-nhnn_6,ARTICLE,GUIDE,
01/2015/tt-nhnn,01/2015/tt-nhnn_9,ARTICLE,CONTAIN,
01/2015/tt-nhnn,01/2015/tt-nhnn_10,ARTICLE,CONTAIN,
01/2015/tt-nhnn_10,01/2015/tt-nhnn_6,ARTICLE,GUIDE,
01/2015/tt-nhnn,01/2015/tt-nhnn_11,ARTICLE,CONTAIN,
01/2015/tt-nhnn,01/2015/tt-nhnn_12,ARTICLE,CONTAIN,
01/2015/tt-nhnn,01/2015/tt-nhnn_13,ARTICLE,CONTAIN,
01/2015/tt-nhnn,01/2015/tt-nhnn_14,ARTICLE,CONTAIN,
01/2015/tt-nhnn,01/2015/tt-nhnn_15,ARTICLE,CONTAIN,
01/2015/tt-nhnn,01/2015/tt-nhnn_16,ARTICLE,CONTAIN,
01/2015/tt-nhnn,01/2015/tt-nhnn_17,ARTICLE,CONTAIN,
01/2015/tt-nhnn,01/2015/tt-nhnn_18,ARTICLE,CONTAIN,
01/2015/tt-nhnn,01/2015/tt-nhnn_19,ARTICLE,CONTAIN,
01/2015/tt-nhnn,01/2015/tt-nhnn_20,ARTICLE,CONTAIN,
01/2015/tt-nhnn,01/2015/tt-nhnn_21,ARTICLE,CONTAIN,
01/2015/tt-nhnn,01/2015/tt-nhnn_22,ARTICLE,CONTAIN,
35/2012/tt-nhnn,35/2012/tt-nhnn_1,ARTICLE,CONTAIN,
35/2012/tt-nhnn,35/2012/tt-nhnn_2,ARTICLE,CONTAIN,
35/2012/tt-nhnn,35/2012/tt-nhnn_3,ARTICLE,CONTAIN,
35/2012/tt-nhnn,35/2012/tt-nhnn_4,ARTICLE,CONTAIN,
35/2012/tt-nhnn,35/2012/tt-nhnn_5,ARTICLE,CONTAIN,
35/2012/tt-nhnn,35/2012/tt-nhnn_6,ARTICLE,CONTAIN,
35/2012/tt-nhnn,35/2012/tt-nhnn_7,ARTICLE,CONTAIN,
36/2012/tt-nhnn,36/2012/tt-nhnn_1,ARTICLE,CONTAIN,
36/2012/tt-nhnn,36/2012/tt-nhnn_2,ARTICLE,CONTAIN,
36/2012/tt-nhnn,36/2012/tt-nhnn_3,ARTICLE,CONTAIN,
36/2012/tt-nhnn,36/2012/tt-nhnn_4,ARTICLE,CONTAIN,
36/2012/tt-nhnn,36/2012/tt-nhnn_5,ARTICLE,CONTAIN,
36/2012/tt-nhnn,36/2012/tt-nhnn_6,ARTICLE,CONTAIN,
36/2012/tt-nhnn,36/2012/tt-nhnn_7,ARTICLE,CONTAIN,
36/2012/tt-nhnn,36/2012/tt-nhnn_8,ARTICLE,CONTAIN,
36/2012/tt-nhnn,36/2012/tt-nhnn_9,ARTICLE,CONTAIN,
36/2012/tt-nhnn,36/2012/tt-nhnn_10,ARTICLE,CONTAIN,
36/2012/tt-nhnn,36/2012/tt-nhnn_11,ARTICLE,CONTAIN,
36/2012/tt-nhnn_11,36/2012/tt-nhnn_3,ARTICLE,GUIDE,
36/2012/tt-nhnn,36/2012/tt-nhnn_12,ARTICLE,CONTAIN,
36/2012/tt-nhnn,36/2012/tt-nhnn_13,ARTICLE,CONTAIN,
49/2014/tt-nhnn,49/2014/tt-nhnn_1,ARTICLE,CONTAIN,
49/2014/tt-nhnn_1,16/2007/QĐ-NHNN_1,ARTICLE,AMEND,
49/2014/tt-nhnn_1,16/2007/QĐ-NHNN_2,ARTICLE,AMEND,
49/2014/tt-nhnn_1,16/2007/QĐ-NHNN_3,ARTICLE,AMEND,
49/2014/tt-nhnn_1,16/2007/QĐ-NHNN_6,ARTICLE,AMEND,
49/2014/tt-nhnn_1,16/2007/QĐ-NHNN_7,ARTICLE,AMEND,
49/2014/tt-nhnn_1,16/2007/QĐ-NHNN_8,ARTICLE,AMEND,
49/2014/tt-nhnn_1,16/2007/QĐ-NHNN_9,ARTICLE,AMEND,
49/2014/tt-nhnn_1,16/2007/QĐ-NHNN_10,ARTICLE,AMEND,
49/2014/tt-nhnn_1,16/2007/QĐ-NHNN_11,ARTICLE,AMEND,
49/2014/tt-nhnn_1,16/2007/QĐ-NHNN_12,ARTICLE,AMEND,
49/2014/tt-nhnn_1,16/2007/QĐ-NHNN_14,ARTICLE,AMEND,
49/2014/tt-nhnn_1,16/2007/QĐ-NHNN_16,ARTICLE,AMEND,
49/2014/tt-nhnn_1,32/2024/qh15_4,ARTICLE,GUIDE,
49/2014/tt-nhnn_1,32/2024/qh15_89,ARTICLE,GUIDE,
49/2014/tt-nhnn,49/2014/tt-nhnn_2,ARTICLE,CONTAIN,
49/2014/tt-nhnn_2,32/2024/qh15_4,ARTICLE,GUIDE,
49/2014/tt-nhnn,49/2014/tt-nhnn_3,ARTICLE,CONTAIN,
49/2014/tt-nhnn,49/2014/tt-nhnn_4,ARTICLE,CONTAIN,
34/2015/nđ-cp,34/2015/nđ-cp_1,ARTICLE,CONTAIN,
34/2015/nđ-cp_1,53/2013/NĐ-CP_7,ARTICLE,AMEND,
34/2015/nđ-cp_1,53/2013/NĐ-CP_9,ARTICLE,AMEND,
34/2015/nđ-cp_1,53/2013/NĐ-CP_13,ARTICLE,AMEND,
34/2015/nđ-cp_1,53/2013/NĐ-CP_14,ARTICLE,AMEND,
34/2015/nđ-cp_1,53/2013/NĐ-CP_16,ARTICLE,AMEND,
34/2015/nđ-cp_1,53/2013/NĐ-CP_18,ARTICLE,AMEND,
34/2015/nđ-cp_1,53/2013/NĐ-CP_20,ARTICLE,AMEND,
34/2015/nđ-cp_1,53/2013/NĐ-CP_21,ARTICLE,AMEND,
34/2015/nđ-cp_1,53/2013/NĐ-CP_23,ARTICLE,AMEND,
34/2015/nđ-cp_1,53/2013/NĐ-CP_26,ARTICLE,AMEND,
34/2015/nđ-cp_1,53/2013/NĐ-CP_27,ARTICLE,AMEND,
34/2015/nđ-cp_1,53/2013/NĐ-CP_28,ARTICLE,AMEND,
34/2015/nđ-cp_1,53/2013/NĐ-CP_30,ARTICLE,AMEND,
34/2015/nđ-cp_1,34/2015/NĐ-CP_8,ARTICLE,GUIDE,
34/2015/nđ-cp,34/2015/nđ-cp_2,ARTICLE,CONTAIN,
34/2015/nđ-cp,34/2015/nđ-cp_3,ARTICLE,CONTAIN,
03/2015/tt-nhnn,03/2015/tt-nhnn_1,ARTICLE,CONTAIN,
03/2015/tt-nhnn,03/2015/tt-nhnn_2,ARTICLE,CONTAIN,
03/2015/tt-nhnn,03/2015/tt-nhnn_3,ARTICLE,CONTAIN,
03/2015/tt-nhnn,03/2015/tt-nhnn_4,ARTICLE,CONTAIN,
03/2015/tt-nhnn,03/2015/tt-nhnn_5,ARTICLE,CONTAIN,
03/2015/tt-nhnn,03/2015/tt-nhnn_6,ARTICLE,CONTAIN,
03/2015/tt-nhnn_6,03/2015/tt-nhnn_4,ARTICLE,GUIDE,
03/2015/tt-nhnn_6,03/2015/tt-nhnn_5,ARTICLE,GUIDE,
03/2015/tt-nhnn,03/2015/tt-nhnn_7,ARTICLE,CONTAIN,
03/2015/tt-nhnn,03/2015/tt-nhnn_8,ARTICLE,CONTAIN,
03/2015/tt-nhnn,03/2015/tt-nhnn_9,ARTICLE,CONTAIN,
03/2015/tt-nhnn,03/2015/tt-nhnn_10,ARTICLE,CONTAIN,
03/2015/tt-nhnn,03/2015/tt-nhnn_11,ARTICLE,CONTAIN,
03/2015/tt-nhnn_11,03/2015/tt-nhnn,ARTICLE,GUIDE,
03/2015/tt-nhnn,03/2015/tt-nhnn_12,ARTICLE,CONTAIN,
03/2015/tt-nhnn,03/2015/tt-nhnn_13,ARTICLE,CONTAIN,
03/2015/tt-nhnn,03/2015/tt-nhnn_14,ARTICLE,CONTAIN,
03/2015/tt-nhnn,03/2015/tt-nhnn_15,ARTICLE,CONTAIN,
03/2015/tt-nhnn,03/2015/tt-nhnn_16,ARTICLE,CONTAIN,
03/2015/tt-nhnn,03/2015/tt-nhnn_17,ARTICLE,CONTAIN,
55/2015/nđ-cp,55/2015/nđ-cp_1,ARTICLE,CONTAIN,
55/2015/nđ-cp,55/2015/nđ-cp_2,ARTICLE,CONTAIN,
55/2015/nđ-cp,55/2015/nđ-cp_3,ARTICLE,CONTAIN,
55/2015/nđ-cp,55/2015/nđ-cp_4,ARTICLE,CONTAIN,
55/2015/nđ-cp,55/2015/nđ-cp_5,ARTICLE,CONTAIN,
55/2015/nđ-cp_5,55/2015/NĐ-CP_9,ARTICLE,GUIDE,
55/2015/nđ-cp_5,55/2015/NĐ-CP_14,ARTICLE,GUIDE,
55/2015/nđ-cp_5,55/2015/NĐ-CP_15,ARTICLE,GUIDE,
55/2015/nđ-cp,55/2015/nđ-cp_6,ARTICLE,CONTAIN,
55/2015/nđ-cp,55/2015/nđ-cp_7,ARTICLE,CONTAIN,
55/2015/nđ-cp,55/2015/nđ-cp_8,ARTICLE,CONTAIN,
55/2015/nđ-cp,55/2015/nđ-cp_9,ARTICLE,CONTAIN,
55/2015/nđ-cp_9,55/2015/nđ-cp_4,ARTICLE,GUIDE,
55/2015/nđ-cp,55/2015/nđ-cp_10,ARTICLE,CONTAIN,
55/2015/nđ-cp,55/2015/nđ-cp_11,ARTICLE,CONTAIN,
55/2015/nđ-cp_11,55/2015/NĐ-CP_3,ARTICLE,GUIDE,
55/2015/nđ-cp,55/2015/nđ-cp_12,ARTICLE,CONTAIN,
55/2015/nđ-cp,55/2015/nđ-cp_13,ARTICLE,CONTAIN,
55/2015/nđ-cp_13,55/2015/nđ-cp_9,ARTICLE,GUIDE,
55/2015/nđ-cp_13,55/2015/nđ-cp_14,ARTICLE,GUIDE,
55/2015/nđ-cp_13,55/2015/nđ-cp_15,ARTICLE,GUIDE,
55/2015/nđ-cp_13,55/2015/nđ-cp_12,ARTICLE,GUIDE,
55/2015/nđ-cp,55/2015/nđ-cp_14,ARTICLE,CONTAIN,
55/2015/nđ-cp,55/2015/nđ-cp_15,ARTICLE,CONTAIN,
55/2015/nđ-cp_15,55/2015/NĐ-CP_14,ARTICLE,GUIDE,
55/2015/nđ-cp,55/2015/nđ-cp_16,ARTICLE,CONTAIN,
55/2015/nđ-cp,55/2015/nđ-cp_17,ARTICLE,CONTAIN,
55/2015/nđ-cp_17,55/2015/nđ-cp_12,ARTICLE,GUIDE,
55/2015/nđ-cp_17,55/2015/nđ-cp_14,ARTICLE,GUIDE,
55/2015/nđ-cp_17,55/2015/nđ-cp_15,ARTICLE,GUIDE,
55/2015/nđ-cp,55/2015/nđ-cp_18,ARTICLE,CONTAIN,
55/2015/nđ-cp,55/2015/nđ-cp_19,ARTICLE,CONTAIN,
55/2015/nđ-cp_19,55/2015/nđ-cp_9,ARTICLE,GUIDE,
55/2015/nđ-cp_19,55/2015/nđ-cp_12,ARTICLE,GUIDE,
55/2015/nđ-cp_19,55/2015/nđ-cp_14,ARTICLE,GUIDE,
55/2015/nđ-cp_19,55/2015/nđ-cp_15,ARTICLE,GUIDE,
55/2015/nđ-cp,55/2015/nđ-cp_20,ARTICLE,CONTAIN,
55/2015/nđ-cp,55/2015/nđ-cp_21,ARTICLE,CONTAIN,
55/2015/nđ-cp_21,55/2015/nđ-cp_9,ARTICLE,GUIDE,
55/2015/nđ-cp,55/2015/nđ-cp_22,ARTICLE,CONTAIN,
55/2015/nđ-cp_22,55/2015/nđ-cp_9,ARTICLE,GUIDE,
55/2015/nđ-cp_22,55/2015/nđ-cp_12,ARTICLE,GUIDE,
55/2015/nđ-cp_22,55/2015/nđ-cp_14,ARTICLE,GUIDE,
55/2015/nđ-cp_22,55/2015/nđ-cp_15,ARTICLE,GUIDE,
55/2015/nđ-cp,55/2015/nđ-cp_23,ARTICLE,CONTAIN,
55/2015/nđ-cp,55/2015/nđ-cp_24,ARTICLE,CONTAIN,
55/2015/nđ-cp,55/2015/nđ-cp_25,ARTICLE,CONTAIN,
55/2015/nđ-cp,55/2015/nđ-cp_26,ARTICLE,CONTAIN,
55/2015/nđ-cp,55/2015/nđ-cp_27,ARTICLE,CONTAIN,
22/2014/tt-nhnn,22/2014/tt-nhnn_1,ARTICLE,CONTAIN,
22/2014/tt-nhnn_1,67/2014/NĐ-CP_2,ARTICLE,GUIDE,
22/2014/tt-nhnn,22/2014/tt-nhnn_2,ARTICLE,CONTAIN,
22/2014/tt-nhnn,22/2014/tt-nhnn_3,ARTICLE,CONTAIN,
22/2014/tt-nhnn_3,67/2014/NĐ-CP_4,ARTICLE,GUIDE,
22/2014/tt-nhnn,22/2014/tt-nhnn_4,ARTICLE,CONTAIN,
22/2014/tt-nhnn,22/2014/tt-nhnn_5,ARTICLE,CONTAIN,
22/2014/tt-nhnn_5,67/2014/NĐ-CP_4,ARTICLE,GUIDE,
22/2014/tt-nhnn,22/2014/tt-nhnn_6,ARTICLE,CONTAIN,
22/2014/tt-nhnn,22/2014/tt-nhnn_7,ARTICLE,CONTAIN,
22/2014/tt-nhnn_7,67/2014/NĐ-CP_4,ARTICLE,GUIDE,
22/2014/tt-nhnn,22/2014/tt-nhnn_8,ARTICLE,CONTAIN,
22/2014/tt-nhnn_8,22/2014/tt-nhnn_5,ARTICLE,GUIDE,
22/2014/tt-nhnn,22/2014/tt-nhnn_9,ARTICLE,CONTAIN,
22/2014/tt-nhnn,22/2014/tt-nhnn_10,ARTICLE,CONTAIN,
22/2014/tt-nhnn_10,67/2014/NĐ-CP_9,ARTICLE,GUIDE,
22/2014/tt-nhnn,22/2014/tt-nhnn_11,ARTICLE,CONTAIN,
23/2012/tt-nhnn,23/2012/tt-nhnn_1,ARTICLE,CONTAIN,
23/2012/tt-nhnn,23/2012/tt-nhnn_2,ARTICLE,CONTAIN,
23/2012/tt-nhnn,23/2012/tt-nhnn_3,ARTICLE,CONTAIN,
23/2012/tt-nhnn,23/2012/tt-nhnn_4,ARTICLE,CONTAIN,
23/2012/tt-nhnn,23/2012/tt-nhnn_5,ARTICLE,CONTAIN,
23/2012/tt-nhnn,23/2012/tt-nhnn_6,ARTICLE,CONTAIN,
23/2012/tt-nhnn_6,23/2012/tt-nhnn_5,ARTICLE,GUIDE,
23/2012/tt-nhnn,23/2012/tt-nhnn_7,ARTICLE,CONTAIN,
23/2012/tt-nhnn,23/2012/tt-nhnn_8,ARTICLE,CONTAIN,
23/2012/tt-nhnn,23/2012/tt-nhnn_9,ARTICLE,CONTAIN,
23/2012/tt-nhnn,23/2012/tt-nhnn_10,ARTICLE,CONTAIN,
23/2012/tt-nhnn,23/2012/tt-nhnn_11,ARTICLE,CONTAIN,
23/2012/tt-nhnn,23/2012/tt-nhnn_12,ARTICLE,CONTAIN,
23/2012/tt-nhnn,23/2012/tt-nhnn_13,ARTICLE,CONTAIN,
23/2012/tt-nhnn,23/2012/tt-nhnn_14,ARTICLE,CONTAIN,
23/2012/tt-nhnn,23/2012/tt-nhnn_15,ARTICLE,CONTAIN,
23/2012/tt-nhnn,23/2012/tt-nhnn_16,ARTICLE,CONTAIN,
32/2012/tt-nhnn,32/2012/tt-nhnn_1,ARTICLE,CONTAIN,
32/2012/tt-nhnn_1,32/2024/qh15_4,ARTICLE,GUIDE,
32/2012/tt-nhnn,32/2012/tt-nhnn_2,ARTICLE,CONTAIN,
32/2012/tt-nhnn_2,32/2012/tt-nhnn_1,ARTICLE,GUIDE,
32/2012/tt-nhnn,32/2012/tt-nhnn_3,ARTICLE,CONTAIN,
32/2012/tt-nhnn,32/2012/tt-nhnn_4,ARTICLE,CONTAIN,
33/2012/tt-nhnn,33/2012/tt-nhnn_1,ARTICLE,CONTAIN,
33/2012/tt-nhnn,33/2012/tt-nhnn_2,ARTICLE,CONTAIN,
33/2012/tt-nhnn_2,33/2012/tt-nhnn_1,ARTICLE,GUIDE,
33/2012/tt-nhnn,33/2012/tt-nhnn_3,ARTICLE,CONTAIN,
33/2012/tt-nhnn_3,33/2012/tt-nhnn_1,ARTICLE,GUIDE,
33/2012/tt-nhnn_3,33/2012/tt-nhnn_2,ARTICLE,GUIDE,
33/2012/tt-nhnn,33/2012/tt-nhnn_4,ARTICLE,CONTAIN,
09/2015/tt-nhnn,09/2015/tt-nhnn_1,ARTICLE,CONTAIN,
09/2015/tt-nhnn,09/2015/tt-nhnn_2,ARTICLE,CONTAIN,
09/2015/tt-nhnn,09/2015/tt-nhnn_3,ARTICLE,CONTAIN,
09/2015/tt-nhnn_3,09/2015/tt-nhnn_4,ARTICLE,GUIDE,
09/2015/tt-nhnn,09/2015/tt-nhnn_4,ARTICLE,CONTAIN,
09/2015/tt-nhnn,09/2015/tt-nhnn_5,ARTICLE,CONTAIN,
09/2015/tt-nhnn,09/2015/tt-nhnn_6,ARTICLE,CONTAIN,
09/2015/tt-nhnn,09/2015/tt-nhnn_7,ARTICLE,CONTAIN,
09/2015/tt-nhnn_7,09/2015/tt-nhnn_6,ARTICLE,GUIDE,
09/2015/tt-nhnn,09/2015/tt-nhnn_8,ARTICLE,CONTAIN,
09/2015/tt-nhnn,09/2015/tt-nhnn_9,ARTICLE,CONTAIN,
09/2015/tt-nhnn,09/2015/tt-nhnn_10,ARTICLE,CONTAIN,
09/2015/tt-nhnn,09/2015/tt-nhnn_11,ARTICLE,CONTAIN,
09/2015/tt-nhnn,09/2015/tt-nhnn_12,ARTICLE,CONTAIN,
09/2015/tt-nhnn,09/2015/tt-nhnn_13,ARTICLE,CONTAIN,
09/2015/tt-nhnn,09/2015/tt-nhnn_14,ARTICLE,CONTAIN,
09/2015/tt-nhnn,09/2015/tt-nhnn_15,ARTICLE,CONTAIN,
09/2015/tt-nhnn,09/2015/tt-nhnn_16,ARTICLE,CONTAIN,
09/2015/tt-nhnn,09/2015/tt-nhnn_17,ARTICLE,CONTAIN,
09/2015/tt-nhnn,09/2015/tt-nhnn_18,ARTICLE,CONTAIN,
09/2015/tt-nhnn,09/2015/tt-nhnn_19,ARTICLE,CONTAIN,
09/2015/tt-nhnn,09/2015/tt-nhnn_20,ARTICLE,CONTAIN,
09/2015/tt-nhnn,09/2015/tt-nhnn_21,ARTICLE,CONTAIN,
09/2015/tt-nhnn,09/2015/tt-nhnn_22,ARTICLE,CONTAIN,
09/2015/tt-nhnn,09/2015/tt-nhnn_23,ARTICLE,CONTAIN,
09/2015/tt-nhnn_23,09/2015/tt-nhnn_5,ARTICLE,GUIDE,
09/2015/tt-nhnn,09/2015/tt-nhnn_24,ARTICLE,CONTAIN,
09/2015/tt-nhnn,09/2015/tt-nhnn_25,ARTICLE,CONTAIN,
09/2015/tt-nhnn,09/2015/tt-nhnn_26,ARTICLE,CONTAIN,
38/2012/tt-nhnn,38/2012/tt-nhnn_1,ARTICLE,CONTAIN,
38/2012/tt-nhnn,38/2012/tt-nhnn_2,ARTICLE,CONTAIN,
38/2012/tt-nhnn,38/2012/tt-nhnn_3,ARTICLE,CONTAIN,
38/2012/tt-nhnn,38/2012/tt-nhnn_4,ARTICLE,CONTAIN,
38/2012/tt-nhnn,38/2012/tt-nhnn_5,ARTICLE,CONTAIN,
38/2012/tt-nhnn,38/2012/tt-nhnn_6,ARTICLE,CONTAIN,
28/2015/qđ-ttg,28/2015/qđ-ttg_1,ARTICLE,CONTAIN,
28/2015/qđ-ttg,28/2015/qđ-ttg_2,ARTICLE,CONTAIN,
28/2015/qđ-ttg,28/2015/qđ-ttg_3,ARTICLE,CONTAIN,
28/2015/qđ-ttg,28/2015/qđ-ttg_4,ARTICLE,CONTAIN,
28/2015/qđ-ttg,28/2015/qđ-ttg_5,ARTICLE,CONTAIN,
28/2015/qđ-ttg,28/2015/qđ-ttg_6,ARTICLE,CONTAIN,
28/2015/qđ-ttg,28/2015/qđ-ttg_7,ARTICLE,CONTAIN,
28/2015/qđ-ttg,28/2015/qđ-ttg_8,ARTICLE,CONTAIN,
28/2015/qđ-ttg,28/2015/qđ-ttg_9,ARTICLE,CONTAIN,
28/2015/qđ-ttg,28/2015/qđ-ttg_10,ARTICLE,CONTAIN,
127-tt/lb,127-tt/lb_1,ARTICLE,CONTAIN,
127-tt/lb,127-tt/lb_2,ARTICLE,CONTAIN,
127-tt/lb,127-tt/lb_3,ARTICLE,CONTAIN,
127-tt/lb,127-tt/lb_4,ARTICLE,CONTAIN,
127-tt/lb,127-tt/lb_5,ARTICLE,CONTAIN,
127-tt/lb,127-tt/lb_6,ARTICLE,CONTAIN,
127-tt/lb,127-tt/lb_7,ARTICLE,CONTAIN,
362-tdctn,362-tdctn_1,ARTICLE,CONTAIN,
362-tdctn,362-tdctn_2,ARTICLE,CONTAIN,
362-tdctn,362-tdctn_3,ARTICLE,CONTAIN,
362-tdctn,362-tdctn_4,ARTICLE,CONTAIN,
362-tdctn,362-tdctn_5,ARTICLE,CONTAIN,
362-tdctn,362-tdctn_6,ARTICLE,CONTAIN,
10/2015/tt-nhnn,10/2015/tt-nhnn_1,ARTICLE,CONTAIN,
10/2015/tt-nhnn,10/2015/tt-nhnn_2,ARTICLE,CONTAIN,
10/2015/tt-nhnn_2,55/2015/NĐ-CP_2,ARTICLE,GUIDE,
10/2015/tt-nhnn,10/2015/tt-nhnn_3,ARTICLE,CONTAIN,
10/2015/tt-nhnn,10/2015/tt-nhnn_4,ARTICLE,CONTAIN,
10/2015/tt-nhnn_4,55/2015/NĐ-CP_12,ARTICLE,GUIDE,
10/2015/tt-nhnn_4,55/2015/NĐ-CP_14,ARTICLE,GUIDE,
10/2015/tt-nhnn_4,55/2015/NĐ-CP_15,ARTICLE,GUIDE,
10/2015/tt-nhnn,10/2015/tt-nhnn_5,ARTICLE,CONTAIN,
10/2015/tt-nhnn_5,10/2015/tt-nhnn_4,ARTICLE,GUIDE,
10/2015/tt-nhnn_5,55/2015/NĐ-CP_12,ARTICLE,GUIDE,
10/2015/tt-nhnn_5,55/2015/NĐ-CP_14,ARTICLE,GUIDE,
10/2015/tt-nhnn_5,55/2015/NĐ-CP_15,ARTICLE,GUIDE,
10/2015/tt-nhnn,10/2015/tt-nhnn_6,ARTICLE,CONTAIN,
10/2015/tt-nhnn_6,55/2015/NĐ-CP_13,ARTICLE,GUIDE,
10/2015/tt-nhnn,10/2015/tt-nhnn_7,ARTICLE,CONTAIN,
10/2015/tt-nhnn_7,55/2015/NĐ-CP_23,ARTICLE,GUIDE,
10/2015/tt-nhnn,10/2015/tt-nhnn_8,ARTICLE,CONTAIN,
10/2015/tt-nhnn,10/2015/tt-nhnn_9,ARTICLE,CONTAIN,
11/2015/tt-nhnn,11/2015/tt-nhnn_1,ARTICLE,CONTAIN,
11/2015/tt-nhnn_1,118/2014/NĐ-CP_1,ARTICLE,GUIDE,
11/2015/tt-nhnn_1,118/2014/NĐ-CP_26,ARTICLE,GUIDE,
11/2015/tt-nhnn,11/2015/tt-nhnn_2,ARTICLE,CONTAIN,
11/2015/tt-nhnn,11/2015/tt-nhnn_3,ARTICLE,CONTAIN,
11/2015/tt-nhnn,11/2015/tt-nhnn_4,ARTICLE,CONTAIN,
11/2015/tt-nhnn,11/2015/tt-nhnn_5,ARTICLE,CONTAIN,
11/2015/tt-nhnn_5,118/2014/NĐ-CP_4,ARTICLE,GUIDE,
11/2015/tt-nhnn_5,118/2014/NĐ-CP_5,ARTICLE,GUIDE,
11/2015/tt-nhnn_5,118/2014/NĐ-CP_6,ARTICLE,GUIDE,
11/2015/tt-nhnn_5,118/2014/NĐ-CP_7,ARTICLE,GUIDE,
11/2015/tt-nhnn_5,118/2014/NĐ-CP_8,ARTICLE,GUIDE,
11/2015/tt-nhnn_5,118/2014/NĐ-CP_9,ARTICLE,GUIDE,
11/2015/tt-nhnn_5,118/2014/NĐ-CP_10,ARTICLE,GUIDE,
11/2015/tt-nhnn_5,118/2014/NĐ-CP_11,ARTICLE,GUIDE,
11/2015/tt-nhnn,11/2015/tt-nhnn_6,ARTICLE,CONTAIN,
11/2015/tt-nhnn_6,118/2014/NĐ-CP_15,ARTICLE,GUIDE,
11/2015/tt-nhnn,11/2015/tt-nhnn_7,ARTICLE,CONTAIN,
11/2015/tt-nhnn_7,118/2014/NĐ-CP_4,ARTICLE,GUIDE,
11/2015/tt-nhnn_7,118/2014/NĐ-CP_8,ARTICLE,GUIDE,
11/2015/tt-nhnn,11/2015/tt-nhnn_8,ARTICLE,CONTAIN,
11/2015/tt-nhnn,11/2015/tt-nhnn_9,ARTICLE,CONTAIN,
11/2015/tt-nhnn,11/2015/tt-nhnn_10,ARTICLE,CONTAIN,
11/2015/tt-nhnn,11/2015/tt-nhnn_11,ARTICLE,CONTAIN,
16 tt/lb,16 tt/lb_1,ARTICLE,CONTAIN,
16 tt/lb,16 tt/lb_2,ARTICLE,CONTAIN,
16 tt/lb,16 tt/lb_3,ARTICLE,CONTAIN,
16 tt/lb,16 tt/lb_4,ARTICLE,CONTAIN,
16 tt/lb,16 tt/lb_5,ARTICLE,CONTAIN,
14/tt-lb,14/tt-lb_1,ARTICLE,CONTAIN,
14/tt-lb,14/tt-lb_2,ARTICLE,CONTAIN,
14/tt-lb,14/tt-lb_3,ARTICLE,CONTAIN,
14/tt-lb,14/tt-lb_4,ARTICLE,CONTAIN,
14/tt-lb,14/tt-lb_5,ARTICLE,CONTAIN,
14/tt-lb,14/tt-lb_6,ARTICLE,CONTAIN,
15 tt-lb/tc-nh,15 tt-lb/tc-nh_1,ARTICLE,CONTAIN,
15 tt-lb/tc-nh,15 tt-lb/tc-nh_2,ARTICLE,CONTAIN,
15 tt-lb/tc-nh,15 tt-lb/tc-nh_3,ARTICLE,CONTAIN,
15 tt-lb/tc-nh,15 tt-lb/tc-nh_4,ARTICLE,CONTAIN,
12/tt-lb,12/tt-lb_4,ARTICLE,CONTAIN,
12/tt-lb,12/tt-lb_5,ARTICLE,CONTAIN,
12/tt-lb,12/tt-lb_6,ARTICLE,CONTAIN,
12/tt-lb,12/tt-lb_7,ARTICLE,CONTAIN,
12/tt-lb,12/tt-lb_8,ARTICLE,CONTAIN,
04/1998/ttlt-bts-bkhđt-btc-nhnn,04/1998/ttlt-bts-bkhđt-btc-nhnn_1,ARTICLE,CONTAIN,
04/1998/ttlt-bts-bkhđt-btc-nhnn,04/1998/ttlt-bts-bkhđt-btc-nhnn_2,ARTICLE,CONTAIN,
04/1998/ttlt-bts-bkhđt-btc-nhnn_2,393/TTg_6,ARTICLE,GUIDE,
04/1998/ttlt-bts-bkhđt-btc-nhnn_2,159/1998/QĐ-TTg_1,ARTICLE,GUIDE,
490/2000/qđ-ttg,490/2000/qđ-ttg_1,ARTICLE,CONTAIN,
490/2000/qđ-ttg_1,175/QĐ-TTg_1,ARTICLE,GUIDE,
490/2000/qđ-ttg,490/2000/qđ-ttg_2,ARTICLE,CONTAIN,
12/2015/tt-nhnn,12/2015/tt-nhnn_1,ARTICLE,CONTAIN,
12/2015/tt-nhnn_1,06/2013/tt-nhnn_5,ARTICLE,AMEND,
12/2015/tt-nhnn_1,06/2013/tt-nhnn_20,ARTICLE,AMEND,
12/2015/tt-nhnn_1,06/2013/tt-nhnn_25,ARTICLE,AMEND,
12/2015/tt-nhnn,12/2015/tt-nhnn_2,ARTICLE,CONTAIN,
12/2015/tt-nhnn,12/2015/tt-nhnn_3,ARTICLE,CONTAIN,
14/2015/tt-nhnn,14/2015/tt-nhnn_1,ARTICLE,CONTAIN,
14/2015/tt-nhnn_1,19/2013/tt-nhnn_1,ARTICLE,AMEND,
14/2015/tt-nhnn_1,19/2013/tt-nhnn_2,ARTICLE,AMEND,
14/2015/tt-nhnn_1,19/2013/tt-nhnn_3,ARTICLE,AMEND,
14/2015/tt-nhnn_1,19/2013/tt-nhnn_4,ARTICLE,AMEND,
14/2015/tt-nhnn_1,19/2013/tt-nhnn_10,ARTICLE,AMEND,
14/2015/tt-nhnn_1,19/2013/tt-nhnn_11,ARTICLE,AMEND,
14/2015/tt-nhnn_1,19/2013/tt-nhnn_14,ARTICLE,AMEND,
14/2015/tt-nhnn_1,19/2013/tt-nhnn_15,ARTICLE,AMEND,
14/2015/tt-nhnn_1,19/2013/tt-nhnn_17,ARTICLE,AMEND,
14/2015/tt-nhnn_1,19/2013/tt-nhnn_23,ARTICLE,AMEND,
14/2015/tt-nhnn_1,19/2013/tt-nhnn_24,ARTICLE,AMEND,
14/2015/tt-nhnn_1,19/2013/tt-nhnn_26,ARTICLE,AMEND,
14/2015/tt-nhnn_1,19/2013/tt-nhnn_27,ARTICLE,AMEND,
14/2015/tt-nhnn_1,19/2013/tt-nhnn_28,ARTICLE,AMEND,
14/2015/tt-nhnn_1,19/2013/tt-nhnn_29,ARTICLE,AMEND,
14/2015/tt-nhnn_1,19/2013/tt-nhnn_30,ARTICLE,AMEND,
14/2015/tt-nhnn_1,19/2013/tt-nhnn_34,ARTICLE,AMEND,
14/2015/tt-nhnn_1,19/2013/tt-nhnn_35,ARTICLE,AMEND,
14/2015/tt-nhnn_1,19/2013/tt-nhnn_42,ARTICLE,AMEND,
14/2015/tt-nhnn_1,19/2013/tt-nhnn_43,ARTICLE,AMEND,
14/2015/tt-nhnn_1,19/2013/tt-nhnn_44,ARTICLE,AMEND,
14/2015/tt-nhnn_1,19/2013/tt-nhnn_46,ARTICLE,AMEND,
14/2015/tt-nhnn_1,19/2013/tt-nhnn_47,ARTICLE,AMEND,
14/2015/tt-nhnn_1,19/2013/tt-nhnn_49,ARTICLE,AMEND,
14/2015/tt-nhnn_1,19/2013/tt-nhnn_50,ARTICLE,AMEND,
14/2015/tt-nhnn,14/2015/tt-nhnn_2,ARTICLE,CONTAIN,
14/2015/tt-nhnn_2,14/2015/tt-nhnn_44,ARTICLE,GUIDE,
14/2015/tt-nhnn,14/2015/tt-nhnn_3,ARTICLE,CONTAIN,
88-cp,88-cp_1,ARTICLE,CONTAIN,
88-cp,88-cp_2,ARTICLE,CONTAIN,
88-cp,88-cp_3,ARTICLE,CONTAIN,
88-cp,88-cp_4,ARTICLE,CONTAIN,
88-cp,88-cp_5,ARTICLE,CONTAIN,
88-cp,88-cp_6,ARTICLE,CONTAIN,
88-cp,88-cp_7,ARTICLE,CONTAIN,
88-cp,88-cp_8,ARTICLE,CONTAIN,
88-cp,88-cp_9,ARTICLE,CONTAIN,
88-cp,88-cp_10,ARTICLE,CONTAIN,
179-cp,179-cp_2,ARTICLE,CONTAIN,
179-cp,179-cp_3,ARTICLE,CONTAIN,
179-cp,179-cp_4,ARTICLE,CONTAIN,
04/1998/tt-nhnn1,04/1998/tt-nhnn1_1,ARTICLE,CONTAIN,
04/1998/tt-nhnn1,04/1998/tt-nhnn1_2,ARTICLE,CONTAIN,
04/1998/tt-nhnn1_2,7/1998/NĐ-CP_3,ARTICLE,GUIDE,
04/1998/tt-nhnn1,04/1998/tt-nhnn1_3,ARTICLE,CONTAIN,
04/1998/tt-nhnn1,04/1998/tt-nhnn1_4,ARTICLE,CONTAIN,
04/1998/tt-nhnn1,04/1998/tt-nhnn1_5,ARTICLE,CONTAIN,
04/1998/tt-nhnn1,04/1998/tt-nhnn1_6,ARTICLE,CONTAIN,
07/2004/tt-nhnn,07/2004/tt-nhnn_1,ARTICLE,CONTAIN,
07/2004/tt-nhnn,07/2004/tt-nhnn_2,ARTICLE,CONTAIN,
07/2004/tt-nhnn,07/2004/tt-nhnn_3,ARTICLE,CONTAIN,
263/1997/qđ-nh21,263/1997/qđ-nh21_1,ARTICLE,CONTAIN,
263/1997/qđ-nh21,263/1997/qđ-nh21_2,ARTICLE,CONTAIN,
263/1997/qđ-nh21,263/1997/qđ-nh21_3,ARTICLE,CONTAIN,
263/1997/qđ-nh21_3,263/1997/qđ-nh21_1,ARTICLE,GUIDE,
263/1997/qđ-nh21,263/1997/qđ-nh21_4,ARTICLE,CONTAIN,
263/1997/qđ-nh21,263/1997/qđ-nh21_5,ARTICLE,CONTAIN,
16/2015/tt-nhnn,16/2015/tt-nhnn_1,ARTICLE,CONTAIN,
16/2015/tt-nhnn_1,32/2013/tt-nhnn_4,ARTICLE,AMEND,
16/2015/tt-nhnn_1,16/2015/tt-nhnn_4,ARTICLE,AMEND,
16/2015/tt-nhnn_1,16/2015/tt-nhnn_4,ARTICLE,GUIDE,
16/2015/tt-nhnn_1,32/2013/tt-nhnn_4,ARTICLE,GUIDE,
16/2015/tt-nhnn,16/2015/tt-nhnn_2,ARTICLE,CONTAIN,
17/2015/tt-nhnn,17/2015/tt-nhnn_1,ARTICLE,CONTAIN,
17/2015/tt-nhnn,17/2015/tt-nhnn_2,ARTICLE,CONTAIN,
17/2015/tt-nhnn,17/2015/tt-nhnn_3,ARTICLE,CONTAIN,
17/2015/tt-nhnn,17/2015/tt-nhnn_4,ARTICLE,CONTAIN,
17/2015/tt-nhnn_4,17/2015/tt-nhnn_2,ARTICLE,GUIDE,
17/2015/tt-nhnn,17/2015/tt-nhnn_5,ARTICLE,CONTAIN,
17/2015/tt-nhnn,17/2015/tt-nhnn_6,ARTICLE,CONTAIN,
17/2015/tt-nhnn,17/2015/tt-nhnn_7,ARTICLE,CONTAIN,
17/2015/tt-nhnn,17/2015/tt-nhnn_8,ARTICLE,CONTAIN,
17/2015/tt-nhnn,17/2015/tt-nhnn_9,ARTICLE,CONTAIN,
17/2015/tt-nhnn_9,17/2015/tt-nhnn_2,ARTICLE,GUIDE,
17/2015/tt-nhnn,17/2015/tt-nhnn_10,ARTICLE,CONTAIN,
17/2015/tt-nhnn_10,17/2015/tt-nhnn_9,ARTICLE,GUIDE,
17/2015/tt-nhnn,17/2015/tt-nhnn_11,ARTICLE,CONTAIN,
17/2015/tt-nhnn_11,17/2015/tt-nhnn_8,ARTICLE,GUIDE,
17/2015/tt-nhnn_11,17/2015/tt-nhnn_9,ARTICLE,GUIDE,
17/2015/tt-nhnn,17/2015/tt-nhnn_12,ARTICLE,CONTAIN,
17/2015/tt-nhnn_12,17/2015/tt-nhnn_9,ARTICLE,GUIDE,
17/2015/tt-nhnn_12,17/2015/tt-nhnn_10,ARTICLE,GUIDE,
17/2015/tt-nhnn_12,17/2015/tt-nhnn_11,ARTICLE,GUIDE,
17/2015/tt-nhnn,17/2015/tt-nhnn_13,ARTICLE,CONTAIN,
17/2015/tt-nhnn,17/2015/tt-nhnn_14,ARTICLE,CONTAIN,
17/2015/tt-nhnn_14,23/2007/QĐ-NHNN_2,ARTICLE,REPLACE,
17/2015/tt-nhnn_14,43/2007/QĐ-NHNN_1,ARTICLE,REPLACE,
17/2015/tt-nhnn_14,23/2011/TT-NHNN_7,ARTICLE,REPLACE,
17/2015/tt-nhnn,17/2015/tt-nhnn_15,ARTICLE,CONTAIN,
19/2015/tt-nhnn,19/2015/tt-nhnn_1,ARTICLE,CONTAIN,
19/2015/tt-nhnn,19/2015/tt-nhnn_2,ARTICLE,CONTAIN,
19/2015/tt-nhnn,19/2015/tt-nhnn_3,ARTICLE,CONTAIN,
19/2015/tt-nhnn,19/2015/tt-nhnn_4,ARTICLE,CONTAIN,
19/2015/tt-nhnn,19/2015/tt-nhnn_5,ARTICLE,CONTAIN,
19/2015/tt-nhnn,19/2015/tt-nhnn_6,ARTICLE,CONTAIN,
19/2015/tt-nhnn_6,19/2015/tt-nhnn_5,ARTICLE,GUIDE,
19/2015/tt-nhnn,19/2015/tt-nhnn_7,ARTICLE,CONTAIN,
19/2015/tt-nhnn,19/2015/tt-nhnn_8,ARTICLE,CONTAIN,
19/2015/tt-nhnn,19/2015/tt-nhnn_9,ARTICLE,CONTAIN,
19/2015/tt-nhnn,19/2015/tt-nhnn_10,ARTICLE,CONTAIN,
19/2015/tt-nhnn,19/2015/tt-nhnn_11,ARTICLE,CONTAIN,
19/2015/tt-nhnn_11,19/2015/tt-nhnn_9,ARTICLE,GUIDE,
19/2015/tt-nhnn,19/2015/tt-nhnn_12,ARTICLE,CONTAIN,
19/2015/tt-nhnn_12,19/2015/tt-nhnn_6,ARTICLE,GUIDE,
19/2015/tt-nhnn_12,19/2015/tt-nhnn_8,ARTICLE,GUIDE,
19/2015/tt-nhnn,19/2015/tt-nhnn_13,ARTICLE,CONTAIN,
19/2015/tt-nhnn,19/2015/tt-nhnn_14,ARTICLE,CONTAIN,
20/2015/tt-nhnn,20/2015/tt-nhnn_1,ARTICLE,CONTAIN,
20/2015/tt-nhnn,20/2015/tt-nhnn_2,ARTICLE,CONTAIN,
20/2015/tt-nhnn,20/2015/tt-nhnn_3,ARTICLE,CONTAIN,
20/2015/tt-nhnn,20/2015/tt-nhnn_4,ARTICLE,CONTAIN,
20/2015/tt-nhnn_4,20/2015/tt-nhnn_1,ARTICLE,GUIDE,
20/2015/tt-nhnn,20/2015/tt-nhnn_5,ARTICLE,CONTAIN,
20/2015/tt-nhnn,20/2015/tt-nhnn_6,ARTICLE,CONTAIN,
20/2015/tt-nhnn,20/2015/tt-nhnn_7,ARTICLE,CONTAIN,
20/2015/tt-nhnn,20/2015/tt-nhnn_8,ARTICLE,CONTAIN,
20/2015/tt-nhnn_8,20/2015/tt-nhnn_2,ARTICLE,GUIDE,
20/2015/tt-nhnn_8,20/2015/tt-nhnn_9,ARTICLE,GUIDE,
20/2015/tt-nhnn_8,20/2015/tt-nhnn_10,ARTICLE,GUIDE,
20/2015/tt-nhnn_8,20/2015/tt-nhnn_11,ARTICLE,GUIDE,
20/2015/tt-nhnn_8,20/2015/tt-nhnn_12,ARTICLE,GUIDE,
20/2015/tt-nhnn_8,20/2015/tt-nhnn_13,ARTICLE,GUIDE,
20/2015/tt-nhnn_8,20/2015/tt-nhnn_14,ARTICLE,GUIDE,
20/2015/tt-nhnn_8,20/2015/tt-nhnn_15,ARTICLE,GUIDE,
20/2015/tt-nhnn_8,20/2015/tt-nhnn_16,ARTICLE,GUIDE,
20/2015/tt-nhnn,20/2015/tt-nhnn_9,ARTICLE,CONTAIN,
20/2015/tt-nhnn,20/2015/tt-nhnn_10,ARTICLE,CONTAIN,
20/2015/tt-nhnn_10,20/2015/tt-nhnn_9,ARTICLE,GUIDE,
20/2015/tt-nhnn,20/2015/tt-nhnn_11,ARTICLE,CONTAIN,
20/2015/tt-nhnn,20/2015/tt-nhnn_12,ARTICLE,CONTAIN,
20/2015/tt-nhnn_12,20/2015/tt-nhnn_11,ARTICLE,GUIDE,
20/2015/tt-nhnn,20/2015/tt-nhnn_13,ARTICLE,CONTAIN,
20/2015/tt-nhnn_13,20/2015/tt-nhnn_11,ARTICLE,GUIDE,
20/2015/tt-nhnn,20/2015/tt-nhnn_14,ARTICLE,CONTAIN,
20/2015/tt-nhnn,20/2015/tt-nhnn_15,ARTICLE,CONTAIN,
20/2015/tt-nhnn_15,20/2015/tt-nhnn_11,ARTICLE,GUIDE,
20/2015/tt-nhnn,20/2015/tt-nhnn_16,ARTICLE,CONTAIN,
20/2015/tt-nhnn,20/2015/tt-nhnn_17,ARTICLE,CONTAIN,
20/2015/tt-nhnn_17,20/2015/tt-nhnn_2,ARTICLE,GUIDE,
20/2015/tt-nhnn,20/2015/tt-nhnn_18,ARTICLE,CONTAIN,
20/2015/tt-nhnn_18,20/2015/tt-nhnn_2,ARTICLE,GUIDE,
20/2015/tt-nhnn_18,20/2015/tt-nhnn_19,ARTICLE,GUIDE,
20/2015/tt-nhnn,20/2015/tt-nhnn_19,ARTICLE,CONTAIN,
20/2015/tt-nhnn,20/2015/tt-nhnn_20,ARTICLE,CONTAIN,
20/2015/tt-nhnn_20,20/2015/tt-nhnn_8,ARTICLE,GUIDE,
20/2015/tt-nhnn,20/2015/tt-nhnn_21,ARTICLE,CONTAIN,
20/2015/tt-nhnn,20/2015/tt-nhnn_22,ARTICLE,CONTAIN,
20/2015/tt-nhnn,20/2015/tt-nhnn_23,ARTICLE,CONTAIN,
20/2015/tt-nhnn,20/2015/tt-nhnn_24,ARTICLE,CONTAIN,
20/2015/tt-nhnn,20/2015/tt-nhnn_25,ARTICLE,CONTAIN,
20/2015/tt-nhnn,20/2015/tt-nhnn_26,ARTICLE,CONTAIN,
20/2015/tt-nhnn_26,25/2011/TT-NHNN_2,ARTICLE,REPEAL,
20/2015/tt-nhnn,20/2015/tt-nhnn_27,ARTICLE,CONTAIN,
21/2015/tt-nhnn,21/2015/tt-nhnn_1,ARTICLE,CONTAIN,
21/2015/tt-nhnn_1,22/2014/tt-nhnn_1,ARTICLE,AMEND,
21/2015/tt-nhnn_1,22/2014/tt-nhnn_3,ARTICLE,AMEND,
21/2015/tt-nhnn_1,22/2014/tt-nhnn_5,ARTICLE,AMEND,
21/2015/tt-nhnn_1,22/2014/tt-nhnn_9,ARTICLE,AMEND,
21/2015/tt-nhnn_1,89/2015/NĐ-CP_1,ARTICLE,AMEND,
21/2015/tt-nhnn_1,67/2014/NĐ-CP_2,ARTICLE,GUIDE,
21/2015/tt-nhnn_1,67/2014/NĐ-CP_4,ARTICLE,GUIDE,
21/2015/tt-nhnn,21/2015/tt-nhnn_2,ARTICLE,CONTAIN,
07/2015/ttlt-ttcp-nhnn,07/2015/ttlt-ttcp-nhnn_1,ARTICLE,CONTAIN,
07/2015/ttlt-ttcp-nhnn,07/2015/ttlt-ttcp-nhnn_2,ARTICLE,CONTAIN,
07/2015/ttlt-ttcp-nhnn,07/2015/ttlt-ttcp-nhnn_3,ARTICLE,CONTAIN,
07/2015/ttlt-ttcp-nhnn,07/2015/ttlt-ttcp-nhnn_4,ARTICLE,CONTAIN,
07/2015/ttlt-ttcp-nhnn,07/2015/ttlt-ttcp-nhnn_5,ARTICLE,CONTAIN,
07/2015/ttlt-ttcp-nhnn,07/2015/ttlt-ttcp-nhnn_6,ARTICLE,CONTAIN,
07/2015/ttlt-ttcp-nhnn,07/2015/ttlt-ttcp-nhnn_7,ARTICLE,CONTAIN,
07/2015/ttlt-ttcp-nhnn_7,07/2015/ttlt-ttcp-nhnn_5,ARTICLE,GUIDE,
07/2015/ttlt-ttcp-nhnn,07/2015/ttlt-ttcp-nhnn_8,ARTICLE,CONTAIN,
07/2015/ttlt-ttcp-nhnn,07/2015/ttlt-ttcp-nhnn_9,ARTICLE,CONTAIN,
07/2015/ttlt-ttcp-nhnn,07/2015/ttlt-ttcp-nhnn_10,ARTICLE,CONTAIN,
07/2015/ttlt-ttcp-nhnn,07/2015/ttlt-ttcp-nhnn_11,ARTICLE,CONTAIN,
07/2015/ttlt-ttcp-nhnn,07/2015/ttlt-ttcp-nhnn_12,ARTICLE,CONTAIN,
24/2015/tt-nhnn,24/2015/tt-nhnn_1,ARTICLE,CONTAIN,
24/2015/tt-nhnn,24/2015/tt-nhnn_2,ARTICLE,CONTAIN,
24/2015/tt-nhnn,24/2015/tt-nhnn_3,ARTICLE,CONTAIN,
24/2015/tt-nhnn_3,24/2015/tt-nhnn_4,ARTICLE,GUIDE,
24/2015/tt-nhnn,24/2015/tt-nhnn_4,ARTICLE,CONTAIN,
24/2015/tt-nhnn_4,24/2015/tt-nhnn_3,ARTICLE,GUIDE,
24/2015/tt-nhnn,24/2015/tt-nhnn_5,ARTICLE,CONTAIN,
24/2015/tt-nhnn_5,24/2015/tt-nhnn_3,ARTICLE,GUIDE,
24/2015/tt-nhnn,24/2015/tt-nhnn_6,ARTICLE,CONTAIN,
24/2015/tt-nhnn_6,24/2015/tt-nhnn_5,ARTICLE,GUIDE,
24/2015/tt-nhnn,24/2015/tt-nhnn_7,ARTICLE,CONTAIN,
25/2015/tt-nhnn,25/2015/tt-nhnn_1,ARTICLE,CONTAIN,
25/2015/tt-nhnn_1,65/2014/qh13_49,ARTICLE,GUIDE,
25/2015/tt-nhnn,25/2015/tt-nhnn_2,ARTICLE,CONTAIN,
25/2015/tt-nhnn_2,100/2015/NĐ-CP_15,ARTICLE,GUIDE,
25/2015/tt-nhnn_2,100/2015/NĐ-CP_16,ARTICLE,GUIDE,
25/2015/tt-nhnn,25/2015/tt-nhnn_3,ARTICLE,CONTAIN,
25/2015/tt-nhnn,25/2015/tt-nhnn_4,ARTICLE,CONTAIN,
25/2015/tt-nhnn_4,25/2015/tt-nhnn_2,ARTICLE,GUIDE,
25/2015/tt-nhnn,25/2015/tt-nhnn_5,ARTICLE,CONTAIN,
25/2015/tt-nhnn_5,100/2015/NĐ-CP_15,ARTICLE,GUIDE,
25/2015/tt-nhnn_5,100/2015/NĐ-CP_16,ARTICLE,GUIDE,
25/2015/tt-nhnn,25/2015/tt-nhnn_6,ARTICLE,CONTAIN,
25/2015/tt-nhnn,25/2015/tt-nhnn_7,ARTICLE,CONTAIN,
25/2015/tt-nhnn_7,25/2015/tt-nhnn_2,ARTICLE,GUIDE,
25/2015/tt-nhnn,25/2015/tt-nhnn_8,ARTICLE,CONTAIN,
25/2015/tt-nhnn,25/2015/tt-nhnn_9,ARTICLE,CONTAIN,
25/2015/tt-nhnn_9,25/2015/tt-nhnn_2,ARTICLE,GUIDE,
25/2015/tt-nhnn,25/2015/tt-nhnn_10,ARTICLE,CONTAIN,
25/2015/tt-nhnn,25/2015/tt-nhnn_11,ARTICLE,CONTAIN,
25/2015/tt-nhnn,25/2015/tt-nhnn_12,ARTICLE,CONTAIN,
25/2015/tt-nhnn,25/2015/tt-nhnn_13,ARTICLE,CONTAIN,
25/2015/tt-nhnn,25/2015/tt-nhnn_14,ARTICLE,CONTAIN,
25/2015/tt-nhnn,25/2015/tt-nhnn_15,ARTICLE,CONTAIN,
25/2015/tt-nhnn,25/2015/tt-nhnn_16,ARTICLE,CONTAIN,
25/2015/tt-nhnn_16,25/2015/tt-nhnn_2,ARTICLE,GUIDE,
25/2015/tt-nhnn,25/2015/tt-nhnn_17,ARTICLE,CONTAIN,
25/2015/tt-nhnn,25/2015/tt-nhnn_18,ARTICLE,CONTAIN,
26/2015/tt-nhnn,26/2015/tt-nhnn_1,ARTICLE,CONTAIN,
26/2015/tt-nhnn,26/2015/tt-nhnn_2,ARTICLE,CONTAIN,
26/2015/tt-nhnn,26/2015/tt-nhnn_3,ARTICLE,CONTAIN,
26/2015/tt-nhnn_3,26/2015/tt-nhnn_7,ARTICLE,GUIDE,
26/2015/tt-nhnn,26/2015/tt-nhnn_4,ARTICLE,CONTAIN,
26/2015/tt-nhnn_4,26/2015/tt-nhnn_9,ARTICLE,GUIDE,
26/2015/tt-nhnn,26/2015/tt-nhnn_5,ARTICLE,CONTAIN,
26/2015/tt-nhnn_5,26/2015/tt-nhnn_9,ARTICLE,GUIDE,
26/2015/tt-nhnn_5,26/2015/tt-nhnn_7,ARTICLE,GUIDE,
26/2015/tt-nhnn,26/2015/tt-nhnn_6,ARTICLE,CONTAIN,
26/2015/tt-nhnn,26/2015/tt-nhnn_7,ARTICLE,CONTAIN,
26/2015/tt-nhnn_7,26/2015/tt-nhnn_8,ARTICLE,GUIDE,
26/2015/tt-nhnn,26/2015/tt-nhnn_8,ARTICLE,CONTAIN,
26/2015/tt-nhnn_8,65/2014/qh13_17,ARTICLE,GUIDE,
26/2015/tt-nhnn,26/2015/tt-nhnn_9,ARTICLE,CONTAIN,
26/2015/tt-nhnn,26/2015/tt-nhnn_10,ARTICLE,CONTAIN,
26/2015/tt-nhnn,26/2015/tt-nhnn_11,ARTICLE,CONTAIN,
26/2015/tt-nhnn_11,26/2015/tt-nhnn_10,ARTICLE,GUIDE,
26/2015/tt-nhnn,26/2015/tt-nhnn_12,ARTICLE,CONTAIN,
27/2015/tt-nhnn,27/2015/tt-nhnn_1,ARTICLE,CONTAIN,
27/2015/tt-nhnn,27/2015/tt-nhnn_2,ARTICLE,CONTAIN,
27/2015/tt-nhnn_2,75/2015/NĐ-CP_2,ARTICLE,GUIDE,
27/2015/tt-nhnn,27/2015/tt-nhnn_3,ARTICLE,CONTAIN,
27/2015/tt-nhnn_3,27/2015/tt-nhnn_4,ARTICLE,GUIDE,
27/2015/tt-nhnn,27/2015/tt-nhnn_4,ARTICLE,CONTAIN,
27/2015/tt-nhnn_4,75/2015/NĐ-CP_8,ARTICLE,GUIDE,
27/2015/tt-nhnn,27/2015/tt-nhnn_5,ARTICLE,CONTAIN,
27/2015/tt-nhnn,27/2015/tt-nhnn_6,ARTICLE,CONTAIN,
27/2015/tt-nhnn,27/2015/tt-nhnn_7,ARTICLE,CONTAIN,
27/2015/tt-nhnn,27/2015/tt-nhnn_8,ARTICLE,CONTAIN,
27/2015/tt-nhnn,27/2015/tt-nhnn_9,ARTICLE,CONTAIN,
27/2015/tt-nhnn,27/2015/tt-nhnn_10,ARTICLE,CONTAIN,
27/2015/tt-nhnn,27/2015/tt-nhnn_11,ARTICLE,CONTAIN,
28/2015/tt-nhnn,28/2015/tt-nhnn_1,ARTICLE,CONTAIN,
28/2015/tt-nhnn,28/2015/tt-nhnn_2,ARTICLE,CONTAIN,
28/2015/tt-nhnn,28/2015/tt-nhnn_3,ARTICLE,CONTAIN,
28/2015/tt-nhnn_3,28/2015/tt-nhnn_2,ARTICLE,GUIDE,
28/2015/tt-nhnn,28/2015/tt-nhnn_4,ARTICLE,CONTAIN,
28/2015/tt-nhnn,28/2015/tt-nhnn_5,ARTICLE,CONTAIN,
28/2015/tt-nhnn,28/2015/tt-nhnn_6,ARTICLE,CONTAIN,
28/2015/tt-nhnn,28/2015/tt-nhnn_7,ARTICLE,CONTAIN,
28/2015/tt-nhnn,28/2015/tt-nhnn_8,ARTICLE,CONTAIN,
28/2015/tt-nhnn_8,28/2015/tt-nhnn_7,ARTICLE,GUIDE,
28/2015/tt-nhnn,28/2015/tt-nhnn_9,ARTICLE,CONTAIN,
28/2015/tt-nhnn_9,28/2015/tt-nhnn_15,ARTICLE,GUIDE,
28/2015/tt-nhnn,28/2015/tt-nhnn_10,ARTICLE,CONTAIN,
28/2015/tt-nhnn_10,28/2015/tt-nhnn_11,ARTICLE,GUIDE,
28/2015/tt-nhnn,28/2015/tt-nhnn_11,ARTICLE,CONTAIN,
28/2015/tt-nhnn_11,28/2015/tt-nhnn_5,ARTICLE,GUIDE,
28/2015/tt-nhnn,28/2015/tt-nhnn_12,ARTICLE,CONTAIN,
28/2015/tt-nhnn,28/2015/tt-nhnn_13,ARTICLE,CONTAIN,
28/2015/tt-nhnn,28/2015/tt-nhnn_14,ARTICLE,CONTAIN,
28/2015/tt-nhnn_14,28/2015/tt-nhnn_17,ARTICLE,GUIDE,
28/2015/tt-nhnn,28/2015/tt-nhnn_15,ARTICLE,CONTAIN,
28/2015/tt-nhnn,28/2015/tt-nhnn_16,ARTICLE,CONTAIN,
28/2015/tt-nhnn,28/2015/tt-nhnn_17,ARTICLE,CONTAIN,
28/2015/tt-nhnn,28/2015/tt-nhnn_18,ARTICLE,CONTAIN,
28/2015/tt-nhnn,28/2015/tt-nhnn_19,ARTICLE,CONTAIN,
28/2015/tt-nhnn,28/2015/tt-nhnn_20,ARTICLE,CONTAIN,
135/2015/nđ-cp,135/2015/nđ-cp_1,ARTICLE,CONTAIN,
135/2015/nđ-cp,135/2015/nđ-cp_2,ARTICLE,CONTAIN,
135/2015/nđ-cp_2,23/2014/QH13_3,ARTICLE,GUIDE,
135/2015/nđ-cp_2,23/2014/QH13_23,ARTICLE,GUIDE,
135/2015/nđ-cp,135/2015/nđ-cp_3,ARTICLE,CONTAIN,
135/2015/nđ-cp,135/2015/nđ-cp_4,ARTICLE,CONTAIN,
135/2015/nđ-cp,135/2015/nđ-cp_5,ARTICLE,CONTAIN,
135/2015/nđ-cp,135/2015/nđ-cp_6,ARTICLE,CONTAIN,
135/2015/nđ-cp,135/2015/nđ-cp_7,ARTICLE,CONTAIN,
135/2015/nđ-cp,135/2015/nđ-cp_8,ARTICLE,CONTAIN,
135/2015/nđ-cp,135/2015/nđ-cp_9,ARTICLE,CONTAIN,
135/2015/nđ-cp_9,135/2015/nđ-cp_6,ARTICLE,GUIDE,
135/2015/nđ-cp_9,135/2015/nđ-cp_7,ARTICLE,GUIDE,
135/2015/nđ-cp_9,135/2015/nđ-cp_8,ARTICLE,GUIDE,
135/2015/nđ-cp_9,135/2015/nđ-cp_10,ARTICLE,GUIDE,
135/2015/nđ-cp_9,135/2015/nđ-cp_13,ARTICLE,GUIDE,
135/2015/nđ-cp,135/2015/nđ-cp_10,ARTICLE,CONTAIN,
135/2015/nđ-cp,135/2015/nđ-cp_11,ARTICLE,CONTAIN,
135/2015/nđ-cp,135/2015/nđ-cp_12,ARTICLE,CONTAIN,
135/2015/nđ-cp_12,135/2015/nđ-cp_11,ARTICLE,GUIDE,
135/2015/nđ-cp,135/2015/nđ-cp_13,ARTICLE,CONTAIN,
135/2015/nđ-cp,135/2015/nđ-cp_14,ARTICLE,CONTAIN,
135/2015/nđ-cp,135/2015/nđ-cp_15,ARTICLE,CONTAIN,
135/2015/nđ-cp,135/2015/nđ-cp_16,ARTICLE,CONTAIN,
135/2015/nđ-cp,135/2015/nđ-cp_17,ARTICLE,CONTAIN,
135/2015/nđ-cp,135/2015/nđ-cp_18,ARTICLE,CONTAIN,
135/2015/nđ-cp_18,135/2015/nđ-cp_21,ARTICLE,GUIDE,
135/2015/nđ-cp_18,135/2015/nđ-cp_19,ARTICLE,GUIDE,
135/2015/nđ-cp,135/2015/nđ-cp_19,ARTICLE,CONTAIN,
135/2015/nđ-cp_19,135/2015/nđ-cp_8,ARTICLE,GUIDE,
135/2015/nđ-cp,135/2015/nđ-cp_20,ARTICLE,CONTAIN,
135/2015/nđ-cp,135/2015/nđ-cp_21,ARTICLE,CONTAIN,
135/2015/nđ-cp,135/2015/nđ-cp_22,ARTICLE,CONTAIN,
135/2015/nđ-cp_22,135/2015/nđ-cp_19,ARTICLE,GUIDE,
135/2015/nđ-cp,135/2015/nđ-cp_23,ARTICLE,CONTAIN,
135/2015/nđ-cp,135/2015/nđ-cp_24,ARTICLE,CONTAIN,
135/2015/nđ-cp,135/2015/nđ-cp_25,ARTICLE,CONTAIN,
135/2015/nđ-cp,135/2015/nđ-cp_26,ARTICLE,CONTAIN,
135/2015/nđ-cp,135/2015/nđ-cp_27,ARTICLE,CONTAIN,
135/2015/nđ-cp,135/2015/nđ-cp_28,ARTICLE,CONTAIN,
135/2015/nđ-cp,135/2015/nđ-cp_29,ARTICLE,CONTAIN,
135/2015/nđ-cp_29,135/2015/nđ-cp_9,ARTICLE,GUIDE,
135/2015/nđ-cp,135/2015/nđ-cp_30,ARTICLE,CONTAIN,
135/2015/nđ-cp_30,135/2015/nđ-cp_26,ARTICLE,GUIDE,
135/2015/nđ-cp_30,135/2015/nđ-cp_9,ARTICLE,GUIDE,
135/2015/nđ-cp_30,135/2015/nđ-cp_5,ARTICLE,GUIDE,
135/2015/nđ-cp_30,135/2015/nđ-cp_11,ARTICLE,GUIDE,
135/2015/nđ-cp_30,135/2015/nđ-cp_35,ARTICLE,GUIDE,
135/2015/nđ-cp,135/2015/nđ-cp_31,ARTICLE,CONTAIN,
135/2015/nđ-cp_31,135/2015/nđ-cp_35,ARTICLE,GUIDE,
135/2015/nđ-cp_31,135/2015/nđ-cp_26,ARTICLE,GUIDE,
135/2015/nđ-cp,135/2015/nđ-cp_32,ARTICLE,CONTAIN,
135/2015/nđ-cp_32,135/2015/nđ-cp_26,ARTICLE,GUIDE,
135/2015/nđ-cp,135/2015/nđ-cp_33,ARTICLE,CONTAIN,
135/2015/nđ-cp_33,135/2015/NĐ-CP_35,ARTICLE,GUIDE,
135/2015/nđ-cp,135/2015/nđ-cp_34,ARTICLE,CONTAIN,
135/2015/nđ-cp,135/2015/nđ-cp_35,ARTICLE,CONTAIN,
135/2015/nđ-cp,135/2015/nđ-cp_36,ARTICLE,CONTAIN,
135/2015/nđ-cp,135/2015/nđ-cp_37,ARTICLE,CONTAIN,
135/2015/nđ-cp,135/2015/nđ-cp_38,ARTICLE,CONTAIN,
135/2015/nđ-cp,135/2015/nđ-cp_39,ARTICLE,CONTAIN,
22/2015/tt-nhnn,22/2015/tt-nhnn_1,ARTICLE,CONTAIN,
22/2015/tt-nhnn,22/2015/tt-nhnn_2,ARTICLE,CONTAIN,
22/2015/tt-nhnn,22/2015/tt-nhnn_3,ARTICLE,CONTAIN,
22/2015/tt-nhnn,22/2015/tt-nhnn_4,ARTICLE,CONTAIN,
22/2015/tt-nhnn,22/2015/tt-nhnn_5,ARTICLE,CONTAIN,
22/2015/tt-nhnn_5,30/2005/qh11_48,ARTICLE,GUIDE,
22/2015/tt-nhnn_5,30/2005/qh11_52,ARTICLE,GUIDE,
22/2015/tt-nhnn,22/2015/tt-nhnn_6,ARTICLE,CONTAIN,
22/2015/tt-nhnn_6,10/2009/qh12_58,ARTICLE,GUIDE,
22/2015/tt-nhnn,22/2015/tt-nhnn_7,ARTICLE,CONTAIN,
22/2015/tt-nhnn_7,71/2008/qh12_60,ARTICLE,GUIDE,
22/2015/tt-nhnn,22/2015/tt-nhnn_8,ARTICLE,CONTAIN,
22/2015/tt-nhnn_8,22/2015/tt-nhnn_19,ARTICLE,GUIDE,
22/2015/tt-nhnn_8,22/2015/tt-nhnn_7,ARTICLE,GUIDE,
22/2015/tt-nhnn,22/2015/tt-nhnn_9,ARTICLE,CONTAIN,
22/2015/tt-nhnn_9,23/2010/qh12_58,ARTICLE,GUIDE,
22/2015/tt-nhnn_9,23/2010/qh12_59,ARTICLE,GUIDE,
22/2015/tt-nhnn,22/2015/tt-nhnn_10,ARTICLE,CONTAIN,
22/2015/tt-nhnn,22/2015/tt-nhnn_11,ARTICLE,CONTAIN,
22/2015/tt-nhnn,22/2015/tt-nhnn_12,ARTICLE,CONTAIN,
22/2015/tt-nhnn,22/2015/tt-nhnn_13,ARTICLE,CONTAIN,
22/2015/tt-nhnn,22/2015/tt-nhnn_14,ARTICLE,CONTAIN,
22/2015/tt-nhnn,22/2015/tt-nhnn_15,ARTICLE,CONTAIN,
22/2015/tt-nhnn,22/2015/tt-nhnn_16,ARTICLE,CONTAIN,
22/2015/tt-nhnn,22/2015/tt-nhnn_17,ARTICLE,CONTAIN,
22/2015/tt-nhnn,22/2015/tt-nhnn_18,ARTICLE,CONTAIN,
22/2015/tt-nhnn_18,22/2015/tt-nhnn_6,ARTICLE,GUIDE,
22/2015/tt-nhnn,22/2015/tt-nhnn_19,ARTICLE,CONTAIN,
22/2015/tt-nhnn_19,22/2015/tt-nhnn_20,ARTICLE,GUIDE,
22/2015/tt-nhnn,22/2015/tt-nhnn_20,ARTICLE,CONTAIN,
22/2015/tt-nhnn,22/2015/tt-nhnn_21,ARTICLE,CONTAIN,
22/2015/tt-nhnn_21,22/2015/tt-nhnn_19,ARTICLE,GUIDE,
22/2015/tt-nhnn_21,22/2015/tt-nhnn_20,ARTICLE,GUIDE,
22/2015/tt-nhnn,22/2015/tt-nhnn_22,ARTICLE,CONTAIN,
22/2015/tt-nhnn,22/2015/tt-nhnn_23,ARTICLE,CONTAIN,
22/2015/tt-nhnn,22/2015/tt-nhnn_24,ARTICLE,CONTAIN,
22/2015/tt-nhnn,22/2015/tt-nhnn_25,ARTICLE,CONTAIN,
22/2015/tt-nhnn_25,46/2009/qh12_71,ARTICLE,GUIDE,
22/2015/tt-nhnn,22/2015/tt-nhnn_26,ARTICLE,CONTAIN,
22/2015/tt-nhnn,22/2015/tt-nhnn_27,ARTICLE,CONTAIN,
22/2015/tt-nhnn,22/2015/tt-nhnn_28,ARTICLE,CONTAIN,
22/2015/tt-nhnn,22/2015/tt-nhnn_29,ARTICLE,CONTAIN,
29/2015/tt-nhnn,29/2015/tt-nhnn_1,ARTICLE,CONTAIN,
29/2015/tt-nhnn,29/2015/tt-nhnn_2,ARTICLE,CONTAIN,
29/2015/tt-nhnn_2,951/2003/QĐ-NHNN_9,ARTICLE,AMEND,
29/2015/tt-nhnn,29/2015/tt-nhnn_3,ARTICLE,CONTAIN,
29/2015/tt-nhnn_3,17/2004/QĐ-NHNN_8,ARTICLE,AMEND,
29/2015/tt-nhnn,29/2015/tt-nhnn_4,ARTICLE,CONTAIN,
29/2015/tt-nhnn_4,845/2004/QĐ-NHNN_3,ARTICLE,AMEND,
29/2015/tt-nhnn,29/2015/tt-nhnn_5,ARTICLE,CONTAIN,
29/2015/tt-nhnn,29/2015/tt-nhnn_6,ARTICLE,CONTAIN,
29/2015/tt-nhnn_6,21/2008/QĐ-NHNN_7,ARTICLE,AMEND,
29/2015/tt-nhnn,29/2015/tt-nhnn_7,ARTICLE,CONTAIN,
29/2015/tt-nhnn_7,34/2011/tt-nhnn_5,ARTICLE,AMEND,
29/2015/tt-nhnn,29/2015/tt-nhnn_8,ARTICLE,CONTAIN,
29/2015/tt-nhnn_8,45/2011/tt-nhnn_10,ARTICLE,AMEND,
29/2015/tt-nhnn,29/2015/tt-nhnn_9,ARTICLE,CONTAIN,
29/2015/tt-nhnn_9,02/2012/tt-nhnn_6,ARTICLE,AMEND,
29/2015/tt-nhnn,29/2015/tt-nhnn_10,ARTICLE,CONTAIN,
29/2015/tt-nhnn_10,26/2012/tt-nhnn_3,ARTICLE,AMEND,
29/2015/tt-nhnn,29/2015/tt-nhnn_11,ARTICLE,CONTAIN,
29/2015/tt-nhnn_11,06/2013/tt-nhnn_3,ARTICLE,AMEND,
29/2015/tt-nhnn,29/2015/tt-nhnn_12,ARTICLE,CONTAIN,
29/2015/tt-nhnn_12,17/2013/tt-nhnn_10,ARTICLE,AMEND,
29/2015/tt-nhnn_12,17/2013/tt-nhnn_12,ARTICLE,AMEND,
29/2015/tt-nhnn,29/2015/tt-nhnn_13,ARTICLE,CONTAIN,
29/2015/tt-nhnn_13,21/2013/tt-nhnn_5,ARTICLE,AMEND,
29/2015/tt-nhnn,29/2015/tt-nhnn_14,ARTICLE,CONTAIN,
29/2015/tt-nhnn_14,22/2013/tt-nhnn_3,ARTICLE,AMEND,
29/2015/tt-nhnn,29/2015/tt-nhnn_15,ARTICLE,CONTAIN,
29/2015/tt-nhnn_15,34/2013/tt-nhnn_22,ARTICLE,AMEND,
29/2015/tt-nhnn_15,29/2015/tt-nhnn_20,ARTICLE,GUIDE,
29/2015/tt-nhnn,29/2015/tt-nhnn_16,ARTICLE,CONTAIN,
29/2015/tt-nhnn_16,36/2013/TT-NHNN_8,ARTICLE,AMEND,
29/2015/tt-nhnn_16,36/2013/TT-NHNN_11,ARTICLE,AMEND,
29/2015/tt-nhnn_16,36/2013/TT-NHNN_14,ARTICLE,AMEND,
29/2015/tt-nhnn,29/2015/tt-nhnn_17,ARTICLE,CONTAIN,
29/2015/tt-nhnn_17,37/2013/tt-nhnn_7,ARTICLE,AMEND,
29/2015/tt-nhnn_17,37/2013/tt-nhnn_11,ARTICLE,AMEND,
29/2015/tt-nhnn,29/2015/tt-nhnn_18,ARTICLE,CONTAIN,
29/2015/tt-nhnn_18,11/2014/tt-nhnn_5,ARTICLE,AMEND,
29/2015/tt-nhnn,29/2015/tt-nhnn_19,ARTICLE,CONTAIN,
29/2015/tt-nhnn_19,15/2014/tt-nhnn_10,ARTICLE,AMEND,
29/2015/tt-nhnn_19,15/2014/tt-nhnn_11,ARTICLE,AMEND,
29/2015/tt-nhnn_19,15/2014/tt-nhnn_17,ARTICLE,AMEND,
29/2015/tt-nhnn,29/2015/tt-nhnn_20,ARTICLE,CONTAIN,
29/2015/tt-nhnn_20,18/2014/tt-nhnn_5,ARTICLE,AMEND,
29/2015/tt-nhnn,29/2015/tt-nhnn_21,ARTICLE,CONTAIN,
29/2015/tt-nhnn_21,24/2011/tt-nhnn_4,ARTICLE,REPEAL,
29/2015/tt-nhnn_21,25/2011/tt-nhnn_7,ARTICLE,REPEAL,
29/2015/tt-nhnn_21,25/2011/tt-nhnn_8,ARTICLE,REPEAL,
29/2015/tt-nhnn_21,25/2011/tt-nhnn_9,ARTICLE,REPEAL,
29/2015/tt-nhnn_21,25/2011/tt-nhnn_10,ARTICLE,REPEAL,
39/2015/tt-nhnn,39/2015/tt-nhnn_1,ARTICLE,CONTAIN,
39/2015/tt-nhnn,39/2015/tt-nhnn_2,ARTICLE,CONTAIN,
39/2015/tt-nhnn,39/2015/tt-nhnn_3,ARTICLE,CONTAIN,
39/2015/tt-nhnn,39/2015/tt-nhnn_4,ARTICLE,CONTAIN,
39/2015/tt-nhnn,39/2015/tt-nhnn_5,ARTICLE,CONTAIN,
39/2015/tt-nhnn,39/2015/tt-nhnn_6,ARTICLE,CONTAIN,
39/2015/tt-nhnn_6,39/2015/tt-nhnn_7,ARTICLE,GUIDE,
39/2015/tt-nhnn,39/2015/tt-nhnn_7,ARTICLE,CONTAIN,
39/2015/tt-nhnn,39/2015/tt-nhnn_8,ARTICLE,CONTAIN,
39/2015/tt-nhnn,39/2015/tt-nhnn_9,ARTICLE,CONTAIN,
39/2015/tt-nhnn_9,39/2015/tt-nhnn_10,ARTICLE,GUIDE,
39/2015/tt-nhnn,39/2015/tt-nhnn_10,ARTICLE,CONTAIN,
39/2015/tt-nhnn,39/2015/tt-nhnn_11,ARTICLE,CONTAIN,
39/2015/tt-nhnn,39/2015/tt-nhnn_12,ARTICLE,CONTAIN,
40/2015/tt-nhnn,40/2015/tt-nhnn_1,ARTICLE,CONTAIN,
40/2015/tt-nhnn,40/2015/tt-nhnn_2,ARTICLE,CONTAIN,
40/2015/tt-nhnn,40/2015/tt-nhnn_3,ARTICLE,CONTAIN,
40/2015/tt-nhnn,40/2015/tt-nhnn_4,ARTICLE,CONTAIN,
40/2015/tt-nhnn_4,40/2015/tt-nhnn_6,ARTICLE,GUIDE,
40/2015/tt-nhnn,40/2015/tt-nhnn_5,ARTICLE,CONTAIN,
40/2015/tt-nhnn_5,40/2015/tt-nhnn_6,ARTICLE,GUIDE,
40/2015/tt-nhnn,40/2015/tt-nhnn_6,ARTICLE,CONTAIN,
40/2015/tt-nhnn,40/2015/tt-nhnn_7,ARTICLE,CONTAIN,
40/2015/tt-nhnn_7,40/2015/tt-nhnn_4,ARTICLE,GUIDE,
40/2015/tt-nhnn_7,40/2015/tt-nhnn_9,ARTICLE,GUIDE,
40/2015/tt-nhnn,40/2015/tt-nhnn_8,ARTICLE,CONTAIN,
40/2015/tt-nhnn,40/2015/tt-nhnn_9,ARTICLE,CONTAIN,
40/2015/tt-nhnn,40/2015/tt-nhnn_10,ARTICLE,CONTAIN,
40/2015/tt-nhnn,40/2015/tt-nhnn_11,ARTICLE,CONTAIN,
40/2015/tt-nhnn,40/2015/tt-nhnn_12,ARTICLE,CONTAIN,
32/2015/tt-nhnn,32/2015/tt-nhnn_1,ARTICLE,CONTAIN,
32/2015/tt-nhnn,32/2015/tt-nhnn_2,ARTICLE,CONTAIN,
32/2015/tt-nhnn,32/2015/tt-nhnn_3,ARTICLE,CONTAIN,
32/2015/tt-nhnn,32/2015/tt-nhnn_4,ARTICLE,CONTAIN,
32/2015/tt-nhnn_4,32/2015/tt-nhnn_2,ARTICLE,GUIDE,
32/2015/tt-nhnn,32/2015/tt-nhnn_5,ARTICLE,CONTAIN,
32/2015/tt-nhnn,32/2015/tt-nhnn_6,ARTICLE,CONTAIN,
32/2015/tt-nhnn,32/2015/tt-nhnn_7,ARTICLE,CONTAIN,
32/2015/tt-nhnn,32/2015/tt-nhnn_8,ARTICLE,CONTAIN,
32/2015/tt-nhnn_8,32/2015/tt-nhnn_5,ARTICLE,GUIDE,
32/2015/tt-nhnn,32/2015/tt-nhnn_9,ARTICLE,CONTAIN,
32/2015/tt-nhnn,32/2015/tt-nhnn_10,ARTICLE,CONTAIN,
32/2015/tt-nhnn,32/2015/tt-nhnn_11,ARTICLE,CONTAIN,
32/2015/tt-nhnn_11,32/2015/tt-nhnn_12,ARTICLE,GUIDE,
32/2015/tt-nhnn_11,32/2015/tt-nhnn_13,ARTICLE,GUIDE,
32/2015/tt-nhnn,32/2015/tt-nhnn_12,ARTICLE,CONTAIN,
32/2015/tt-nhnn_12,32/2015/tt-nhnn_7,ARTICLE,GUIDE,
32/2015/tt-nhnn,32/2015/tt-nhnn_13,ARTICLE,CONTAIN,
32/2015/tt-nhnn_13,32/2015/tt-nhnn_8,ARTICLE,GUIDE,
32/2015/tt-nhnn,32/2015/tt-nhnn_14,ARTICLE,CONTAIN,
32/2015/tt-nhnn_14,32/2015/tt-nhnn_12,ARTICLE,GUIDE,
32/2015/tt-nhnn,32/2015/tt-nhnn_15,ARTICLE,CONTAIN,
32/2015/tt-nhnn_15,32/2015/tt-nhnn_1,ARTICLE,GUIDE,
32/2015/tt-nhnn_15,32/2015/tt-nhnn_4,ARTICLE,GUIDE,
32/2015/tt-nhnn_15,32/2015/tt-nhnn_12,ARTICLE,GUIDE,
32/2015/tt-nhnn_15,32/2015/tt-nhnn_13,ARTICLE,GUIDE,
32/2015/tt-nhnn,32/2015/tt-nhnn_16,ARTICLE,CONTAIN,
32/2015/tt-nhnn_16,04/2015/tt-nhnn_37,ARTICLE,REPEAL,
32/2015/tt-nhnn,32/2015/tt-nhnn_17,ARTICLE,CONTAIN,
33/2015/tt-nhnn,33/2015/tt-nhnn_1,ARTICLE,CONTAIN,
33/2015/tt-nhnn,33/2015/tt-nhnn_2,ARTICLE,CONTAIN,
33/2015/tt-nhnn,33/2015/tt-nhnn_3,ARTICLE,CONTAIN,
33/2015/tt-nhnn,33/2015/tt-nhnn_4,ARTICLE,CONTAIN,
33/2015/tt-nhnn_4,33/2015/tt-nhnn_5,ARTICLE,GUIDE,
33/2015/tt-nhnn_4,33/2015/tt-nhnn_6,ARTICLE,GUIDE,
33/2015/tt-nhnn,33/2015/tt-nhnn_5,ARTICLE,CONTAIN,
33/2015/tt-nhnn,33/2015/tt-nhnn_6,ARTICLE,CONTAIN,
33/2015/tt-nhnn,33/2015/tt-nhnn_7,ARTICLE,CONTAIN,
33/2015/tt-nhnn,33/2015/tt-nhnn_8,ARTICLE,CONTAIN,
33/2015/tt-nhnn,33/2015/tt-nhnn_9,ARTICLE,CONTAIN,
33/2015/tt-nhnn,33/2015/tt-nhnn_10,ARTICLE,CONTAIN,
33/2015/tt-nhnn,33/2015/tt-nhnn_11,ARTICLE,CONTAIN,
33/2015/tt-nhnn_11,33/2015/tt-nhnn_1,ARTICLE,GUIDE,
33/2015/tt-nhnn,33/2015/tt-nhnn_12,ARTICLE,CONTAIN,
33/2015/tt-nhnn,33/2015/tt-nhnn_13,ARTICLE,CONTAIN,
35/2015/tt-nhnn,35/2015/tt-nhnn_1,ARTICLE,CONTAIN,
35/2015/tt-nhnn,35/2015/tt-nhnn_2,ARTICLE,CONTAIN,
35/2015/tt-nhnn,35/2015/tt-nhnn_3,ARTICLE,CONTAIN,
35/2015/tt-nhnn,35/2015/tt-nhnn_4,ARTICLE,CONTAIN,
35/2015/tt-nhnn_4,35/2015/tt-nhnn_11,ARTICLE,GUIDE,
35/2015/tt-nhnn,35/2015/tt-nhnn_5,ARTICLE,CONTAIN,
35/2015/tt-nhnn,35/2015/tt-nhnn_6,ARTICLE,CONTAIN,
35/2015/tt-nhnn_6,35/2015/tt-nhnn_8,ARTICLE,GUIDE,
35/2015/tt-nhnn,35/2015/tt-nhnn_7,ARTICLE,CONTAIN,
35/2015/tt-nhnn,35/2015/tt-nhnn_8,ARTICLE,CONTAIN,
35/2015/tt-nhnn_8,35/2015/tt-nhnn_4,ARTICLE,GUIDE,
35/2015/tt-nhnn,35/2015/tt-nhnn_9,ARTICLE,CONTAIN,
35/2015/tt-nhnn,35/2015/tt-nhnn_10,ARTICLE,CONTAIN,
35/2015/tt-nhnn,35/2015/tt-nhnn_11,ARTICLE,CONTAIN,
35/2015/tt-nhnn_11,35/2015/tt-nhnn_6,ARTICLE,GUIDE,
35/2015/tt-nhnn_11,35/2015/tt-nhnn_8,ARTICLE,GUIDE,
35/2015/tt-nhnn,35/2015/tt-nhnn_12,ARTICLE,CONTAIN,
35/2015/tt-nhnn_12,35/2015/tt-nhnn_11,ARTICLE,GUIDE,
35/2015/tt-nhnn,35/2015/tt-nhnn_13,ARTICLE,CONTAIN,
35/2015/tt-nhnn,35/2015/tt-nhnn_14,ARTICLE,CONTAIN,
35/2015/tt-nhnn,35/2015/tt-nhnn_15,ARTICLE,CONTAIN,
35/2015/tt-nhnn_15,35/2015/tt-nhnn_12,ARTICLE,GUIDE,
35/2015/tt-nhnn,35/2015/tt-nhnn_16,ARTICLE,CONTAIN,
35/2015/tt-nhnn_16,35/2015/tt-nhnn_15,ARTICLE,GUIDE,
35/2015/tt-nhnn,35/2015/tt-nhnn_17,ARTICLE,CONTAIN,
35/2015/tt-nhnn,35/2015/tt-nhnn_18,ARTICLE,CONTAIN,
35/2015/tt-nhnn_18,35/2015/tt-nhnn_15,ARTICLE,GUIDE,
35/2015/tt-nhnn_18,35/2015/tt-nhnn_16,ARTICLE,GUIDE,
35/2015/tt-nhnn,35/2015/tt-nhnn_19,ARTICLE,CONTAIN,
35/2015/tt-nhnn,35/2015/tt-nhnn_20,ARTICLE,CONTAIN,
35/2015/tt-nhnn,35/2015/tt-nhnn_21,ARTICLE,CONTAIN,
35/2015/tt-nhnn,35/2015/tt-nhnn_22,ARTICLE,CONTAIN,
35/2015/tt-nhnn,35/2015/tt-nhnn_23,ARTICLE,CONTAIN,
35/2015/tt-nhnn,35/2015/tt-nhnn_24,ARTICLE,CONTAIN,
34/2015/tt-nhnn,34/2015/tt-nhnn_1,ARTICLE,CONTAIN,
34/2015/tt-nhnn,34/2015/tt-nhnn_2,ARTICLE,CONTAIN,
34/2015/tt-nhnn,34/2015/tt-nhnn_3,ARTICLE,CONTAIN,
34/2015/tt-nhnn,34/2015/tt-nhnn_4,ARTICLE,CONTAIN,
34/2015/tt-nhnn,34/2015/tt-nhnn_5,ARTICLE,CONTAIN,
34/2015/tt-nhnn_5,34/2015/tt-nhnn_11,ARTICLE,GUIDE,
34/2015/tt-nhnn_5,34/2015/tt-nhnn_12,ARTICLE,GUIDE,
34/2015/tt-nhnn_5,34/2015/tt-nhnn_14,ARTICLE,GUIDE,
34/2015/tt-nhnn_5,34/2015/tt-nhnn_15,ARTICLE,GUIDE,
34/2015/tt-nhnn,34/2015/tt-nhnn_6,ARTICLE,CONTAIN,
34/2015/tt-nhnn,34/2015/tt-nhnn_7,ARTICLE,CONTAIN,
34/2015/tt-nhnn,34/2015/tt-nhnn_8,ARTICLE,CONTAIN,
34/2015/tt-nhnn,34/2015/tt-nhnn_9,ARTICLE,CONTAIN,
34/2015/tt-nhnn,34/2015/tt-nhnn_10,ARTICLE,CONTAIN,
34/2015/tt-nhnn_10,34/2015/tt-nhnn_22,ARTICLE,GUIDE,
34/2015/tt-nhnn,34/2015/tt-nhnn_11,ARTICLE,CONTAIN,
34/2015/tt-nhnn_11,34/2015/tt-nhnn_5,ARTICLE,GUIDE,
34/2015/tt-nhnn,34/2015/tt-nhnn_12,ARTICLE,CONTAIN,
34/2015/tt-nhnn_12,34/2015/tt-nhnn_11,ARTICLE,GUIDE,
34/2015/tt-nhnn,34/2015/tt-nhnn_13,ARTICLE,CONTAIN,
34/2015/tt-nhnn_13,34/2015/tt-nhnn_22,ARTICLE,GUIDE,
34/2015/tt-nhnn,34/2015/tt-nhnn_14,ARTICLE,CONTAIN,
34/2015/tt-nhnn,34/2015/tt-nhnn_15,ARTICLE,CONTAIN,
34/2015/tt-nhnn_15,34/2015/tt-nhnn_14,ARTICLE,GUIDE,
34/2015/tt-nhnn,34/2015/tt-nhnn_16,ARTICLE,CONTAIN,
34/2015/tt-nhnn,34/2015/tt-nhnn_17,ARTICLE,CONTAIN,
34/2015/tt-nhnn,34/2015/tt-nhnn_18,ARTICLE,CONTAIN,
34/2015/tt-nhnn,34/2015/tt-nhnn_19,ARTICLE,CONTAIN,
34/2015/tt-nhnn,34/2015/tt-nhnn_20,ARTICLE,CONTAIN,
34/2015/tt-nhnn,34/2015/tt-nhnn_21,ARTICLE,CONTAIN,
34/2015/tt-nhnn_21,34/2015/tt-nhnn_23,ARTICLE,GUIDE,
34/2015/tt-nhnn,34/2015/tt-nhnn_22,ARTICLE,CONTAIN,
34/2015/tt-nhnn_22,34/2015/tt-nhnn_23,ARTICLE,GUIDE,
34/2015/tt-nhnn,34/2015/tt-nhnn_23,ARTICLE,CONTAIN,
34/2015/tt-nhnn_23,34/2015/tt-nhnn_10,ARTICLE,GUIDE,
34/2015/tt-nhnn_23,34/2015/tt-nhnn_11,ARTICLE,GUIDE,
34/2015/tt-nhnn_23,34/2015/tt-nhnn_12,ARTICLE,GUIDE,
34/2015/tt-nhnn_23,34/2015/tt-nhnn_13,ARTICLE,GUIDE,
34/2015/tt-nhnn_23,34/2015/tt-nhnn_14,ARTICLE,GUIDE,
34/2015/tt-nhnn,34/2015/tt-nhnn_24,ARTICLE,CONTAIN,
34/2015/tt-nhnn,34/2015/tt-nhnn_25,ARTICLE,CONTAIN,
34/2015/tt-nhnn_25,25/2011/TT-NHNN_4,ARTICLE,REPEAL,
34/2015/tt-nhnn_25,25/2011/TT-NHNN_12,ARTICLE,REPEAL,
01/2016/tt-nhnn,01/2016/tt-nhnn_1,ARTICLE,CONTAIN,
01/2016/tt-nhnn,01/2016/tt-nhnn_2,ARTICLE,CONTAIN,
01/2016/tt-nhnn_2,111/2015/NĐ-CP_11,ARTICLE,GUIDE,
01/2016/tt-nhnn,01/2016/tt-nhnn_3,ARTICLE,CONTAIN,
01/2016/tt-nhnn_3,111/2015/NĐ-CP_12,ARTICLE,GUIDE,
01/2016/tt-nhnn,01/2016/tt-nhnn_4,ARTICLE,CONTAIN,
01/2016/tt-nhnn_4,01/2016/tt-nhnn,ARTICLE,GUIDE,
01/2016/tt-nhnn_4,111/2015/NĐ-CP_11,ARTICLE,GUIDE,
01/2016/tt-nhnn,01/2016/tt-nhnn_5,ARTICLE,CONTAIN,
01/2016/tt-nhnn_5,01/2016/tt-nhnn_3,ARTICLE,GUIDE,
01/2016/tt-nhnn,01/2016/tt-nhnn_6,ARTICLE,CONTAIN,
01/2016/tt-nhnn,01/2016/tt-nhnn_7,ARTICLE,CONTAIN,
01/2016/tt-nhnn,01/2016/tt-nhnn_8,ARTICLE,CONTAIN,
01/2016/tt-nhnn,01/2016/tt-nhnn_9,ARTICLE,CONTAIN,
01/2016/tt-nhnn_9,01/2016/tt-nhnn_3,ARTICLE,GUIDE,
01/2016/tt-nhnn,01/2016/tt-nhnn_10,ARTICLE,CONTAIN,
01/2016/tt-nhnn,01/2016/tt-nhnn_11,ARTICLE,CONTAIN,
02/2016/tt-nhnn,02/2016/tt-nhnn_1,ARTICLE,CONTAIN,
02/2016/tt-nhnn,02/2016/tt-nhnn_2,ARTICLE,CONTAIN,
02/2016/tt-nhnn_2,02/2016/tt-nhnn_5,ARTICLE,GUIDE,
02/2016/tt-nhnn,02/2016/tt-nhnn_3,ARTICLE,CONTAIN,
02/2016/tt-nhnn,02/2016/tt-nhnn_4,ARTICLE,CONTAIN,
02/2016/tt-nhnn_4,02/2016/tt-nhnn_3,ARTICLE,GUIDE,
02/2016/tt-nhnn,02/2016/tt-nhnn_5,ARTICLE,CONTAIN,
02/2016/tt-nhnn,02/2016/tt-nhnn_6,ARTICLE,CONTAIN,
02/2016/tt-nhnn_6,02/2016/tt-nhnn_7,ARTICLE,GUIDE,
02/2016/tt-nhnn,02/2016/tt-nhnn_7,ARTICLE,CONTAIN,
02/2016/tt-nhnn,02/2016/tt-nhnn_8,ARTICLE,CONTAIN,
02/2016/tt-nhnn,02/2016/tt-nhnn_9,ARTICLE,CONTAIN,
02/2016/tt-nhnn,02/2016/tt-nhnn_10,ARTICLE,CONTAIN,
02/2016/tt-nhnn,02/2016/tt-nhnn_11,ARTICLE,CONTAIN,
02/2016/tt-nhnn,02/2016/tt-nhnn_12,ARTICLE,CONTAIN,
02/2016/tt-nhnn,02/2016/tt-nhnn_13,ARTICLE,CONTAIN,
02/2016/tt-nhnn,02/2016/tt-nhnn_14,ARTICLE,CONTAIN,
02/2016/tt-nhnn,02/2016/tt-nhnn_15,ARTICLE,CONTAIN,
02/2016/tt-nhnn_15,02/2016/tt-nhnn_3,ARTICLE,GUIDE,
02/2016/tt-nhnn,02/2016/tt-nhnn_16,ARTICLE,CONTAIN,
42/2015/tt-nhnn,42/2015/tt-nhnn_1,ARTICLE,CONTAIN,
42/2015/tt-nhnn,42/2015/tt-nhnn_2,ARTICLE,CONTAIN,
42/2015/tt-nhnn,42/2015/tt-nhnn_3,ARTICLE,CONTAIN,
42/2015/tt-nhnn,42/2015/tt-nhnn_4,ARTICLE,CONTAIN,
42/2015/tt-nhnn,42/2015/tt-nhnn_5,ARTICLE,CONTAIN,
42/2015/tt-nhnn,42/2015/tt-nhnn_6,ARTICLE,CONTAIN,
42/2015/tt-nhnn_6,42/2015/tt-nhnn_5,ARTICLE,GUIDE,
42/2015/tt-nhnn_6,42/2015/tt-nhnn_7,ARTICLE,GUIDE,
42/2015/tt-nhnn,42/2015/tt-nhnn_7,ARTICLE,CONTAIN,
42/2015/tt-nhnn,42/2015/tt-nhnn_8,ARTICLE,CONTAIN,
42/2015/tt-nhnn,42/2015/tt-nhnn_9,ARTICLE,CONTAIN,
42/2015/tt-nhnn,42/2015/tt-nhnn_10,ARTICLE,CONTAIN,
42/2015/tt-nhnn,42/2015/tt-nhnn_11,ARTICLE,CONTAIN,
42/2015/tt-nhnn,42/2015/tt-nhnn_12,ARTICLE,CONTAIN,
42/2015/tt-nhnn,42/2015/tt-nhnn_13,ARTICLE,CONTAIN,
42/2015/tt-nhnn,42/2015/tt-nhnn_14,ARTICLE,CONTAIN,
42/2015/tt-nhnn,42/2015/tt-nhnn_15,ARTICLE,CONTAIN,
42/2015/tt-nhnn,42/2015/tt-nhnn_16,ARTICLE,CONTAIN,
42/2015/tt-nhnn,42/2015/tt-nhnn_17,ARTICLE,CONTAIN,
42/2015/tt-nhnn,42/2015/tt-nhnn_18,ARTICLE,CONTAIN,
42/2015/tt-nhnn,42/2015/tt-nhnn_19,ARTICLE,CONTAIN,
42/2015/tt-nhnn,42/2015/tt-nhnn_20,ARTICLE,CONTAIN,
42/2015/tt-nhnn,42/2015/tt-nhnn_21,ARTICLE,CONTAIN,
42/2015/tt-nhnn,42/2015/tt-nhnn_22,ARTICLE,CONTAIN,
42/2015/tt-nhnn,42/2015/tt-nhnn_23,ARTICLE,CONTAIN,
42/2015/tt-nhnn_23,42/2015/tt-nhnn_14,ARTICLE,GUIDE,
42/2015/tt-nhnn_23,42/2015/tt-nhnn_19,ARTICLE,GUIDE,
42/2015/tt-nhnn,42/2015/tt-nhnn_24,ARTICLE,CONTAIN,
42/2015/tt-nhnn,42/2015/tt-nhnn_25,ARTICLE,CONTAIN,
42/2015/tt-nhnn,42/2015/tt-nhnn_26,ARTICLE,CONTAIN,
42/2015/tt-nhnn,42/2015/tt-nhnn_27,ARTICLE,CONTAIN,
42/2015/tt-nhnn_27,26/2011/tt-nhnn_2,ARTICLE,REPEAL,
42/2015/tt-nhnn_27,362/1999/qđ-nhnn1_12,ARTICLE,REPEAL,
42/2015/tt-nhnn,42/2015/tt-nhnn_28,ARTICLE,CONTAIN,
42/2015/tt-nhnn,42/2015/tt-nhnn_29,ARTICLE,CONTAIN,
43/2015/tt-nhnn,43/2015/tt-nhnn_1,ARTICLE,CONTAIN,
43/2015/tt-nhnn,43/2015/tt-nhnn_2,ARTICLE,CONTAIN,
43/2015/tt-nhnn,43/2015/tt-nhnn_3,ARTICLE,CONTAIN,
43/2015/tt-nhnn_3,43/2015/tt-nhnn_7,ARTICLE,GUIDE,
43/2015/tt-nhnn,43/2015/tt-nhnn_4,ARTICLE,CONTAIN,
43/2015/tt-nhnn,43/2015/tt-nhnn_5,ARTICLE,CONTAIN,
43/2015/tt-nhnn,43/2015/tt-nhnn_6,ARTICLE,CONTAIN,
43/2015/tt-nhnn,43/2015/tt-nhnn_7,ARTICLE,CONTAIN,
43/2015/tt-nhnn,43/2015/tt-nhnn_8,ARTICLE,CONTAIN,
43/2015/tt-nhnn,43/2015/tt-nhnn_9,ARTICLE,CONTAIN,
43/2015/tt-nhnn_9,43/2015/tt-nhnn_5,ARTICLE,GUIDE,
43/2015/tt-nhnn,43/2015/tt-nhnn_10,ARTICLE,CONTAIN,
43/2015/tt-nhnn_10,43/2015/tt-nhnn_5,ARTICLE,GUIDE,
43/2015/tt-nhnn_10,43/2015/tt-nhnn_8,ARTICLE,GUIDE,
43/2015/tt-nhnn,43/2015/tt-nhnn_11,ARTICLE,CONTAIN,
43/2015/tt-nhnn,43/2015/tt-nhnn_12,ARTICLE,CONTAIN,
43/2015/tt-nhnn,43/2015/tt-nhnn_13,ARTICLE,CONTAIN,
43/2015/tt-nhnn,43/2015/tt-nhnn_14,ARTICLE,CONTAIN,
43/2015/tt-nhnn,43/2015/tt-nhnn_15,ARTICLE,CONTAIN,
43/2015/tt-nhnn_15,43/2015/tt-nhnn_7,ARTICLE,GUIDE,
43/2015/tt-nhnn,43/2015/tt-nhnn_16,ARTICLE,CONTAIN,
43/2015/tt-nhnn_16,43/2015/tt-nhnn_12,ARTICLE,GUIDE,
43/2015/tt-nhnn,43/2015/tt-nhnn_17,ARTICLE,CONTAIN,
43/2015/tt-nhnn_17,43/2015/tt-nhnn_5,ARTICLE,GUIDE,
43/2015/tt-nhnn,43/2015/tt-nhnn_18,ARTICLE,CONTAIN,
43/2015/tt-nhnn,43/2015/tt-nhnn_19,ARTICLE,CONTAIN,
43/2015/tt-nhnn,43/2015/tt-nhnn_20,ARTICLE,CONTAIN,
43/2015/tt-nhnn,43/2015/tt-nhnn_21,ARTICLE,CONTAIN,
43/2015/tt-nhnn,43/2015/tt-nhnn_22,ARTICLE,CONTAIN,
18/2016/nđ-cp,18/2016/nđ-cp_1,ARTICLE,CONTAIN,
18/2016/nđ-cp_1,53/2013/NĐ-CP_13,ARTICLE,AMEND,
18/2016/nđ-cp_1,53/2013/NĐ-CP_14,ARTICLE,AMEND,
18/2016/nđ-cp_1,53/2013/NĐ-CP_20,ARTICLE,AMEND,
18/2016/nđ-cp,18/2016/nđ-cp_2,ARTICLE,CONTAIN,
18/2016/nđ-cp_2,34/2015/NĐ-CP_1,ARTICLE,REPEAL,
18/2016/nđ-cp,18/2016/nđ-cp_3,ARTICLE,CONTAIN,
19/2009/tt-nhnn,19/2009/tt-nhnn_1,ARTICLE,CONTAIN,
19/2009/tt-nhnn,19/2009/tt-nhnn_2,ARTICLE,CONTAIN,
19/2009/tt-nhnn,19/2009/tt-nhnn_3,ARTICLE,CONTAIN,
19/2009/tt-nhnn_3,160/2006/NĐ-CP_30,ARTICLE,GUIDE,
19/2009/tt-nhnn,19/2009/tt-nhnn_4,ARTICLE,CONTAIN,
19/2009/tt-nhnn,19/2009/tt-nhnn_5,ARTICLE,CONTAIN,
738/2004/qđ-nhnn,738/2004/qđ-nhnn_1,ARTICLE,CONTAIN,
738/2004/qđ-nhnn,738/2004/qđ-nhnn_2,ARTICLE,CONTAIN,
738/2004/qđ-nhnn,738/2004/qđ-nhnn_3,ARTICLE,CONTAIN,
738/2004/qđ-nhnn,738/2004/qđ-nhnn_4,ARTICLE,CONTAIN,
738/2004/qđ-nhnn,738/2004/qđ-nhnn_5,ARTICLE,CONTAIN,
738/2004/qđ-nhnn,738/2004/qđ-nhnn_6,ARTICLE,CONTAIN,
738/2004/qđ-nhnn,738/2004/qđ-nhnn_7,ARTICLE,CONTAIN,
738/2004/qđ-nhnn,738/2004/qđ-nhnn_8,ARTICLE,CONTAIN,
738/2004/qđ-nhnn,738/2004/qđ-nhnn_9,ARTICLE,CONTAIN,
738/2004/qđ-nhnn,738/2004/qđ-nhnn_10,ARTICLE,CONTAIN,
738/2004/qđ-nhnn,738/2004/qđ-nhnn_11,ARTICLE,CONTAIN,
738/2004/qđ-nhnn,738/2004/qđ-nhnn_12,ARTICLE,CONTAIN,
1630/2003/qđ-nhnn,1630/2003/qđ-nhnn_1,ARTICLE,CONTAIN,
1630/2003/qđ-nhnn,1630/2003/qđ-nhnn_2,ARTICLE,CONTAIN,
1630/2003/qđ-nhnn,1630/2003/qđ-nhnn_3,ARTICLE,CONTAIN,
1630/2003/qđ-nhnn,1630/2003/qđ-nhnn_4,ARTICLE,CONTAIN,
1630/2003/qđ-nhnn,1630/2003/qđ-nhnn_5,ARTICLE,CONTAIN,
1630/2003/qđ-nhnn,1630/2003/qđ-nhnn_6,ARTICLE,CONTAIN,
1630/2003/qđ-nhnn,1630/2003/qđ-nhnn_7,ARTICLE,CONTAIN,
1630/2003/qđ-nhnn,1630/2003/qđ-nhnn_8,ARTICLE,CONTAIN,
1630/2003/qđ-nhnn,1630/2003/qđ-nhnn_9,ARTICLE,CONTAIN,
1630/2003/qđ-nhnn,1630/2003/qđ-nhnn_10,ARTICLE,CONTAIN,
1630/2003/qđ-nhnn,1630/2003/qđ-nhnn_11,ARTICLE,CONTAIN,
1630/2003/qđ-nhnn,1630/2003/qđ-nhnn_12,ARTICLE,CONTAIN,
1630/2003/qđ-nhnn,1630/2003/qđ-nhnn_13,ARTICLE,CONTAIN,
1630/2003/qđ-nhnn,1630/2003/qđ-nhnn_14,ARTICLE,CONTAIN,
1630/2003/qđ-nhnn,1630/2003/qđ-nhnn_15,ARTICLE,CONTAIN,
1630/2003/qđ-nhnn,1630/2003/qđ-nhnn_16,ARTICLE,CONTAIN,
1630/2003/qđ-nhnn,1630/2003/qđ-nhnn_17,ARTICLE,CONTAIN,
1630/2003/qđ-nhnn,1630/2003/qđ-nhnn_18,ARTICLE,CONTAIN,
1630/2003/qđ-nhnn,1630/2003/qđ-nhnn_19,ARTICLE,CONTAIN,
1630/2003/qđ-nhnn,1630/2003/qđ-nhnn_20,ARTICLE,CONTAIN,
1630/2003/qđ-nhnn,1630/2003/qđ-nhnn_21,ARTICLE,CONTAIN,
1630/2003/qđ-nhnn,1630/2003/qđ-nhnn_22,ARTICLE,CONTAIN,
1630/2003/qđ-nhnn,1630/2003/qđ-nhnn_23,ARTICLE,CONTAIN,
1630/2003/qđ-nhnn,1630/2003/qđ-nhnn_24,ARTICLE,CONTAIN,
1630/2003/qđ-nhnn,1630/2003/qđ-nhnn_25,ARTICLE,CONTAIN,
1630/2003/qđ-nhnn_25,1630/2003/qđ-nhnn_12,ARTICLE,GUIDE,
1630/2003/qđ-nhnn_25,1630/2003/qđ-nhnn_13,ARTICLE,GUIDE,
1630/2003/qđ-nhnn_25,1630/2003/qđ-nhnn_15,ARTICLE,GUIDE,
1630/2003/qđ-nhnn_25,1630/2003/qđ-nhnn_16,ARTICLE,GUIDE,
1630/2003/qđ-nhnn_25,1630/2003/qđ-nhnn_17,ARTICLE,GUIDE,
1630/2003/qđ-nhnn_25,1630/2003/qđ-nhnn_18,ARTICLE,GUIDE,
1630/2003/qđ-nhnn_25,1630/2003/qđ-nhnn_19,ARTICLE,GUIDE,
1456/qđ-ttg,1456/qđ-ttg_1,ARTICLE,CONTAIN,
1456/qđ-ttg,1456/qđ-ttg_2,ARTICLE,CONTAIN,
1456/qđ-ttg,1456/qđ-ttg_3,ARTICLE,CONTAIN,
1456/qđ-ttg,1456/qđ-ttg_4,ARTICLE,CONTAIN,
1456/qđ-ttg,1456/qđ-ttg_5,ARTICLE,CONTAIN,
1509/2003/qđ-nhnn,1509/2003/qđ-nhnn_1,ARTICLE,CONTAIN,
1509/2003/qđ-nhnn,1509/2003/qđ-nhnn_2,ARTICLE,CONTAIN,
1509/2003/qđ-nhnn,1509/2003/qđ-nhnn_3,ARTICLE,CONTAIN,
1509/2003/qđ-nhnn,1509/2003/qđ-nhnn_4,ARTICLE,CONTAIN,
1509/2003/qđ-nhnn,1509/2003/qđ-nhnn_5,ARTICLE,CONTAIN,
1509/2003/qđ-nhnn,1509/2003/qđ-nhnn_6,ARTICLE,CONTAIN,
1509/2003/qđ-nhnn,1509/2003/qđ-nhnn_7,ARTICLE,CONTAIN,
1509/2003/qđ-nhnn,1509/2003/qđ-nhnn_8,ARTICLE,CONTAIN,
1509/2003/qđ-nhnn,1509/2003/qđ-nhnn_9,ARTICLE,CONTAIN,
1509/2003/qđ-nhnn,1509/2003/qđ-nhnn_10,ARTICLE,CONTAIN,
1509/2003/qđ-nhnn_10,1509/2003/qđ-nhnn_8,ARTICLE,GUIDE,
1509/2003/qđ-nhnn_10,1509/2003/qđ-nhnn_9,ARTICLE,GUIDE,
1509/2003/qđ-nhnn_10,1509/2003/qđ-nhnn_4,ARTICLE,GUIDE,
1509/2003/qđ-nhnn,1509/2003/qđ-nhnn_11,ARTICLE,CONTAIN,
1509/2003/qđ-nhnn,1509/2003/qđ-nhnn_12,ARTICLE,CONTAIN,
1509/2003/qđ-nhnn,1509/2003/qđ-nhnn_13,ARTICLE,CONTAIN,
1509/2003/qđ-nhnn,1509/2003/qđ-nhnn_14,ARTICLE,CONTAIN,
1509/2003/qđ-nhnn,1509/2003/qđ-nhnn_15,ARTICLE,CONTAIN,
1509/2003/qđ-nhnn,1509/2003/qđ-nhnn_16,ARTICLE,CONTAIN,
1509/2003/qđ-nhnn_16,1509/2003/qđ-nhnn_9,ARTICLE,GUIDE,
1509/2003/qđ-nhnn,1509/2003/qđ-nhnn_17,ARTICLE,CONTAIN,
1509/2003/qđ-nhnn,1509/2003/qđ-nhnn_18,ARTICLE,CONTAIN,
55/2003/qđ-nhnn,55/2003/qđ-nhnn_1,ARTICLE,CONTAIN,
55/2003/qđ-nhnn,55/2003/qđ-nhnn_2,ARTICLE,CONTAIN,
55/2003/qđ-nhnn,55/2003/qđ-nhnn_3,ARTICLE,CONTAIN,
55/2003/qđ-nhnn,55/2003/qđ-nhnn_4,ARTICLE,CONTAIN,
55/2003/qđ-nhnn,55/2003/qđ-nhnn_5,ARTICLE,CONTAIN,
55/2003/qđ-nhnn,55/2003/qđ-nhnn_6,ARTICLE,CONTAIN,
55/2003/qđ-nhnn,55/2003/qđ-nhnn_7,ARTICLE,CONTAIN,
55/2003/qđ-nhnn,55/2003/qđ-nhnn_8,ARTICLE,CONTAIN,
55/2003/qđ-nhnn,55/2003/qđ-nhnn_9,ARTICLE,CONTAIN,
55/2003/qđ-nhnn,55/2003/qđ-nhnn_10,ARTICLE,CONTAIN,
55/2003/qđ-nhnn,55/2003/qđ-nhnn_11,ARTICLE,CONTAIN,
17/2009/tt-nhnn,17/2009/tt-nhnn_1,ARTICLE,CONTAIN,
17/2009/tt-nhnn,17/2009/tt-nhnn_2,ARTICLE,CONTAIN,
17/2009/tt-nhnn,17/2009/tt-nhnn_3,ARTICLE,CONTAIN,
235/2002/qđ-nhnn,235/2002/qđ-nhnn_2,ARTICLE,CONTAIN,
235/2002/qđ-nhnn,235/2002/qđ-nhnn_3,ARTICLE,CONTAIN,
718/2001/qđ-nhnn,718/2001/qđ-nhnn_1,ARTICLE,CONTAIN,
718/2001/qđ-nhnn_1,241/2000/QĐ-NHNN1_3,ARTICLE,REPEAL,
718/2001/qđ-nhnn,718/2001/qđ-nhnn_2,ARTICLE,CONTAIN,
718/2001/qđ-nhnn,718/2001/qđ-nhnn_3,ARTICLE,CONTAIN,
493/2000/qđ-nhnn21,493/2000/qđ-nhnn21_3,ARTICLE,CONTAIN,
1380/2002/qđ-nhnn,1380/2002/qđ-nhnn_1,ARTICLE,CONTAIN,
1380/2002/qđ-nhnn,1380/2002/qđ-nhnn_2,ARTICLE,CONTAIN,
1380/2002/qđ-nhnn,1380/2002/qđ-nhnn_3,ARTICLE,CONTAIN,
1380/2002/qđ-nhnn,1380/2002/qđ-nhnn_4,ARTICLE,CONTAIN,
1510/2001/qđ-nhnn,1510/2001/qđ-nhnn_1,ARTICLE,CONTAIN,
1510/2001/qđ-nhnn,1510/2001/qđ-nhnn_2,ARTICLE,CONTAIN,
1510/2001/qđ-nhnn,1510/2001/qđ-nhnn_3,ARTICLE,CONTAIN,
1510/2001/qđ-nhnn,1510/2001/qđ-nhnn_4,ARTICLE,CONTAIN,
1048/2004/qđ-nhnn,1048/2004/qđ-nhnn_1,ARTICLE,CONTAIN,
1048/2004/qđ-nhnn,1048/2004/qđ-nhnn_2,ARTICLE,CONTAIN,
1048/2004/qđ-nhnn,1048/2004/qđ-nhnn_3,ARTICLE,CONTAIN,
19/2003/qđ-nhnn,19/2003/qđ-nhnn_1,ARTICLE,CONTAIN,
19/2003/qđ-nhnn,19/2003/qđ-nhnn_2,ARTICLE,CONTAIN,
19/2003/qđ-nhnn,19/2003/qđ-nhnn_3,ARTICLE,CONTAIN,
19/2003/qđ-nhnn,19/2003/qđ-nhnn_4,ARTICLE,CONTAIN,
19/2003/qđ-nhnn,19/2003/qđ-nhnn_5,ARTICLE,CONTAIN,
19/2003/qđ-nhnn,19/2003/qđ-nhnn_6,ARTICLE,CONTAIN,
19/2003/qđ-nhnn,19/2003/qđ-nhnn_7,ARTICLE,CONTAIN,
19/2003/qđ-nhnn,19/2003/qđ-nhnn_8,ARTICLE,CONTAIN,
19/2003/qđ-nhnn,19/2003/qđ-nhnn_9,ARTICLE,CONTAIN,
19/2003/qđ-nhnn,19/2003/qđ-nhnn_10,ARTICLE,CONTAIN,
19/2003/qđ-nhnn,19/2003/qđ-nhnn_11,ARTICLE,CONTAIN,
19/2003/qđ-nhnn,19/2003/qđ-nhnn_12,ARTICLE,CONTAIN,
19/2003/qđ-nhnn,19/2003/qđ-nhnn_13,ARTICLE,CONTAIN,
19/2003/qđ-nhnn,19/2003/qđ-nhnn_14,ARTICLE,CONTAIN,
19/2003/qđ-nhnn,19/2003/qđ-nhnn_15,ARTICLE,CONTAIN,
19/2003/qđ-nhnn,19/2003/qđ-nhnn_16,ARTICLE,CONTAIN,
19/2003/qđ-nhnn,19/2003/qđ-nhnn_17,ARTICLE,CONTAIN,
19/2003/qđ-nhnn,19/2003/qđ-nhnn_18,ARTICLE,CONTAIN,
19/2003/qđ-nhnn,19/2003/qđ-nhnn_19,ARTICLE,CONTAIN,
19/2003/qđ-nhnn,19/2003/qđ-nhnn_20,ARTICLE,CONTAIN,
19/2003/qđ-nhnn,19/2003/qđ-nhnn_21,ARTICLE,CONTAIN,
19/2003/qđ-nhnn_21,19/2003/qđ-nhnn_15,ARTICLE,GUIDE,
19/2003/qđ-nhnn_21,19/2003/qđ-nhnn_16,ARTICLE,GUIDE,
19/2003/qđ-nhnn_21,19/2003/qđ-nhnn_17,ARTICLE,GUIDE,
19/2003/qđ-nhnn_21,19/2003/qđ-nhnn_18,ARTICLE,GUIDE,
19/2003/qđ-nhnn_21,19/2003/qđ-nhnn_19,ARTICLE,GUIDE,
19/2003/qđ-nhnn,19/2003/qđ-nhnn_22,ARTICLE,CONTAIN,
19/2003/qđ-nhnn,19/2003/qđ-nhnn_23,ARTICLE,CONTAIN,
19/2003/qđ-nhnn,19/2003/qđ-nhnn_24,ARTICLE,CONTAIN,
19/2003/qđ-nhnn,19/2003/qđ-nhnn_25,ARTICLE,CONTAIN,
19/2003/qđ-nhnn,19/2003/qđ-nhnn_26,ARTICLE,CONTAIN,
19/2003/qđ-nhnn,19/2003/qđ-nhnn_27,ARTICLE,CONTAIN,
19/2003/qđ-nhnn,19/2003/qđ-nhnn_28,ARTICLE,CONTAIN,
19/2003/qđ-nhnn,19/2003/qđ-nhnn_29,ARTICLE,CONTAIN,
56/1999/qđ-nhnn2,56/1999/qđ-nhnn2_1,ARTICLE,CONTAIN,
56/1999/qđ-nhnn2,56/1999/qđ-nhnn2_2,ARTICLE,CONTAIN,
56/1999/qđ-nhnn2,56/1999/qđ-nhnn2_3,ARTICLE,CONTAIN,
56/1999/qđ-nhnn2_3,56/1999/qđ-nhnn2_7,ARTICLE,GUIDE,
56/1999/qđ-nhnn2,56/1999/qđ-nhnn2_4,ARTICLE,CONTAIN,
56/1999/qđ-nhnn2,56/1999/qđ-nhnn2_5,ARTICLE,CONTAIN,
56/1999/qđ-nhnn2,56/1999/qđ-nhnn2_6,ARTICLE,CONTAIN,
56/1999/qđ-nhnn2,56/1999/qđ-nhnn2_7,ARTICLE,CONTAIN,
56/1999/qđ-nhnn2,56/1999/qđ-nhnn2_8,ARTICLE,CONTAIN,
56/1999/qđ-nhnn2,56/1999/qđ-nhnn2_9,ARTICLE,CONTAIN,
56/1999/qđ-nhnn2,56/1999/qđ-nhnn2_10,ARTICLE,CONTAIN,
56/1999/qđ-nhnn2,56/1999/qđ-nhnn2_11,ARTICLE,CONTAIN,
56/1999/qđ-nhnn2,56/1999/qđ-nhnn2_12,ARTICLE,CONTAIN,
56/1999/qđ-nhnn2,56/1999/qđ-nhnn2_13,ARTICLE,CONTAIN,
56/1999/qđ-nhnn2,56/1999/qđ-nhnn2_14,ARTICLE,CONTAIN,
56/1999/qđ-nhnn2,56/1999/qđ-nhnn2_15,ARTICLE,CONTAIN,
56/1999/qđ-nhnn2_15,56/1999/qđ-nhnn2_4,ARTICLE,GUIDE,
237/1999/qđ-nhnn8,237/1999/qđ-nhnn8_1,ARTICLE,CONTAIN,
237/1999/qđ-nhnn8,237/1999/qđ-nhnn8_2,ARTICLE,CONTAIN,
237/1999/qđ-nhnn8,237/1999/qđ-nhnn8_3,ARTICLE,CONTAIN,
237/1999/qđ-nhnn8,237/1999/qđ-nhnn8_4,ARTICLE,CONTAIN,
237/1999/qđ-nhnn8,237/1999/qđ-nhnn8_5,ARTICLE,CONTAIN,
237/1999/qđ-nhnn8_5,237/1999/qđ-nhnn8_9,ARTICLE,GUIDE,
237/1999/qđ-nhnn8_5,237/1999/qđ-nhnn8_13,ARTICLE,GUIDE,
237/1999/qđ-nhnn8,237/1999/qđ-nhnn8_6,ARTICLE,CONTAIN,
237/1999/qđ-nhnn8,237/1999/qđ-nhnn8_7,ARTICLE,CONTAIN,
237/1999/qđ-nhnn8_7,237/1999/qđ-nhnn8_4,ARTICLE,GUIDE,
237/1999/qđ-nhnn8_7,237/1999/qđ-nhnn8_5,ARTICLE,GUIDE,
237/1999/qđ-nhnn8_7,237/1999/qđ-nhnn8_6,ARTICLE,GUIDE,
237/1999/qđ-nhnn8_7,237/1999/qđ-nhnn8_9,ARTICLE,GUIDE,
237/1999/qđ-nhnn8_7,237/1999/qđ-nhnn8_13,ARTICLE,GUIDE,
237/1999/qđ-nhnn8,237/1999/qđ-nhnn8_8,ARTICLE,CONTAIN,
237/1999/qđ-nhnn8,237/1999/qđ-nhnn8_9,ARTICLE,CONTAIN,
237/1999/qđ-nhnn8,237/1999/qđ-nhnn8_10,ARTICLE,CONTAIN,
237/1999/qđ-nhnn8,237/1999/qđ-nhnn8_11,ARTICLE,CONTAIN,
237/1999/qđ-nhnn8,237/1999/qđ-nhnn8_12,ARTICLE,CONTAIN,
237/1999/qđ-nhnn8,237/1999/qđ-nhnn8_13,ARTICLE,CONTAIN,
237/1999/qđ-nhnn8,237/1999/qđ-nhnn8_14,ARTICLE,CONTAIN,
237/1999/qđ-nhnn8,237/1999/qđ-nhnn8_15,ARTICLE,CONTAIN,
237/1999/qđ-nhnn8,237/1999/qđ-nhnn8_16,ARTICLE,CONTAIN,
856/2001/qđ-nhnn,856/2001/qđ-nhnn_1,ARTICLE,CONTAIN,
856/2001/qđ-nhnn,856/2001/qđ-nhnn_2,ARTICLE,CONTAIN,
856/2001/qđ-nhnn,856/2001/qđ-nhnn_3,ARTICLE,CONTAIN,
856/2001/qđ-nhnn_3,856/2001/qđ-nhnn_2,ARTICLE,GUIDE,
856/2001/qđ-nhnn,856/2001/qđ-nhnn_4,ARTICLE,CONTAIN,
856/2001/qđ-nhnn_4,856/2001/qđ-nhnn_2,ARTICLE,GUIDE,
856/2001/qđ-nhnn,856/2001/qđ-nhnn_5,ARTICLE,CONTAIN,
856/2001/qđ-nhnn_5,856/2001/qđ-nhnn_4,ARTICLE,GUIDE,
856/2001/qđ-nhnn,856/2001/qđ-nhnn_6,ARTICLE,CONTAIN,
856/2001/qđ-nhnn,856/2001/qđ-nhnn_7,ARTICLE,CONTAIN,
856/2001/qđ-nhnn,856/2001/qđ-nhnn_8,ARTICLE,CONTAIN,
856/2001/qđ-nhnn,856/2001/qđ-nhnn_9,ARTICLE,CONTAIN,
1379/2001/qđ-nhnn,1379/2001/qđ-nhnn_1,ARTICLE,CONTAIN,
1379/2001/qđ-nhnn,1379/2001/qđ-nhnn_2,ARTICLE,CONTAIN,
1379/2001/qđ-nhnn,1379/2001/qđ-nhnn_3,ARTICLE,CONTAIN,
1379/2001/qđ-nhnn,1379/2001/qđ-nhnn_4,ARTICLE,CONTAIN,
1379/2001/qđ-nhnn,1379/2001/qđ-nhnn_5,ARTICLE,CONTAIN,
1379/2001/qđ-nhnn,1379/2001/qđ-nhnn_6,ARTICLE,CONTAIN,
1379/2001/qđ-nhnn,1379/2001/qđ-nhnn_7,ARTICLE,CONTAIN,
1379/2001/qđ-nhnn,1379/2001/qđ-nhnn_8,ARTICLE,CONTAIN,
1379/2001/qđ-nhnn,1379/2001/qđ-nhnn_9,ARTICLE,CONTAIN,
1379/2001/qđ-nhnn,1379/2001/qđ-nhnn_10,ARTICLE,CONTAIN,
1474/2001/qđ-nhnn,1474/2001/qđ-nhnn_1,ARTICLE,CONTAIN,
1474/2001/qđ-nhnn,1474/2001/qđ-nhnn_2,ARTICLE,CONTAIN,
1474/2001/qđ-nhnn,1474/2001/qđ-nhnn_3,ARTICLE,CONTAIN,
1474/2001/qđ-nhnn,1474/2001/qđ-nhnn_4,ARTICLE,CONTAIN,
1322/2002/qđ-nhnn,1322/2002/qđ-nhnn_1,ARTICLE,CONTAIN,
1322/2002/qđ-nhnn,1322/2002/qđ-nhnn_2,ARTICLE,CONTAIN,
1322/2002/qđ-nhnn,1322/2002/qđ-nhnn_3,ARTICLE,CONTAIN,
236/2002/qđ-nhnn,236/2002/qđ-nhnn_1,ARTICLE,CONTAIN,
236/2002/qđ-nhnn_1,237/1999/QĐ-NHNN8_13,ARTICLE,AMEND,
236/2002/qđ-nhnn,236/2002/qđ-nhnn_2,ARTICLE,CONTAIN,
236/2002/qđ-nhnn,236/2002/qđ-nhnn_3,ARTICLE,CONTAIN,
150/2001/qđ-ttg,150/2001/qđ-ttg_1,ARTICLE,CONTAIN,
150/2001/qđ-ttg,150/2001/qđ-ttg_2,ARTICLE,CONTAIN,
150/2001/qđ-ttg,150/2001/qđ-ttg_3,ARTICLE,CONTAIN,
150/2001/qđ-ttg,150/2001/qđ-ttg_4,ARTICLE,CONTAIN,
150/2001/qđ-ttg,150/2001/qđ-ttg_5,ARTICLE,CONTAIN,
1531/2004/qđ-nhnn,1531/2004/qđ-nhnn_1,ARTICLE,CONTAIN,
1531/2004/qđ-nhnn,1531/2004/qđ-nhnn_2,ARTICLE,CONTAIN,
1531/2004/qđ-nhnn_2,1531/2004/qđ-nhnn_6,ARTICLE,GUIDE,
1531/2004/qđ-nhnn,1531/2004/qđ-nhnn_3,ARTICLE,CONTAIN,
1531/2004/qđ-nhnn,1531/2004/qđ-nhnn_4,ARTICLE,CONTAIN,
1531/2004/qđ-nhnn,1531/2004/qđ-nhnn_5,ARTICLE,CONTAIN,
1531/2004/qđ-nhnn,1531/2004/qđ-nhnn_6,ARTICLE,CONTAIN,
1531/2004/qđ-nhnn,1531/2004/qđ-nhnn_7,ARTICLE,CONTAIN,
1531/2004/qđ-nhnn,1531/2004/qđ-nhnn_8,ARTICLE,CONTAIN,
1531/2004/qđ-nhnn,1531/2004/qđ-nhnn_9,ARTICLE,CONTAIN,
1531/2004/qđ-nhnn,1531/2004/qđ-nhnn_10,ARTICLE,CONTAIN,
1531/2004/qđ-nhnn,1531/2004/qđ-nhnn_11,ARTICLE,CONTAIN,
1531/2004/qđ-nhnn,1531/2004/qđ-nhnn_12,ARTICLE,CONTAIN,
1531/2004/qđ-nhnn,1531/2004/qđ-nhnn_13,ARTICLE,CONTAIN,
1531/2004/qđ-nhnn,1531/2004/qđ-nhnn_14,ARTICLE,CONTAIN,
1531/2004/qđ-nhnn,1531/2004/qđ-nhnn_15,ARTICLE,CONTAIN,
1278/2001/qđ-nhnn,1278/2001/qđ-nhnn_1,ARTICLE,CONTAIN,
1278/2001/qđ-nhnn,1278/2001/qđ-nhnn_2,ARTICLE,CONTAIN,
1278/2001/qđ-nhnn,1278/2001/qđ-nhnn_3,ARTICLE,CONTAIN,
1278/2001/qđ-nhnn,1278/2001/qđ-nhnn_4,ARTICLE,CONTAIN,
1278/2001/qđ-nhnn,1278/2001/qđ-nhnn_5,ARTICLE,CONTAIN,
1278/2001/qđ-nhnn,1278/2001/qđ-nhnn_6,ARTICLE,CONTAIN,
1278/2001/qđ-nhnn,1278/2001/qđ-nhnn_7,ARTICLE,CONTAIN,
1278/2001/qđ-nhnn,1278/2001/qđ-nhnn_8,ARTICLE,CONTAIN,
51/2006/qđ-nhnn,51/2006/qđ-nhnn_1,ARTICLE,CONTAIN,
51/2006/qđ-nhnn,51/2006/qđ-nhnn_2,ARTICLE,CONTAIN,
51/2006/qđ-nhnn,51/2006/qđ-nhnn_3,ARTICLE,CONTAIN,
08/2016/tt-nhnn,08/2016/tt-nhnn_1,ARTICLE,CONTAIN,
08/2016/tt-nhnn_1,19/2013/tt-nhnn_3,ARTICLE,AMEND,
08/2016/tt-nhnn_1,19/2013/tt-nhnn_15,ARTICLE,AMEND,
08/2016/tt-nhnn_1,19/2013/tt-nhnn_17,ARTICLE,AMEND,
08/2016/tt-nhnn_1,19/2013/tt-nhnn_27,ARTICLE,AMEND,
08/2016/tt-nhnn_1,19/2013/tt-nhnn_28,ARTICLE,AMEND,
08/2016/tt-nhnn_1,19/2013/tt-nhnn_29,ARTICLE,AMEND,
08/2016/tt-nhnn_1,19/2013/tt-nhnn_30,ARTICLE,AMEND,
08/2016/tt-nhnn_1,19/2013/tt-nhnn_34,ARTICLE,AMEND,
08/2016/tt-nhnn_1,19/2013/tt-nhnn_35,ARTICLE,AMEND,
08/2016/tt-nhnn_1,19/2013/tt-nhnn_38,ARTICLE,AMEND,
08/2016/tt-nhnn_1,19/2013/tt-nhnn_43,ARTICLE,AMEND,
08/2016/tt-nhnn_1,19/2013/tt-nhnn_45,ARTICLE,AMEND,
08/2016/tt-nhnn_1,19/2013/tt-nhnn_46,ARTICLE,AMEND,
08/2016/tt-nhnn_1,19/2013/tt-nhnn_47,ARTICLE,AMEND,
08/2016/tt-nhnn_1,19/2013/tt-nhnn_48,ARTICLE,AMEND,
08/2016/tt-nhnn_1,19/2013/tt-nhnn_50,ARTICLE,AMEND,
08/2016/tt-nhnn_1,19/2013/tt-nhnn_17,ARTICLE,GUIDE,
08/2016/tt-nhnn_1,19/2013/tt-nhnn_19,ARTICLE,GUIDE,
08/2016/tt-nhnn_1,19/2013/tt-nhnn_44,ARTICLE,GUIDE,
08/2016/tt-nhnn,08/2016/tt-nhnn_2,ARTICLE,CONTAIN,
08/2016/tt-nhnn,08/2016/tt-nhnn_3,ARTICLE,CONTAIN,
23/2008/qđ-nhnn,23/2008/qđ-nhnn_1,ARTICLE,CONTAIN,
23/2008/qđ-nhnn,23/2008/qđ-nhnn_2,ARTICLE,CONTAIN,
23/2008/qđ-nhnn,23/2008/qđ-nhnn_3,ARTICLE,CONTAIN,
23/2008/qđ-nhnn,23/2008/qđ-nhnn_4,ARTICLE,CONTAIN,
23/2008/qđ-nhnn,23/2008/qđ-nhnn_5,ARTICLE,CONTAIN,
23/2008/qđ-nhnn,23/2008/qđ-nhnn_6,ARTICLE,CONTAIN,
23/2008/qđ-nhnn,23/2008/qđ-nhnn_7,ARTICLE,CONTAIN,
23/2008/qđ-nhnn_7,23/2008/qđ-nhnn_12,ARTICLE,GUIDE,
23/2008/qđ-nhnn_7,23/2008/qđ-nhnn_15,ARTICLE,GUIDE,
23/2008/qđ-nhnn,23/2008/qđ-nhnn_8,ARTICLE,CONTAIN,
23/2008/qđ-nhnn_8,23/2008/qđ-nhnn_15,ARTICLE,GUIDE,
23/2008/qđ-nhnn,23/2008/qđ-nhnn_9,ARTICLE,CONTAIN,
23/2008/qđ-nhnn,23/2008/qđ-nhnn_10,ARTICLE,CONTAIN,
23/2008/qđ-nhnn,23/2008/qđ-nhnn_11,ARTICLE,CONTAIN,
23/2008/qđ-nhnn,23/2008/qđ-nhnn_12,ARTICLE,CONTAIN,
23/2008/qđ-nhnn,23/2008/qđ-nhnn_13,ARTICLE,CONTAIN,
23/2008/qđ-nhnn,23/2008/qđ-nhnn_14,ARTICLE,CONTAIN,
23/2008/qđ-nhnn,23/2008/qđ-nhnn_15,ARTICLE,CONTAIN,
23/2008/qđ-nhnn,23/2008/qđ-nhnn_16,ARTICLE,CONTAIN,
23/2008/qđ-nhnn,23/2008/qđ-nhnn_17,ARTICLE,CONTAIN,
23/2008/qđ-nhnn,23/2008/qđ-nhnn_18,ARTICLE,CONTAIN,
23/2008/qđ-nhnn,23/2008/qđ-nhnn_19,ARTICLE,CONTAIN,
445/ttg,445/ttg_1,ARTICLE,CONTAIN,
445/ttg,445/ttg_2,ARTICLE,CONTAIN,
445/ttg,445/ttg_3,ARTICLE,CONTAIN,
445/ttg,445/ttg_4,ARTICLE,CONTAIN,
10/2016/tt-nhnn,10/2016/tt-nhnn_1,ARTICLE,CONTAIN,
10/2016/tt-nhnn,10/2016/tt-nhnn_2,ARTICLE,CONTAIN,
10/2016/tt-nhnn_2,135/2015/NĐ-CP_2,ARTICLE,GUIDE,
10/2016/tt-nhnn,10/2016/tt-nhnn_3,ARTICLE,CONTAIN,
10/2016/tt-nhnn,10/2016/tt-nhnn_4,ARTICLE,CONTAIN,
10/2016/tt-nhnn,10/2016/tt-nhnn_5,ARTICLE,CONTAIN,
10/2016/tt-nhnn,10/2016/tt-nhnn_6,ARTICLE,CONTAIN,
10/2016/tt-nhnn_6,135/2015/NĐ-CP_9,ARTICLE,GUIDE,
10/2016/tt-nhnn,10/2016/tt-nhnn_7,ARTICLE,CONTAIN,
10/2016/tt-nhnn,10/2016/tt-nhnn_8,ARTICLE,CONTAIN,
10/2016/tt-nhnn_8,10/2016/tt-nhnn_12,ARTICLE,GUIDE,
10/2016/tt-nhnn,10/2016/tt-nhnn_9,ARTICLE,CONTAIN,
10/2016/tt-nhnn,10/2016/tt-nhnn_10,ARTICLE,CONTAIN,
10/2016/tt-nhnn,10/2016/tt-nhnn_11,ARTICLE,CONTAIN,
10/2016/tt-nhnn,10/2016/tt-nhnn_12,ARTICLE,CONTAIN,
10/2016/tt-nhnn,10/2016/tt-nhnn_13,ARTICLE,CONTAIN,
10/2016/tt-nhnn,10/2016/tt-nhnn_14,ARTICLE,CONTAIN,
10/2016/tt-nhnn,10/2016/tt-nhnn_15,ARTICLE,CONTAIN,
10/2016/tt-nhnn,10/2016/tt-nhnn_16,ARTICLE,CONTAIN,
10/2016/tt-nhnn,10/2016/tt-nhnn_17,ARTICLE,CONTAIN,
10/2016/tt-nhnn_17,10/2016/tt-nhnn_18,ARTICLE,GUIDE,
10/2016/tt-nhnn,10/2016/tt-nhnn_18,ARTICLE,CONTAIN,
10/2016/tt-nhnn,10/2016/tt-nhnn_19,ARTICLE,CONTAIN,
10/2016/tt-nhnn_19,10/2016/tt-nhnn_20,ARTICLE,GUIDE,
10/2016/tt-nhnn,10/2016/tt-nhnn_20,ARTICLE,CONTAIN,
10/2016/tt-nhnn,10/2016/tt-nhnn_21,ARTICLE,CONTAIN,
10/2016/tt-nhnn_21,135/2015/NĐ-CP_9,ARTICLE,GUIDE,
10/2016/tt-nhnn_21,135/2015/NĐ-CP_27,ARTICLE,GUIDE,
10/2016/tt-nhnn_21,135/2015/NĐ-CP_28,ARTICLE,GUIDE,
10/2016/tt-nhnn_21,10/2016/tt-nhnn_23,ARTICLE,GUIDE,
10/2016/tt-nhnn_21,10/2016/tt-nhnn_25,ARTICLE,GUIDE,
10/2016/tt-nhnn,10/2016/tt-nhnn_22,ARTICLE,CONTAIN,
10/2016/tt-nhnn,10/2016/tt-nhnn_23,ARTICLE,CONTAIN,
10/2016/tt-nhnn,10/2016/tt-nhnn_24,ARTICLE,CONTAIN,
10/2016/tt-nhnn,10/2016/tt-nhnn_25,ARTICLE,CONTAIN,
10/2016/tt-nhnn,10/2016/tt-nhnn_26,ARTICLE,CONTAIN,
10/2016/tt-nhnn_26,10/2016/tt-nhnn_36,ARTICLE,GUIDE,
10/2016/tt-nhnn,10/2016/tt-nhnn_27,ARTICLE,CONTAIN,
10/2016/tt-nhnn_27,10/2016/tt-nhnn_32,ARTICLE,GUIDE,
10/2016/tt-nhnn_27,10/2016/tt-nhnn_33,ARTICLE,GUIDE,
10/2016/tt-nhnn_27,10/2016/tt-nhnn_34,ARTICLE,GUIDE,
10/2016/tt-nhnn,10/2016/tt-nhnn_28,ARTICLE,CONTAIN,
10/2016/tt-nhnn_28,10/2016/tt-nhnn_35,ARTICLE,GUIDE,
10/2016/tt-nhnn,10/2016/tt-nhnn_29,ARTICLE,CONTAIN,
10/2016/tt-nhnn_29,135/2015/NĐ-CP_9,ARTICLE,GUIDE,
10/2016/tt-nhnn_29,135/2015/NĐ-CP_26,ARTICLE,GUIDE,
10/2016/tt-nhnn,10/2016/tt-nhnn_30,ARTICLE,CONTAIN,
10/2016/tt-nhnn_30,135/2015/NĐ-CP_9,ARTICLE,GUIDE,
10/2016/tt-nhnn,10/2016/tt-nhnn_31,ARTICLE,CONTAIN,
10/2016/tt-nhnn_31,10/2016/tt-nhnn_29,ARTICLE,GUIDE,
10/2016/tt-nhnn_31,10/2016/tt-nhnn_30,ARTICLE,GUIDE,
10/2016/tt-nhnn,10/2016/tt-nhnn_32,ARTICLE,CONTAIN,
10/2016/tt-nhnn,10/2016/tt-nhnn_33,ARTICLE,CONTAIN,
10/2016/tt-nhnn,10/2016/tt-nhnn_34,ARTICLE,CONTAIN,
10/2016/tt-nhnn_34,135/2015/NĐ-CP_9,ARTICLE,GUIDE,
10/2016/tt-nhnn,10/2016/tt-nhnn_35,ARTICLE,CONTAIN,
10/2016/tt-nhnn,10/2016/tt-nhnn_36,ARTICLE,CONTAIN,
10/2016/tt-nhnn,10/2016/tt-nhnn_ 37,ARTICLE,CONTAIN,
10/2016/tt-nhnn,10/2016/tt-nhnn_ 38,ARTICLE,CONTAIN,
80/2016/nđ-cp,80/2016/nđ-cp_1,ARTICLE,CONTAIN,
80/2016/nđ-cp_1,101/2012/NĐ-CP_4,ARTICLE,AMEND,
80/2016/nđ-cp_1,101/2012/NĐ-CP_6,ARTICLE,AMEND,
80/2016/nđ-cp_1,101/2012/NĐ-CP_8,ARTICLE,AMEND,
80/2016/nđ-cp_1,101/2012/NĐ-CP_10,ARTICLE,AMEND,
80/2016/nđ-cp_1,101/2012/NĐ-CP_12,ARTICLE,AMEND,
80/2016/nđ-cp_1,101/2012/NĐ-CP_14,ARTICLE,AMEND,
80/2016/nđ-cp_1,101/2012/NĐ-CP_15,ARTICLE,AMEND,
80/2016/nđ-cp_1,101/2012/NĐ-CP_16,ARTICLE,AMEND,
80/2016/nđ-cp_1,101/2012/NĐ-CP_12,ARTICLE,REPEAL,
80/2016/nđ-cp_1,46/2010/qh12_27,ARTICLE,GUIDE,
80/2016/nđ-cp_1,32/2024/qh15_101,ARTICLE,GUIDE,
80/2016/nđ-cp_1,32/2024/qh15_109,ARTICLE,GUIDE,
80/2016/nđ-cp_1,32/2024/qh15_114,ARTICLE,GUIDE,
80/2016/nđ-cp_1,32/2024/qh15_118,ARTICLE,GUIDE,
80/2016/nđ-cp_1,32/2024/qh15_121,ARTICLE,GUIDE,
80/2016/nđ-cp,80/2016/nđ-cp_2,ARTICLE,CONTAIN,
80/2016/nđ-cp,80/2016/nđ-cp_3,ARTICLE,CONTAIN,
16/2016/tt-nhnn,16/2016/tt-nhnn_1,ARTICLE,CONTAIN,
16/2016/tt-nhnn_1,34/2013/TT-NHNN_16,ARTICLE,AMEND,
16/2016/tt-nhnn_1,34/2013/TT-NHNN_20,ARTICLE,AMEND,
16/2016/tt-nhnn_1,34/2013/TT-NHNN_21,ARTICLE,AMEND,
16/2016/tt-nhnn_1,34/2013/TT-NHNN_22,ARTICLE,AMEND,
16/2016/tt-nhnn_1,34/2013/TT-NHNN_23,ARTICLE,AMEND,
16/2016/tt-nhnn_1,34/2013/TT-NHNN_24,ARTICLE,AMEND,
16/2016/tt-nhnn_1,34/2013/TT-NHNN_25,ARTICLE,AMEND,
16/2016/tt-nhnn_1,34/2013/TT-NHNN_26,ARTICLE,AMEND,
16/2016/tt-nhnn_1,34/2013/TT-NHNN_27,ARTICLE,AMEND,
16/2016/tt-nhnn_1,16/2016/tt-nhnn_21,ARTICLE,GUIDE,
16/2016/tt-nhnn_1,58/2012/NĐ-CP_15,ARTICLE,GUIDE,
16/2016/tt-nhnn_1,58/2012/NĐ-CP_16,ARTICLE,GUIDE,
16/2016/tt-nhnn_1,58/2012/NĐ-CP_17,ARTICLE,GUIDE,
16/2016/tt-nhnn_1,58/2012/NĐ-CP_18,ARTICLE,GUIDE,
16/2016/tt-nhnn_1,90/2011/NĐ-CP_13,ARTICLE,GUIDE,
16/2016/tt-nhnn_1,32/2024/qh15_130,ARTICLE,GUIDE,
16/2016/tt-nhnn,16/2016/tt-nhnn_2,ARTICLE,CONTAIN,
16/2016/tt-nhnn_2,29/2015/tt-nhnn_15,ARTICLE,REPEAL,
16/2016/tt-nhnn,16/2016/tt-nhnn_3,ARTICLE,CONTAIN,
21/2016/tt-nhnn,21/2016/tt-nhnn_1,ARTICLE,CONTAIN,
21/2016/tt-nhnn_1,04/2013/TT-NHNN_2,ARTICLE,AMEND,
21/2016/tt-nhnn_1,04/2013/TT-NHNN_5,ARTICLE,AMEND,
21/2016/tt-nhnn,21/2016/tt-nhnn_2,ARTICLE,CONTAIN,
21/2016/tt-nhnn_2,04/2013/tt-nhnn_2,ARTICLE,REPEAL,
21/2016/tt-nhnn_2,04/2013/tt-nhnn_4,ARTICLE,REPEAL,
21/2016/tt-nhnn,21/2016/tt-nhnn_3,ARTICLE,CONTAIN,
21/2016/tt-nhnn,21/2016/tt-nhnn_4,ARTICLE,CONTAIN,
23/2016/tt-nhnn,23/2016/tt-nhnn_1,ARTICLE,CONTAIN,
23/2016/tt-nhnn_1,16/2010/tt-nhnn_1,ARTICLE,AMEND,
23/2016/tt-nhnn_1,16/2010/tt-nhnn_3,ARTICLE,AMEND,
23/2016/tt-nhnn_1,16/2010/tt-nhnn_5,ARTICLE,AMEND,
23/2016/tt-nhnn_1,10/2010/nd-cp_7,ARTICLE,GUIDE,
23/2016/tt-nhnn,23/2016/tt-nhnn_2,ARTICLE,CONTAIN,
23/2016/tt-nhnn_2,16/2010/tt-nhnn_4,ARTICLE,REPEAL,
23/2016/tt-nhnn_2,16/2010/tt-nhnn_11,ARTICLE,REPEAL,
23/2016/tt-nhnn,23/2016/tt-nhnn_3,ARTICLE,CONTAIN,
23/2016/tt-nhnn_3,27/2014/tt-nhnn_1,ARTICLE,REPEAL,
23/2016/tt-nhnn,23/2016/tt-nhnn_4,ARTICLE,CONTAIN,
18 /2016/tt-nhnn,18 /2016/tt-nhnn_1,ARTICLE,CONTAIN,
18 /2016/tt-nhnn_1,21/2012/tt-nhnn_2,ARTICLE,AMEND,
18 /2016/tt-nhnn_1,21/2012/tt-nhnn_4,ARTICLE,AMEND,
18 /2016/tt-nhnn_1,21/2012/tt-nhnn_8,ARTICLE,AMEND,
18 /2016/tt-nhnn_1,21/2012/tt-nhnn_11,ARTICLE,AMEND,
18 /2016/tt-nhnn_1,21/2012/tt-nhnn_16,ARTICLE,AMEND,
18 /2016/tt-nhnn_1,21/2012/tt-nhnn_18,ARTICLE,AMEND,
18 /2016/tt-nhnn_1,21/2012/tt-nhnn_19,ARTICLE,AMEND,
18 /2016/tt-nhnn_1,21/2012/tt-nhnn_23,ARTICLE,AMEND,
18 /2016/tt-nhnn_1,21/2012/tt-nhnn_27,ARTICLE,AMEND,
18 /2016/tt-nhnn_1,21/2012/tt-nhnn_28,ARTICLE,AMEND,
18 /2016/tt-nhnn_1,18/2016/tt-nhnn_4,ARTICLE,GUIDE,
18 /2016/tt-nhnn,18 /2016/tt-nhnn_2,ARTICLE,CONTAIN,
18 /2016/tt-nhnn_2,18/2016/tt-nhnn_1,ARTICLE,REPEAL,
18 /2016/tt-nhnn_2,01/2013/tt-nhnn_1,ARTICLE,REPEAL,
24/2016/tt-nhnn,24/2016/tt-nhnn_1,ARTICLE,CONTAIN,
24/2016/tt-nhnn_1,42/2011/tt-nhnn_1,ARTICLE,AMEND,
24/2016/tt-nhnn_1,42/2011/tt-nhnn_2,ARTICLE,AMEND,
24/2016/tt-nhnn_1,42/2011/tt-nhnn_3,ARTICLE,AMEND,
24/2016/tt-nhnn_1,42/2011/tt-nhnn_7,ARTICLE,AMEND,
24/2016/tt-nhnn_1,42/2011/tt-nhnn_8,ARTICLE,AMEND,
24/2016/tt-nhnn_1,42/2011/tt-nhnn_16,ARTICLE,AMEND,
24/2016/tt-nhnn,24/2016/tt-nhnn_2,ARTICLE,CONTAIN,
24/2016/tt-nhnn,24/2016/tt-nhnn_3,ARTICLE,CONTAIN,
24/2016/tt-nhnn,24/2016/tt-nhnn_4,ARTICLE,CONTAIN,
11/2016/tt-nhnn,11/2016/tt-nhnn_1,ARTICLE,CONTAIN,
11/2016/tt-nhnn_1,34/2015/tt-nhnn_7,ARTICLE,AMEND,
11/2016/tt-nhnn_1,34/2015/tt-nhnn_8,ARTICLE,AMEND,
11/2016/tt-nhnn_1,34/2015/tt-nhnn_11,ARTICLE,AMEND,
11/2016/tt-nhnn_1,34/2015/tt-nhnn_12,ARTICLE,AMEND,
11/2016/tt-nhnn_1,34/2015/tt-nhnn_13,ARTICLE,AMEND,
11/2016/tt-nhnn_1,34/2015/tt-nhnn_14,ARTICLE,AMEND,
11/2016/tt-nhnn_1,34/2015/tt-nhnn_15,ARTICLE,AMEND,
11/2016/tt-nhnn_1,34/2015/tt-nhnn_23,ARTICLE,AMEND,
11/2016/tt-nhnn_1,34/2015/tt-nhnn_10,ARTICLE,REPEAL,
11/2016/tt-nhnn_1,34/2015/tt-nhnn_13,ARTICLE,REPEAL,
11/2016/tt-nhnn_1,34/2015/tt-nhnn_20,ARTICLE,REPEAL,
11/2016/tt-nhnn_1,34/2015/tt-nhnn_23,ARTICLE,REPEAL,
11/2016/tt-nhnn,11/2016/tt-nhnn_2,ARTICLE,CONTAIN,
11/2016/tt-nhnn_2,21/2008/QĐ-NHNN_1,ARTICLE,AMEND,
11/2016/tt-nhnn_2,21/2008/QĐ-NHNN_2,ARTICLE,AMEND,
11/2016/tt-nhnn_2,21/2008/QĐ-NHNN_4,ARTICLE,AMEND,
11/2016/tt-nhnn_2,21/2008/QĐ-NHNN_6,ARTICLE,AMEND,
11/2016/tt-nhnn_2,21/2008/QĐ-NHNN_7,ARTICLE,AMEND,
11/2016/tt-nhnn_2,21/2008/QĐ-NHNN_3,ARTICLE,REPEAL,
11/2016/tt-nhnn_2,21/2008/QĐ-NHNN_4,ARTICLE,REPEAL,
11/2016/tt-nhnn_2,21/2008/QĐ-NHNN_5,ARTICLE,REPEAL,
11/2016/tt-nhnn_2,21/2008/QĐ-NHNN_6,ARTICLE,REPEAL,
11/2016/tt-nhnn_2,21/2008/QĐ-NHNN_13,ARTICLE,REPEAL,
11/2016/tt-nhnn_2,21/2008/QĐ-NHNN_6,ARTICLE,GUIDE,
11/2016/tt-nhnn_2,21/2008/QĐ-NHNN_7,ARTICLE,GUIDE,
11/2016/tt-nhnn_2,21/2008/QĐ-NHNN_8,ARTICLE,GUIDE,
11/2016/tt-nhnn,11/2016/tt-nhnn_3,ARTICLE,CONTAIN,
11/2016/tt-nhnn,11/2016/tt-nhnn_4,ARTICLE,CONTAIN,
11/2016/tt-nhnn,11/2016/tt-nhnn_5,ARTICLE,CONTAIN,
11/2016/tt-nhnn_5,29/2015/tt-nhnn_1,ARTICLE,REPEAL,
11/2016/tt-nhnn_5,29/2015/tt-nhnn_6,ARTICLE,REPEAL,
13/2016/tt-nhnn,13/2016/tt-nhnn_1,ARTICLE,CONTAIN,
13/2016/tt-nhnn_1,45/2011/tt-nhnn_2,ARTICLE,AMEND,
13/2016/tt-nhnn_1,45/2011/tt-nhnn_3,ARTICLE,AMEND,
13/2016/tt-nhnn_1,45/2011/tt-nhnn_5,ARTICLE,AMEND,
13/2016/tt-nhnn_1,45/2011/tt-nhnn_9,ARTICLE,AMEND,
13/2016/tt-nhnn_1,45/2011/tt-nhnn_10,ARTICLE,AMEND,
13/2016/tt-nhnn_1,45/2011/tt-nhnn_11,ARTICLE,AMEND,
13/2016/tt-nhnn_1,45/2011/tt-nhnn_12,ARTICLE,AMEND,
13/2016/tt-nhnn_1,45/2011/tt-nhnn_14,ARTICLE,AMEND,
13/2016/tt-nhnn_1,45/2011/tt-nhnn_15,ARTICLE,AMEND,
13/2016/tt-nhnn_1,45/2011/tt-nhnn_16,ARTICLE,AMEND,
13/2016/tt-nhnn,13/2016/tt-nhnn_2,ARTICLE,CONTAIN,
13/2016/tt-nhnn_2,45/2011/tt-nhnn_7,ARTICLE,REPEAL,
13/2016/tt-nhnn,13/2016/tt-nhnn_3,ARTICLE,CONTAIN,
13/2016/tt-nhnn_3,29/2015/tt-nhnn_8,ARTICLE,REPEAL,
14/2016/tt-nhnn,14/2016/tt-nhnn_1,ARTICLE,CONTAIN,
14/2016/tt-nhnn_1,30/2014/tt-nhnn_4,ARTICLE,AMEND,
14/2016/tt-nhnn_1,30/2014/tt-nhnn_8,ARTICLE,REPEAL,
14/2016/tt-nhnn,14/2016/tt-nhnn_2,ARTICLE,CONTAIN,
14/2016/tt-nhnn,14/2016/tt-nhnn_3,ARTICLE,CONTAIN,
14/2016/tt-nhnn_3,30/2008/QĐ-NHNN_1,ARTICLE,REPEAL,
14/2016/tt-nhnn,14/2016/tt-nhnn_4,ARTICLE,CONTAIN,
12/2016/tt-nhnn,12/2016/tt-nhnn_1,ARTICLE,CONTAIN,
12/2016/tt-nhnn,12/2016/tt-nhnn_2,ARTICLE,CONTAIN,
12/2016/tt-nhnn_2,83/2015/NĐ-CP_2,ARTICLE,GUIDE,
12/2016/tt-nhnn,12/2016/tt-nhnn_3,ARTICLE,CONTAIN,
12/2016/tt-nhnn_3,83/2015/NĐ-CP_19,ARTICLE,GUIDE,
12/2016/tt-nhnn,12/2016/tt-nhnn_4,ARTICLE,CONTAIN,
12/2016/tt-nhnn,12/2016/tt-nhnn_5,ARTICLE,CONTAIN,
12/2016/tt-nhnn_5,12/2016/tt-nhnn_6,ARTICLE,GUIDE,
12/2016/tt-nhnn_5,12/2016/tt-nhnn_7,ARTICLE,GUIDE,
12/2016/tt-nhnn,12/2016/tt-nhnn_6,ARTICLE,CONTAIN,
12/2016/tt-nhnn,12/2016/tt-nhnn_7,ARTICLE,CONTAIN,
12/2016/tt-nhnn,12/2016/tt-nhnn_8,ARTICLE,CONTAIN,
12/2016/tt-nhnn_8,12/2016/tt-nhnn_13,ARTICLE,GUIDE,
12/2016/tt-nhnn,12/2016/tt-nhnn_9,ARTICLE,CONTAIN,
12/2016/tt-nhnn,12/2016/tt-nhnn_10,ARTICLE,CONTAIN,
12/2016/tt-nhnn_10,12/2016/tt-nhnn_5,ARTICLE,GUIDE,
12/2016/tt-nhnn_10,12/2016/tt-nhnn_8,ARTICLE,GUIDE,
12/2016/tt-nhnn_10,12/2016/tt-nhnn_9,ARTICLE,GUIDE,
12/2016/tt-nhnn,12/2016/tt-nhnn_11,ARTICLE,CONTAIN,
12/2016/tt-nhnn_11,12/2016/tt-nhnn_19,ARTICLE,GUIDE,
12/2016/tt-nhnn,12/2016/tt-nhnn_12,ARTICLE,CONTAIN,
12/2016/tt-nhnn_12,12/2016/tt-nhnn_11,ARTICLE,GUIDE,
12/2016/tt-nhnn,12/2016/tt-nhnn_13,ARTICLE,CONTAIN,
12/2016/tt-nhnn_13,12/2016/tt-nhnn_11,ARTICLE,GUIDE,
12/2016/tt-nhnn_13,12/2016/tt-nhnn_12,ARTICLE,GUIDE,
12/2016/tt-nhnn,12/2016/tt-nhnn_14,ARTICLE,CONTAIN,
12/2016/tt-nhnn_14,12/2016/tt-nhnn_8,ARTICLE,GUIDE,
12/2016/tt-nhnn,12/2016/tt-nhnn_15,ARTICLE,CONTAIN,
12/2016/tt-nhnn_15,83/2015/NĐ-CP_19,ARTICLE,GUIDE,
12/2016/tt-nhnn_15,12/2016/tt-nhnn_16,ARTICLE,GUIDE,
12/2016/tt-nhnn,12/2016/tt-nhnn_16,ARTICLE,CONTAIN,
12/2016/tt-nhnn_16,12/2016/tt-nhnn_17,ARTICLE,GUIDE,
12/2016/tt-nhnn,12/2016/tt-nhnn_17,ARTICLE,CONTAIN,
12/2016/tt-nhnn_17,83/2015/NĐ-CP_19,ARTICLE,GUIDE,
12/2016/tt-nhnn,12/2016/tt-nhnn_18,ARTICLE,CONTAIN,
12/2016/tt-nhnn_18,61/2014/QH13_62,ARTICLE,GUIDE,
12/2016/tt-nhnn,12/2016/tt-nhnn_19,ARTICLE,CONTAIN,
12/2016/tt-nhnn,12/2016/tt-nhnn_20,ARTICLE,CONTAIN,
12/2016/tt-nhnn,12/2016/tt-nhnn_21,ARTICLE,CONTAIN,
12/2016/tt-nhnn_21,83/2015/NĐ-CP_19,ARTICLE,GUIDE,
12/2016/tt-nhnn,12/2016/tt-nhnn_22,ARTICLE,CONTAIN,
12/2016/tt-nhnn,12/2016/tt-nhnn_23,ARTICLE,CONTAIN,
12/2016/tt-nhnn,12/2016/tt-nhnn_24,ARTICLE,CONTAIN,
12/2016/tt-nhnn,12/2016/tt-nhnn_25,ARTICLE,CONTAIN,
12/2016/tt-nhnn,12/2016/tt-nhnn_26,ARTICLE,CONTAIN,
12/2016/tt-nhnn,12/2016/tt-nhnn_27,ARTICLE,CONTAIN,
12/2016/tt-nhnn,12/2016/tt-nhnn_28,ARTICLE,CONTAIN,
12/2016/tt-nhnn_28,36/2013/TT-NHNN_2,ARTICLE,AMEND,
12/2016/tt-nhnn,12/2016/tt-nhnn_29,ARTICLE,CONTAIN,
89/2016/nđ-cp,89/2016/nđ-cp_1,ARTICLE,CONTAIN,
89/2016/nđ-cp,89/2016/nđ-cp_2,ARTICLE,CONTAIN,
89/2016/nđ-cp,89/2016/nđ-cp_3,ARTICLE,CONTAIN,
89/2016/nđ-cp,89/2016/nđ-cp_4,ARTICLE,CONTAIN,
89/2016/nđ-cp,89/2016/nđ-cp_5,ARTICLE,CONTAIN,
89/2016/nđ-cp,89/2016/nđ-cp_6,ARTICLE,CONTAIN,
89/2016/nđ-cp,89/2016/nđ-cp_7,ARTICLE,CONTAIN,
20/2016/tt-nhnn,20/2016/tt-nhnn_1,ARTICLE,CONTAIN,
20/2016/tt-nhnn_1,36/2012/tt-nhnn_3,ARTICLE,AMEND,
20/2016/tt-nhnn_1,36/2012/tt-nhnn_4,ARTICLE,AMEND,
20/2016/tt-nhnn_1,36/2012/tt-nhnn_5,ARTICLE,AMEND,
20/2016/tt-nhnn_1,36/2012/tt-nhnn_6,ARTICLE,AMEND,
20/2016/tt-nhnn_1,36/2012/tt-nhnn_7,ARTICLE,AMEND,
20/2016/tt-nhnn_1,36/2012/tt-nhnn_9,ARTICLE,AMEND,
20/2016/tt-nhnn_1,36/2012/tt-nhnn_11,ARTICLE,AMEND,
20/2016/tt-nhnn_1,36/2012/tt-nhnn_3,ARTICLE,REPEAL,
20/2016/tt-nhnn_1,36/2012/tt-nhnn_6,ARTICLE,REPEAL,
20/2016/tt-nhnn_1,36/2012/tt-nhnn_9,ARTICLE,REPEAL,
20/2016/tt-nhnn,20/2016/tt-nhnn_2,ARTICLE,CONTAIN,
20/2016/tt-nhnn_2,39/2014/TT-NHNN_4,ARTICLE,AMEND,
20/2016/tt-nhnn_2,39/2014/TT-NHNN_5,ARTICLE,AMEND,
20/2016/tt-nhnn_2,39/2014/TT-NHNN_3,ARTICLE,REPEAL,
20/2016/tt-nhnn_2,101/2012/NĐ-CP_15,ARTICLE,GUIDE,
20/2016/tt-nhnn_2,101/2012/NĐ-CP_16,ARTICLE,GUIDE,
20/2016/tt-nhnn,20/2016/tt-nhnn_3,ARTICLE,CONTAIN,
20/2016/tt-nhnn,20/2016/tt-nhnn_4,ARTICLE,CONTAIN,
17/2016/tt-nhnn,17/2016/tt-nhnn_1,ARTICLE,CONTAIN,
17/2016/tt-nhnn,17/2016/tt-nhnn_2,ARTICLE,CONTAIN,
17/2016/tt-nhnn,17/2016/tt-nhnn_3,ARTICLE,CONTAIN,
17/2016/tt-nhnn_3,17/2016/tt-nhnn_5,ARTICLE,GUIDE,
17/2016/tt-nhnn,17/2016/tt-nhnn_4,ARTICLE,CONTAIN,
17/2016/tt-nhnn,17/2016/tt-nhnn_5,ARTICLE,CONTAIN,
17/2016/tt-nhnn,17/2016/tt-nhnn_6,ARTICLE,CONTAIN,
17/2016/tt-nhnn,17/2016/tt-nhnn_7,ARTICLE,CONTAIN,
17/2016/tt-nhnn,17/2016/tt-nhnn_8,ARTICLE,CONTAIN,
17/2016/tt-nhnn,17/2016/tt-nhnn_9,ARTICLE,CONTAIN,
17/2016/tt-nhnn,17/2016/tt-nhnn_10,ARTICLE,CONTAIN,
17/2016/tt-nhnn,17/2016/tt-nhnn_11,ARTICLE,CONTAIN,
25/2016/tt_nhnn,25/2016/tt_nhnn_1,ARTICLE,CONTAIN,
25/2016/tt_nhnn_1,11/2013/tt-nhnn_1,ARTICLE,AMEND,
25/2016/tt_nhnn_1,11/2013/tt-nhnn_2,ARTICLE,AMEND,
25/2016/tt_nhnn_1,11/2013/tt-nhnn_8,ARTICLE,AMEND,
25/2016/tt_nhnn_1,11/2013/tt-nhnn_10,ARTICLE,AMEND,
25/2016/tt_nhnn,25/2016/tt_nhnn_2,ARTICLE,CONTAIN,
25/2016/tt_nhnn_2,11/2013/TT-NHNN_4,ARTICLE,GUIDE,
25/2016/tt_nhnn,25/2016/tt_nhnn_3,ARTICLE,CONTAIN,
25/2016/tt_nhnn_3,32/2014/tt_nhnn_1,ARTICLE,REPEAL,
27/2016/tt-nhnn,27/2016/tt-nhnn_1,ARTICLE,CONTAIN,
27/2016/tt-nhnn,27/2016/tt-nhnn_2,ARTICLE,CONTAIN,
27/2016/tt-nhnn,27/2016/tt-nhnn_3,ARTICLE,CONTAIN,
27/2016/tt-nhnn,27/2016/tt-nhnn_4,ARTICLE,CONTAIN,
27/2016/tt-nhnn,27/2016/tt-nhnn_5,ARTICLE,CONTAIN,
27/2016/tt-nhnn,27/2016/tt-nhnn_6,ARTICLE,CONTAIN,
27/2016/tt-nhnn,27/2016/tt-nhnn_7,ARTICLE,CONTAIN,
27/2016/tt-nhnn_7,27/2016/tt-nhnn_4,ARTICLE,GUIDE,
27/2016/tt-nhnn,27/2016/tt-nhnn_8,ARTICLE,CONTAIN,
27/2016/tt-nhnn_8,20/2015/QH13_34,ARTICLE,GUIDE,
27/2016/tt-nhnn_8,20/2015/QH13_35,ARTICLE,GUIDE,
27/2016/tt-nhnn_8,34/2016/NĐ-CP_5,ARTICLE,GUIDE,
27/2016/tt-nhnn_8,34/2016/NĐ-CP_6,ARTICLE,GUIDE,
27/2016/tt-nhnn_8,34/2016/NĐ-CP_7,ARTICLE,GUIDE,
27/2016/tt-nhnn_8,34/2016/NĐ-CP_8,ARTICLE,GUIDE,
27/2016/tt-nhnn_8,34/2016/NĐ-CP_9,ARTICLE,GUIDE,
27/2016/tt-nhnn_8,20/2015/QH13_37,ARTICLE,GUIDE,
27/2016/tt-nhnn_8,20/2015/QH13_36,ARTICLE,GUIDE,
27/2016/tt-nhnn_8,34/2016/NĐ-CP_10,ARTICLE,GUIDE,
27/2016/tt-nhnn_8,34/2016/NĐ-CP_11,ARTICLE,GUIDE,
27/2016/tt-nhnn_8,20/2015/QH13_40,ARTICLE,GUIDE,
27/2016/tt-nhnn,27/2016/tt-nhnn_9,ARTICLE,CONTAIN,
27/2016/tt-nhnn_9,34/2016/NĐ-CP_24,ARTICLE,GUIDE,
27/2016/tt-nhnn,27/2016/tt-nhnn_10,ARTICLE,CONTAIN,
27/2016/tt-nhnn_10,34/2016/NĐ-CP_5,ARTICLE,GUIDE,
27/2016/tt-nhnn_10,34/2016/NĐ-CP_6,ARTICLE,GUIDE,
27/2016/tt-nhnn_10,34/2016/NĐ-CP_7,ARTICLE,GUIDE,
27/2016/tt-nhnn_10,34/2016/NĐ-CP_8,ARTICLE,GUIDE,
27/2016/tt-nhnn_10,34/2016/NĐ-CP_9,ARTICLE,GUIDE,
27/2016/tt-nhnn_10,34/2016/NĐ-CP_10,ARTICLE,GUIDE,
27/2016/tt-nhnn_10,34/2016/NĐ-CP_11,ARTICLE,GUIDE,
27/2016/tt-nhnn,27/2016/tt-nhnn_11,ARTICLE,CONTAIN,
27/2016/tt-nhnn_11,61/2014/qh13_7,ARTICLE,GUIDE,
27/2016/tt-nhnn,27/2016/tt-nhnn_12,ARTICLE,CONTAIN,
27/2016/tt-nhnn,27/2016/tt-nhnn_13,ARTICLE,CONTAIN,
27/2016/tt-nhnn_13,27/2016/tt-nhnn_12,ARTICLE,GUIDE,
27/2016/tt-nhnn,27/2016/tt-nhnn_14,ARTICLE,CONTAIN,
27/2016/tt-nhnn_14,27/2016/tt-nhnn_12,ARTICLE,GUIDE,
27/2016/tt-nhnn_14,27/2016/tt-nhnn_13,ARTICLE,GUIDE,
27/2016/tt-nhnn,27/2016/tt-nhnn_15,ARTICLE,CONTAIN,
27/2016/tt-nhnn_15,34/2016/NĐ-CP_28,ARTICLE,GUIDE,
27/2016/tt-nhnn,27/2016/tt-nhnn_16,ARTICLE,CONTAIN,
27/2016/tt-nhnn,27/2016/tt-nhnn_17,ARTICLE,CONTAIN,
27/2016/tt-nhnn,27/2016/tt-nhnn_18,ARTICLE,CONTAIN,
27/2016/tt-nhnn,27/2016/tt-nhnn_19,ARTICLE,CONTAIN,
27/2016/tt-nhnn_19,34/2016/NĐ-CP_31,ARTICLE,GUIDE,
27/2016/tt-nhnn,27/2016/tt-nhnn_20,ARTICLE,CONTAIN,
27/2016/tt-nhnn,27/2016/tt-nhnn_21,ARTICLE,CONTAIN,
27/2016/tt-nhnn,27/2016/tt-nhnn_22,ARTICLE,CONTAIN,
27/2016/tt-nhnn,27/2016/tt-nhnn_23,ARTICLE,CONTAIN,
27/2016/tt-nhnn,27/2016/tt-nhnn_24,ARTICLE,CONTAIN,
27/2016/tt-nhnn_24,27/2016/tt-nhnn_20,ARTICLE,GUIDE,
27/2016/tt-nhnn_24,27/2016/tt-nhnn_19,ARTICLE,GUIDE,
27/2016/tt-nhnn_24,34/2016/NĐ-CP_48,ARTICLE,GUIDE,
27/2016/tt-nhnn,27/2016/tt-nhnn_25,ARTICLE,CONTAIN,
27/2016/tt-nhnn_25,27/2016/tt-nhnn_20,ARTICLE,GUIDE,
27/2016/tt-nhnn,27/2016/tt-nhnn_26,ARTICLE,CONTAIN,
27/2016/tt-nhnn_26,27/2016/tt-nhnn_27,ARTICLE,GUIDE,
27/2016/tt-nhnn,27/2016/tt-nhnn_27,ARTICLE,CONTAIN,
27/2016/tt-nhnn,27/2016/tt-nhnn_28,ARTICLE,CONTAIN,
27/2016/tt-nhnn,27/2016/tt-nhnn_29,ARTICLE,CONTAIN,
27/2016/tt-nhnn,27/2016/tt-nhnn_30,ARTICLE,CONTAIN,
27/2016/tt-nhnn,27/2016/tt-nhnn_31,ARTICLE,CONTAIN,
27/2016/tt-nhnn,27/2016/tt-nhnn_32,ARTICLE,CONTAIN,
27/2016/tt-nhnn,27/2016/tt-nhnn_33,ARTICLE,CONTAIN,
27/2016/tt-nhnn,27/2016/tt-nhnn_34,ARTICLE,CONTAIN,
28/2016/tt-nhnn,28/2016/tt-nhnn_1,ARTICLE,CONTAIN,
28/2016/tt-nhnn_1,21/2014/TT-NHNN_1,ARTICLE,AMEND,
28/2016/tt-nhnn_1,21/2014/TT-NHNN_3,ARTICLE,AMEND,
28/2016/tt-nhnn_1,21/2014/TT-NHNN_4,ARTICLE,AMEND,
28/2016/tt-nhnn_1,21/2014/TT-NHNN_5,ARTICLE,AMEND,
28/2016/tt-nhnn_1,21/2014/TT-NHNN_6,ARTICLE,AMEND,
28/2016/tt-nhnn_1,21/2014/TT-NHNN_7,ARTICLE,AMEND,
28/2016/tt-nhnn_1,21/2014/TT-NHNN_8,ARTICLE,AMEND,
28/2016/tt-nhnn_1,21/2014/TT-NHNN_9,ARTICLE,AMEND,
28/2016/tt-nhnn_1,21/2014/TT-NHNN_10,ARTICLE,AMEND,
28/2016/tt-nhnn_1,21/2014/TT-NHNN_11,ARTICLE,AMEND,
28/2016/tt-nhnn_1,21/2014/TT-NHNN_12,ARTICLE,AMEND,
28/2016/tt-nhnn_1,21/2014/TT-NHNN_14,ARTICLE,AMEND,
28/2016/tt-nhnn_1,21/2014/TT-NHNN_15,ARTICLE,AMEND,
28/2016/tt-nhnn_1,21/2014/TT-NHNN_16,ARTICLE,AMEND,
28/2016/tt-nhnn_1,21/2014/TT-NHNN_17,ARTICLE,AMEND,
28/2016/tt-nhnn_1,21/2014/TT-NHNN_18,ARTICLE,AMEND,
28/2016/tt-nhnn_1,21/2014/TT-NHNN_19,ARTICLE,AMEND,
28/2016/tt-nhnn_1,21/2014/TT-NHNN_20,ARTICLE,AMEND,
28/2016/tt-nhnn_1,21/2014/TT-NHNN_21,ARTICLE,AMEND,
28/2016/tt-nhnn_1,21/2014/TT-NHNN_22,ARTICLE,AMEND,
28/2016/tt-nhnn_1,21/2014/TT-NHNN_23,ARTICLE,AMEND,
28/2016/tt-nhnn_1,21/2014/TT-NHNN_24,ARTICLE,AMEND,
28/2016/tt-nhnn_1,21/2014/TT-NHNN_25,ARTICLE,AMEND,
28/2016/tt-nhnn_1,21/2014/TT-NHNN_26,ARTICLE,AMEND,
28/2016/tt-nhnn_1,21/2014/TT-NHNN_27,ARTICLE,AMEND,
28/2016/tt-nhnn_1,21/2014/TT-NHNN_29,ARTICLE,AMEND,
28/2016/tt-nhnn_1,21/2014/TT-NHNN_30,ARTICLE,AMEND,
28/2016/tt-nhnn_1,21/2014/TT-NHNN_31,ARTICLE,AMEND,
28/2016/tt-nhnn_1,21/2014/TT-NHNN_32,ARTICLE,AMEND,
28/2016/tt-nhnn_1,21/2014/TT-NHNN_33,ARTICLE,AMEND,
28/2016/tt-nhnn_1,21/2014/TT-NHNN_35,ARTICLE,AMEND,
28/2016/tt-nhnn_1,21/2014/TT-NHNN_36,ARTICLE,AMEND,
28/2016/tt-nhnn_1,21/2014/TT-NHNN_3,ARTICLE,REPEAL,
28/2016/tt-nhnn,28/2016/tt-nhnn_2,ARTICLE,CONTAIN,
28/2016/tt-nhnn,28/2016/tt-nhnn_3,ARTICLE,CONTAIN,
28/2016/tt-nhnn,28/2016/tt-nhnn_4,ARTICLE,CONTAIN,
26/2016/tt-nhnn,26/2016/tt-nhnn_1,ARTICLE,CONTAIN,
26/2016/tt-nhnn,26/2016/tt-nhnn_2,ARTICLE,CONTAIN,
26/2016/tt-nhnn,26/2016/tt-nhnn_3,ARTICLE,CONTAIN,
26/2016/tt-nhnn,26/2016/tt-nhnn_4,ARTICLE,CONTAIN,
26/2016/tt-nhnn,26/2016/tt-nhnn_5,ARTICLE,CONTAIN,
26/2016/tt-nhnn,26/2016/tt-nhnn_6,ARTICLE,CONTAIN,
26/2016/tt-nhnn,26/2016/tt-nhnn_7,ARTICLE,CONTAIN,
26/2016/tt-nhnn,26/2016/tt-nhnn_8,ARTICLE,CONTAIN,
26/2016/tt-nhnn,26/2016/tt-nhnn_9,ARTICLE,CONTAIN,
26/2016/tt-nhnn,26/2016/tt-nhnn_10,ARTICLE,CONTAIN,
26/2016/tt-nhnn_10,26/2016/tt-nhnn_5,ARTICLE,GUIDE,
26/2016/tt-nhnn_10,26/2016/tt-nhnn_6,ARTICLE,GUIDE,
26/2016/tt-nhnn_10,26/2016/tt-nhnn_7,ARTICLE,GUIDE,
26/2016/tt-nhnn_10,26/2016/tt-nhnn_9,ARTICLE,GUIDE,
26/2016/tt-nhnn,26/2016/tt-nhnn_11,ARTICLE,CONTAIN,
26/2016/tt-nhnn,26/2016/tt-nhnn_12,ARTICLE,CONTAIN,
30/2016/tt-nhnn,30/2016/tt-nhnn_1,ARTICLE,CONTAIN,
30/2016/tt-nhnn_1,19/2016/tt-nhnn_10,ARTICLE,AMEND,
30/2016/tt-nhnn_1,19/2016/tt-nhnn_13,ARTICLE,AMEND,
30/2016/tt-nhnn_1,19/2016/tt-nhnn_18,ARTICLE,AMEND,
30/2016/tt-nhnn_1,19/2016/tt-nhnn_20,ARTICLE,AMEND,
30/2016/tt-nhnn_1,19/2016/tt-nhnn_31,ARTICLE,AMEND,
30/2016/tt-nhnn_1,19/2016/tt-nhnn_11,ARTICLE,REPEAL,
30/2016/tt-nhnn_1,30/2016/tt-nhnn_20,ARTICLE,GUIDE,
30/2016/tt-nhnn,30/2016/tt-nhnn_2,ARTICLE,CONTAIN,
30/2016/tt-nhnn_2,22/2015/tt-nhnn_11,ARTICLE,AMEND,
30/2016/tt-nhnn_2,30/2016/tt-nhnn_19,ARTICLE,GUIDE,
30/2016/tt-nhnn,30/2016/tt-nhnn_3,ARTICLE,CONTAIN,
30/2016/tt-nhnn_3,39/2014/tt-nhnn_13,ARTICLE,AMEND,
30/2016/tt-nhnn,30/2016/tt-nhnn_4,ARTICLE,CONTAIN,
30/2016/tt-nhnn_4,36/2012/tt-nhnn_11,ARTICLE,REPEAL,
30/2016/tt-nhnn,30/2016/tt-nhnn_5,ARTICLE,CONTAIN,
30/2016/tt-nhnn,30/2016/tt-nhnn_6,ARTICLE,CONTAIN,
30/2016/tt-nhnn,30/2016/tt-nhnn_7,ARTICLE,CONTAIN,
29/2016/tt-nhnn,29/2016/tt-nhnn_1,ARTICLE,CONTAIN,
29/2016/tt-nhnn,29/2016/tt-nhnn_2,ARTICLE,CONTAIN,
29/2016/tt-nhnn,29/2016/tt-nhnn_3,ARTICLE,CONTAIN,
29/2016/tt-nhnn,29/2016/tt-nhnn_4,ARTICLE,CONTAIN,
29/2016/tt-nhnn,29/2016/tt-nhnn_5,ARTICLE,CONTAIN,
29/2016/tt-nhnn,29/2016/tt-nhnn_6,ARTICLE,CONTAIN,
29/2016/tt-nhnn,29/2016/tt-nhnn_7,ARTICLE,CONTAIN,
29/2016/tt-nhnn,29/2016/tt-nhnn_8,ARTICLE,CONTAIN,
29/2016/tt-nhnn,29/2016/tt-nhnn_9,ARTICLE,CONTAIN,
29/2016/tt-nhnn_9,29/2016/tt-nhnn_7,ARTICLE,GUIDE,
29/2016/tt-nhnn,29/2016/tt-nhnn_10,ARTICLE,CONTAIN,
29/2016/tt-nhnn,29/2016/tt-nhnn_11,ARTICLE,CONTAIN,
29/2016/tt-nhnn_11,29/2016/tt-nhnn_7,ARTICLE,GUIDE,
29/2016/tt-nhnn_11,29/2016/tt-nhnn_5,ARTICLE,GUIDE,
29/2016/tt-nhnn_11,29/2016/tt-nhnn_6,ARTICLE,GUIDE,
29/2016/tt-nhnn,29/2016/tt-nhnn_12,ARTICLE,CONTAIN,
08/2007/ttlt-nhnn_bca-btp,08/2007/ttlt-nhnn_bca-btp_1,ARTICLE,CONTAIN,
08/2007/ttlt-nhnn_bca-btp,08/2007/ttlt-nhnn_bca-btp_2,ARTICLE,CONTAIN,
08/2007/ttlt-nhnn_bca-btp,08/2007/ttlt-nhnn_bca-btp_3,ARTICLE,CONTAIN,
08/2007/ttlt-nhnn_bca-btp,08/2007/ttlt-nhnn_bca-btp_4,ARTICLE,CONTAIN,
08/2007/ttlt-nhnn_bca-btp,08/2007/ttlt-nhnn_bca-btp_5,ARTICLE,CONTAIN,
08/2007/ttlt-nhnn_bca-btp,08/2007/ttlt-nhnn_bca-btp_6,ARTICLE,CONTAIN,
08/2007/ttlt-nhnn_bca-btp,08/2007/ttlt-nhnn_bca-btp_7,ARTICLE,CONTAIN,
08/2007/ttlt-nhnn_bca-btp_7,2005_256,ARTICLE,GUIDE,
08/2007/ttlt-nhnn_bca-btp_7,2003_76,ARTICLE,GUIDE,
08/2007/ttlt-nhnn_bca-btp,08/2007/ttlt-nhnn_bca-btp_8,ARTICLE,CONTAIN,
08/2007/ttlt-nhnn_bca-btp,08/2007/ttlt-nhnn_bca-btp_9,ARTICLE,CONTAIN,
08/2007/ttlt-nhnn_bca-btp,08/2007/ttlt-nhnn_bca-btp_10,ARTICLE,CONTAIN,
08/2007/ttlt-nhnn_bca-btp,08/2007/ttlt-nhnn_bca-btp_11,ARTICLE,CONTAIN,
08/2007/ttlt-nhnn_bca-btp,08/2007/ttlt-nhnn_bca-btp_12,ARTICLE,CONTAIN,
08/2007/ttlt-nhnn_bca-btp,08/2007/ttlt-nhnn_bca-btp_13,ARTICLE,CONTAIN,
08/2007/ttlt-nhnn_bca-btp,08/2007/ttlt-nhnn_bca-btp_14,ARTICLE,CONTAIN,
08/2007/ttlt-nhnn_bca-btp,08/2007/ttlt-nhnn_bca-btp_15,ARTICLE,CONTAIN,
08/2007/ttlt-nhnn_bca-btp,08/2007/ttlt-nhnn_bca-btp_16,ARTICLE,CONTAIN,
08/2007/ttlt-nhnn_bca-btp,08/2007/ttlt-nhnn_bca-btp_17,ARTICLE,CONTAIN,
08/2007/ttlt-nhnn_bca-btp,08/2007/ttlt-nhnn_bca-btp_18,ARTICLE,CONTAIN,
08/2007/ttlt-nhnn_bca-btp,08/2007/ttlt-nhnn_bca-btp_19,ARTICLE,CONTAIN,
34/2016/tt-nhnn,34/2016/tt-nhnn_1,ARTICLE,CONTAIN,
34/2016/tt-nhnn,34/2016/tt-nhnn_2,ARTICLE,CONTAIN,
34/2016/tt-nhnn,34/2016/tt-nhnn_3,ARTICLE,CONTAIN,
34/2016/tt-nhnn,34/2016/tt-nhnn_4,ARTICLE,CONTAIN,
34/2016/tt-nhnn,34/2016/tt-nhnn_5,ARTICLE,CONTAIN,
34/2016/tt-nhnn,34/2016/tt-nhnn_6,ARTICLE,CONTAIN,
34/2016/tt-nhnn_6,34/2016/tt-nhnn_5,ARTICLE,GUIDE,
34/2016/tt-nhnn,34/2016/tt-nhnn_7,ARTICLE,CONTAIN,
34/2016/tt-nhnn,34/2016/tt-nhnn_8,ARTICLE,CONTAIN,
34/2016/tt-nhnn_8,34/2016/tt-nhnn_5,ARTICLE,GUIDE,
34/2016/tt-nhnn,34/2016/tt-nhnn_9,ARTICLE,CONTAIN,
34/2016/tt-nhnn,34/2016/tt-nhnn_10,ARTICLE,CONTAIN,
34/2016/tt-nhnn_10,34/2016/tt-nhnn_4,ARTICLE,GUIDE,
34/2016/tt-nhnn,34/2016/tt-nhnn_11,ARTICLE,CONTAIN,
34/2016/tt-nhnn,34/2016/tt-nhnn_12,ARTICLE,CONTAIN,
34/2016/tt-nhnn,34/2016/tt-nhnn_13,ARTICLE,CONTAIN,
34/2016/tt-nhnn,34/2016/tt-nhnn_14,ARTICLE,CONTAIN,
33/2016/tt-nhnn,33/2016/tt-nhnn_1,ARTICLE,CONTAIN,
33/2016/tt-nhnn_1,53/2013/NĐ-CP_13,ARTICLE,GUIDE,
33/2016/tt-nhnn,33/2016/tt-nhnn_2,ARTICLE,CONTAIN,
33/2016/tt-nhnn_2,33/2016/tt-nhnn_1,ARTICLE,GUIDE,
33/2016/tt-nhnn,33/2016/tt-nhnn_3,ARTICLE,CONTAIN,
33/2016/tt-nhnn,33/2016/tt-nhnn_4,ARTICLE,CONTAIN,
33/2016/tt-nhnn,33/2016/tt-nhnn_5,ARTICLE,CONTAIN,
41/2016/tt-nhnn,41/2016/tt-nhnn_1,ARTICLE,CONTAIN,
41/2016/tt-nhnn,41/2016/tt-nhnn_2,ARTICLE,CONTAIN,
41/2016/tt-nhnn_2,41/2016/tt-nhnn_8,ARTICLE,GUIDE,
41/2016/tt-nhnn_2,32/2024/qh15_4,ARTICLE,GUIDE,
41/2016/tt-nhnn,41/2016/tt-nhnn_3,ARTICLE,CONTAIN,
41/2016/tt-nhnn,41/2016/tt-nhnn_4,ARTICLE,CONTAIN,
41/2016/tt-nhnn,41/2016/tt-nhnn_5,ARTICLE,CONTAIN,
41/2016/tt-nhnn,41/2016/tt-nhnn_6,ARTICLE,CONTAIN,
41/2016/tt-nhnn,41/2016/tt-nhnn_7,ARTICLE,CONTAIN,
41/2016/tt-nhnn,41/2016/tt-nhnn_8,ARTICLE,CONTAIN,
41/2016/tt-nhnn_8,41/2016/tt-nhnn_9,ARTICLE,GUIDE,
41/2016/tt-nhnn_8,41/2016/tt-nhnn_10,ARTICLE,GUIDE,
41/2016/tt-nhnn_8,41/2016/tt-nhnn_12,ARTICLE,GUIDE,
41/2016/tt-nhnn_8,41/2016/tt-nhnn_13,ARTICLE,GUIDE,
41/2016/tt-nhnn_8,41/2016/tt-nhnn_14,ARTICLE,GUIDE,
41/2016/tt-nhnn_8,41/2016/tt-nhnn_15,ARTICLE,GUIDE,
41/2016/tt-nhnn,41/2016/tt-nhnn_9,ARTICLE,CONTAIN,
41/2016/tt-nhnn_9,41/2016/tt-nhnn_2,ARTICLE,GUIDE,
41/2016/tt-nhnn_9,41/2016/tt-nhnn_8,ARTICLE,GUIDE,
41/2016/tt-nhnn,41/2016/tt-nhnn_10,ARTICLE,CONTAIN,
41/2016/tt-nhnn,41/2016/tt-nhnn_11,ARTICLE,CONTAIN,
41/2016/tt-nhnn_11,41/2016/tt-nhnn_8,ARTICLE,GUIDE,
41/2016/tt-nhnn,41/2016/tt-nhnn_12,ARTICLE,CONTAIN,
41/2016/tt-nhnn,41/2016/tt-nhnn_13,ARTICLE,CONTAIN,
41/2016/tt-nhnn,41/2016/tt-nhnn_14,ARTICLE,CONTAIN,
41/2016/tt-nhnn,41/2016/tt-nhnn_15,ARTICLE,CONTAIN,
41/2016/tt-nhnn_15,41/2016/tt-nhnn_8,ARTICLE,GUIDE,
41/2016/tt-nhnn,41/2016/tt-nhnn_16,ARTICLE,CONTAIN,
41/2016/tt-nhnn,41/2016/tt-nhnn_17,ARTICLE,CONTAIN,
41/2016/tt-nhnn,41/2016/tt-nhnn_18,ARTICLE,CONTAIN,
41/2016/tt-nhnn,41/2016/tt-nhnn_19,ARTICLE,CONTAIN,
41/2016/tt-nhnn,41/2016/tt-nhnn_20,ARTICLE,CONTAIN,
41/2016/tt-nhnn,41/2016/tt-nhnn_21,ARTICLE,CONTAIN,
41/2016/tt-nhnn_21,41/2016/tt-nhnn_6,ARTICLE,GUIDE,
41/2016/tt-nhnn,41/2016/tt-nhnn_22,ARTICLE,CONTAIN,
41/2016/tt-nhnn,41/2016/tt-nhnn_23,ARTICLE,CONTAIN,
41/2016/tt-nhnn,41/2016/tt-nhnn_24,ARTICLE,CONTAIN,
36/2016/tt-nhnn,36/2016/tt-nhnn_1,ARTICLE,CONTAIN,
36/2016/tt-nhnn,36/2016/tt-nhnn_2,ARTICLE,CONTAIN,
36/2016/tt-nhnn,36/2016/tt-nhnn_3,ARTICLE,CONTAIN,
36/2016/tt-nhnn,36/2016/tt-nhnn_4,ARTICLE,CONTAIN,
36/2016/tt-nhnn,36/2016/tt-nhnn_5,ARTICLE,CONTAIN,
36/2016/tt-nhnn,36/2016/tt-nhnn_6,ARTICLE,CONTAIN,
36/2016/tt-nhnn,36/2016/tt-nhnn_7,ARTICLE,CONTAIN,
36/2016/tt-nhnn,36/2016/tt-nhnn_8,ARTICLE,CONTAIN,
36/2016/tt-nhnn,36/2016/tt-nhnn_9,ARTICLE,CONTAIN,
36/2016/tt-nhnn_9,36/2016/tt-nhnn_4,ARTICLE,GUIDE,
36/2016/tt-nhnn,36/2016/tt-nhnn_10,ARTICLE,CONTAIN,
36/2016/tt-nhnn,36/2016/tt-nhnn_11,ARTICLE,CONTAIN,
36/2016/tt-nhnn_11,36/2016/tt-nhnn_4,ARTICLE,GUIDE,
36/2016/tt-nhnn,36/2016/tt-nhnn_12,ARTICLE,CONTAIN,
36/2016/tt-nhnn,36/2016/tt-nhnn_13,ARTICLE,CONTAIN,
36/2016/tt-nhnn,36/2016/tt-nhnn_14,ARTICLE,CONTAIN,
36/2016/tt-nhnn,36/2016/tt-nhnn_15,ARTICLE,CONTAIN,
36/2016/tt-nhnn,36/2016/tt-nhnn_16,ARTICLE,CONTAIN,
36/2016/tt-nhnn,36/2016/tt-nhnn_17,ARTICLE,CONTAIN,
36/2016/tt-nhnn,36/2016/tt-nhnn_18,ARTICLE,CONTAIN,
36/2016/tt-nhnn,36/2016/tt-nhnn_19,ARTICLE,CONTAIN,
36/2016/tt-nhnn,36/2016/tt-nhnn_20,ARTICLE,CONTAIN,
36/2016/tt-nhnn,36/2016/tt-nhnn_21,ARTICLE,CONTAIN,
36/2016/tt-nhnn,36/2016/tt-nhnn_22,ARTICLE,CONTAIN,
36/2016/tt-nhnn,36/2016/tt-nhnn_23,ARTICLE,CONTAIN,
36/2016/tt-nhnn,36/2016/tt-nhnn_24,ARTICLE,CONTAIN,
36/2016/tt-nhnn,36/2016/tt-nhnn_25,ARTICLE,CONTAIN,
36/2016/tt-nhnn,36/2016/tt-nhnn_26,ARTICLE,CONTAIN,
36/2016/tt-nhnn,36/2016/tt-nhnn_27,ARTICLE,CONTAIN,
36/2016/tt-nhnn_27,36/2016/tt-nhnn_4,ARTICLE,GUIDE,
36/2016/tt-nhnn_27,36/2016/tt-nhnn_11,ARTICLE,GUIDE,
36/2016/tt-nhnn,36/2016/tt-nhnn_28,ARTICLE,CONTAIN,
36/2016/tt-nhnn,36/2016/tt-nhnn_29,ARTICLE,CONTAIN,
36/2016/tt-nhnn,36/2016/tt-nhnn_30,ARTICLE,CONTAIN,
36/2016/tt-nhnn_30,36/2016/tt-nhnn_14,ARTICLE,GUIDE,
36/2016/tt-nhnn,36/2016/tt-nhnn_31,ARTICLE,CONTAIN,
36/2016/tt-nhnn_31,36/2016/tt-nhnn_15,ARTICLE,GUIDE,
36/2016/tt-nhnn_31,36/2016/tt-nhnn_25,ARTICLE,GUIDE,
36/2016/tt-nhnn,36/2016/tt-nhnn_32,ARTICLE,CONTAIN,
36/2016/tt-nhnn,36/2016/tt-nhnn_33,ARTICLE,CONTAIN,
38/2016/tt-nhnn,38/2016/tt-nhnn_1,ARTICLE,CONTAIN,
38/2016/tt-nhnn,38/2016/tt-nhnn_2,ARTICLE,CONTAIN,
38/2016/tt-nhnn,38/2016/tt-nhnn_3,ARTICLE,CONTAIN,
38/2016/tt-nhnn,38/2016/tt-nhnn_4,ARTICLE,CONTAIN,
38/2016/tt-nhnn,38/2016/tt-nhnn_5,ARTICLE,CONTAIN,
38/2016/tt-nhnn,38/2016/tt-nhnn_6,ARTICLE,CONTAIN,
38/2016/tt-nhnn,38/2016/tt-nhnn_7,ARTICLE,CONTAIN,
38/2016/tt-nhnn,38/2016/tt-nhnn_8,ARTICLE,CONTAIN,
38/2016/tt-nhnn,38/2016/tt-nhnn_9,ARTICLE,CONTAIN,
38/2016/tt-nhnn,38/2016/tt-nhnn_10,ARTICLE,CONTAIN,
38/2016/tt-nhnn,38/2016/tt-nhnn_11,ARTICLE,CONTAIN,
38/2016/tt-nhnn,38/2016/tt-nhnn_12,ARTICLE,CONTAIN,
38/2016/tt-nhnn_12,38/2016/tt-nhnn_11,ARTICLE,GUIDE,
38/2016/tt-nhnn,38/2016/tt-nhnn_13,ARTICLE,CONTAIN,
38/2016/tt-nhnn,38/2016/tt-nhnn_14,ARTICLE,CONTAIN,
38/2016/tt-nhnn,38/2016/tt-nhnn_15,ARTICLE,CONTAIN,
38/2016/tt-nhnn,38/2016/tt-nhnn_16,ARTICLE,CONTAIN,
38/2016/tt-nhnn,38/2016/tt-nhnn_17,ARTICLE,CONTAIN,
38/2016/tt-nhnn,38/2016/tt-nhnn_18,ARTICLE,CONTAIN,
17/2007/ttlt-blđtbxh-nhnnvn,17/2007/ttlt-blđtbxh-nhnnvn_1,ARTICLE,CONTAIN,
17/2007/ttlt-blđtbxh-nhnnvn,17/2007/ttlt-blđtbxh-nhnnvn_2,ARTICLE,CONTAIN,
17/2007/ttlt-blđtbxh-nhnnvn_2,48/2006/QH11_8,ARTICLE,GUIDE,
17/2007/ttlt-blđtbxh-nhnnvn_2,48/2006/QH11_34,ARTICLE,GUIDE,
17/2007/ttlt-blđtbxh-nhnnvn,17/2007/ttlt-blđtbxh-nhnnvn_3,ARTICLE,CONTAIN,
17/2007/ttlt-blđtbxh-nhnnvn_3,24/2012/QH13_23,ARTICLE,GUIDE,
17/2007/ttlt-blđtbxh-nhnnvn,17/2007/ttlt-blđtbxh-nhnnvn_4,ARTICLE,CONTAIN,
17/2007/ttlt-blđtbxh-nhnnvn_4,22/2012/QH13_25,ARTICLE,GUIDE,
17/2007/ttlt-blđtbxh-nhnnvn_4,22/2012/QH13_26,ARTICLE,GUIDE,
17/2007/ttlt-blđtbxh-nhnnvn_4,22/2012/QH13_27,ARTICLE,GUIDE,
43/2016/tt-nhnn,43/2016/tt-nhnn_1,ARTICLE,CONTAIN,
43/2016/tt-nhnn,43/2016/tt-nhnn_2,ARTICLE,CONTAIN,
43/2016/tt-nhnn,43/2016/tt-nhnn_3,ARTICLE,CONTAIN,
43/2016/tt-nhnn,43/2016/tt-nhnn_4,ARTICLE,CONTAIN,
43/2016/tt-nhnn,43/2016/tt-nhnn_5,ARTICLE,CONTAIN,
43/2016/tt-nhnn,43/2016/tt-nhnn_6,ARTICLE,CONTAIN,
43/2016/tt-nhnn,43/2016/tt-nhnn_7,ARTICLE,CONTAIN,
43/2016/tt-nhnn,43/2016/tt-nhnn_8,ARTICLE,CONTAIN,
43/2016/tt-nhnn,43/2016/tt-nhnn_9,ARTICLE,CONTAIN,
43/2016/tt-nhnn_9,43/2016/tt-nhnn_7,ARTICLE,GUIDE,
43/2016/tt-nhnn,43/2016/tt-nhnn_10,ARTICLE,CONTAIN,
43/2016/tt-nhnn,43/2016/tt-nhnn_11,ARTICLE,CONTAIN,
43/2016/tt-nhnn,43/2016/tt-nhnn_12,ARTICLE,CONTAIN,
43/2016/tt-nhnn,43/2016/tt-nhnn_13,ARTICLE,CONTAIN,
42/2016/tt-nhnn,42/2016/tt-nhnn_1,ARTICLE,CONTAIN,
42/2016/tt-nhnn,42/2016/tt-nhnn_2,ARTICLE,CONTAIN,
42/2016/tt-nhnn,42/2016/tt-nhnn_3,ARTICLE,CONTAIN,
42/2016/tt-nhnn_3,42/2016/tt-nhnn_5,ARTICLE,GUIDE,
42/2016/tt-nhnn_3,42/2016/tt-nhnn_12,ARTICLE,GUIDE,
42/2016/tt-nhnn,42/2016/tt-nhnn_4,ARTICLE,CONTAIN,
42/2016/tt-nhnn,42/2016/tt-nhnn_5,ARTICLE,CONTAIN,
42/2016/tt-nhnn,42/2016/tt-nhnn_6,ARTICLE,CONTAIN,
42/2016/tt-nhnn,42/2016/tt-nhnn_7,ARTICLE,CONTAIN,
42/2016/tt-nhnn,42/2016/tt-nhnn_8,ARTICLE,CONTAIN,
42/2016/tt-nhnn,42/2016/tt-nhnn_9,ARTICLE,CONTAIN,
42/2016/tt-nhnn,42/2016/tt-nhnn_10,ARTICLE,CONTAIN,
42/2016/tt-nhnn,42/2016/tt-nhnn_11,ARTICLE,CONTAIN,
42/2016/tt-nhnn,42/2016/tt-nhnn_12,ARTICLE,CONTAIN,
42/2016/tt-nhnn,42/2016/tt-nhnn_13,ARTICLE,CONTAIN,
42/2016/tt-nhnn,42/2016/tt-nhnn_14,ARTICLE,CONTAIN,
42/2016/tt-nhnn,42/2016/tt-nhnn_15,ARTICLE,CONTAIN,
42/2016/tt-nhnn,42/2016/tt-nhnn_16,ARTICLE,CONTAIN,
40/2016/tt-nhnn,40/2016/tt-nhnn_1,ARTICLE,CONTAIN,
40/2016/tt-nhnn,40/2016/tt-nhnn_2,ARTICLE,CONTAIN,
40/2016/tt-nhnn,40/2016/tt-nhnn_3,ARTICLE,CONTAIN,
40/2016/tt-nhnn,40/2016/tt-nhnn_4,ARTICLE,CONTAIN,
40/2016/tt-nhnn,40/2016/tt-nhnn_5,ARTICLE,CONTAIN,
40/2016/tt-nhnn,40/2016/tt-nhnn_6,ARTICLE,CONTAIN,
40/2016/tt-nhnn,40/2016/tt-nhnn_7,ARTICLE,CONTAIN,
40/2016/tt-nhnn_7,40/2016/tt-nhnn_11,ARTICLE,GUIDE,
40/2016/tt-nhnn_7,40/2016/tt-nhnn_6,ARTICLE,GUIDE,
40/2016/tt-nhnn,40/2016/tt-nhnn_8,ARTICLE,CONTAIN,
40/2016/tt-nhnn,40/2016/tt-nhnn_9,ARTICLE,CONTAIN,
40/2016/tt-nhnn,40/2016/tt-nhnn_10,ARTICLE,CONTAIN,
40/2016/tt-nhnn,40/2016/tt-nhnn_11,ARTICLE,CONTAIN,
40/2016/tt-nhnn_11,40/2016/tt-nhnn_9,ARTICLE,GUIDE,
40/2016/tt-nhnn_11,40/2016/tt-nhnn_13,ARTICLE,GUIDE,
40/2016/tt-nhnn_11,40/2016/tt-nhnn_7,ARTICLE,GUIDE,
40/2016/tt-nhnn,40/2016/tt-nhnn_12,ARTICLE,CONTAIN,
40/2016/tt-nhnn,40/2016/tt-nhnn_13,ARTICLE,CONTAIN,
40/2016/tt-nhnn,40/2016/tt-nhnn_14,ARTICLE,CONTAIN,
40/2016/tt-nhnn,40/2016/tt-nhnn_15,ARTICLE,CONTAIN,
40/2016/tt-nhnn,40/2016/tt-nhnn_16,ARTICLE,CONTAIN,
40/2016/tt-nhnn_16,40/2016/tt-nhnn_5,ARTICLE,GUIDE,
40/2016/tt-nhnn,40/2016/tt-nhnn_17,ARTICLE,CONTAIN,
40/2016/tt-nhnn_17,40/2016/tt-nhnn_5,ARTICLE,GUIDE,
40/2016/tt-nhnn,40/2016/tt-nhnn_18,ARTICLE,CONTAIN,
40/2016/tt-nhnn,40/2016/tt-nhnn_19,ARTICLE,CONTAIN,
39/2016/tt-nhnn,39/2016/tt-nhnn_1,ARTICLE,CONTAIN,
39/2016/tt-nhnn,39/2016/tt-nhnn_2,ARTICLE,CONTAIN,
39/2016/tt-nhnn_2,39/2016/tt-nhnn_20,ARTICLE,GUIDE,
39/2016/tt-nhnn_2,39/2016/tt-nhnn_21,ARTICLE,GUIDE,
39/2016/tt-nhnn,39/2016/tt-nhnn_3,ARTICLE,CONTAIN,
39/2016/tt-nhnn,39/2016/tt-nhnn_4,ARTICLE,CONTAIN,
39/2016/tt-nhnn,39/2016/tt-nhnn_5,ARTICLE,CONTAIN,
39/2016/tt-nhnn,39/2016/tt-nhnn_6,ARTICLE,CONTAIN,
39/2016/tt-nhnn,39/2016/tt-nhnn_7,ARTICLE,CONTAIN,
39/2016/tt-nhnn_7,39/2016/tt-nhnn_13,ARTICLE,GUIDE,
39/2016/tt-nhnn,39/2016/tt-nhnn_8,ARTICLE,CONTAIN,
39/2016/tt-nhnn,39/2016/tt-nhnn_9,ARTICLE,CONTAIN,
39/2016/tt-nhnn_9,39/2016/tt-nhnn_7,ARTICLE,GUIDE,
39/2016/tt-nhnn,39/2016/tt-nhnn_10,ARTICLE,CONTAIN,
39/2016/tt-nhnn,39/2016/tt-nhnn_11,ARTICLE,CONTAIN,
39/2016/tt-nhnn,39/2016/tt-nhnn_12,ARTICLE,CONTAIN,
39/2016/tt-nhnn,39/2016/tt-nhnn_13,ARTICLE,CONTAIN,
39/2016/tt-nhnn,39/2016/tt-nhnn_14,ARTICLE,CONTAIN,
39/2016/tt-nhnn,39/2016/tt-nhnn_15,ARTICLE,CONTAIN,
39/2016/tt-nhnn,39/2016/tt-nhnn_16,ARTICLE,CONTAIN,
39/2016/tt-nhnn_16,39/2016/tt-nhnn_9,ARTICLE,GUIDE,
39/2016/tt-nhnn_16,39/2016/tt-nhnn_13,ARTICLE,GUIDE,
39/2016/tt-nhnn,39/2016/tt-nhnn_17,ARTICLE,CONTAIN,
39/2016/tt-nhnn_17,39/2016/tt-nhnn_7,ARTICLE,GUIDE,
39/2016/tt-nhnn,39/2016/tt-nhnn_18,ARTICLE,CONTAIN,
39/2016/tt-nhnn_18,39/2016/tt-nhnn_19,ARTICLE,GUIDE,
39/2016/tt-nhnn_18,39/2016/tt-nhnn_20,ARTICLE,GUIDE,
39/2016/tt-nhnn_18,39/2016/tt-nhnn_13,ARTICLE,GUIDE,
39/2016/tt-nhnn,39/2016/tt-nhnn_19,ARTICLE,CONTAIN,
39/2016/tt-nhnn,39/2016/tt-nhnn_20,ARTICLE,CONTAIN,
39/2016/tt-nhnn,39/2016/tt-nhnn_21,ARTICLE,CONTAIN,
39/2016/tt-nhnn,39/2016/tt-nhnn_22,ARTICLE,CONTAIN,
39/2016/tt-nhnn,39/2016/tt-nhnn_23,ARTICLE,CONTAIN,
39/2016/tt-nhnn_23,39/2016/tt-nhnn_13,ARTICLE,GUIDE,
39/2016/tt-nhnn_23,39/2016/tt-nhnn_20,ARTICLE,GUIDE,
39/2016/tt-nhnn_23,39/2016/tt-nhnn_21,ARTICLE,GUIDE,
39/2016/tt-nhnn,39/2016/tt-nhnn_24,ARTICLE,CONTAIN,
39/2016/tt-nhnn_24,39/2016/tt-nhnn_22,ARTICLE,GUIDE,
39/2016/tt-nhnn,39/2016/tt-nhnn_25,ARTICLE,CONTAIN,
39/2016/tt-nhnn_25,39/2016/tt-nhnn_13,ARTICLE,GUIDE,
39/2016/tt-nhnn,39/2016/tt-nhnn_26,ARTICLE,CONTAIN,
39/2016/tt-nhnn_26,32/2024/qh15_126,ARTICLE,GUIDE,
39/2016/tt-nhnn_26,32/2024/qh15_127,ARTICLE,GUIDE,
39/2016/tt-nhnn_26,32/2024/qh15_128,ARTICLE,GUIDE,
39/2016/tt-nhnn,39/2016/tt-nhnn_27,ARTICLE,CONTAIN,
39/2016/tt-nhnn,39/2016/tt-nhnn_28,ARTICLE,CONTAIN,
39/2016/tt-nhnn,39/2016/tt-nhnn_29,ARTICLE,CONTAIN,
39/2016/tt-nhnn,39/2016/tt-nhnn_30,ARTICLE,CONTAIN,
39/2016/tt-nhnn_30,39/2016/tt-nhnn_27,ARTICLE,GUIDE,
39/2016/tt-nhnn,39/2016/tt-nhnn_31,ARTICLE,CONTAIN,
39/2016/tt-nhnn,39/2016/tt-nhnn_32,ARTICLE,CONTAIN,
39/2016/tt-nhnn,39/2016/tt-nhnn_33,ARTICLE,CONTAIN,
39/2016/tt-nhnn_33,1627/2001/QĐ-NHNN_2,ARTICLE,REPEAL,
39/2016/tt-nhnn_33,127/2005/QĐ-NHNN_1,ARTICLE,REPEAL,
39/2016/tt-nhnn,39/2016/tt-nhnn_34,ARTICLE,CONTAIN,
39/2016/tt-nhnn,39/2016/tt-nhnn_35,ARTICLE,CONTAIN,
01/2017/tt-nhnn,01/2017/tt-nhnn_1,ARTICLE,CONTAIN,
01/2017/tt-nhnn,01/2017/tt-nhnn_2,ARTICLE,CONTAIN,
01/2017/tt-nhnn,01/2017/tt-nhnn_3,ARTICLE,CONTAIN,
307/1997/qđ-nh2,307/1997/qđ-nh2_1,ARTICLE,CONTAIN,
307/1997/qđ-nh2,307/1997/qđ-nh2_2,ARTICLE,CONTAIN,
307/1997/qđ-nh2,307/1997/qđ-nh2_3,ARTICLE,CONTAIN,
307/1997/qđ-nh2,307/1997/qđ-nh2_4,ARTICLE,CONTAIN,
307/1997/qđ-nh2,307/1997/qđ-nh2_5,ARTICLE,CONTAIN,
307/1997/qđ-nh2,307/1997/qđ-nh2_6,ARTICLE,CONTAIN,
307/1997/qđ-nh2,307/1997/qđ-nh2_7,ARTICLE,CONTAIN,
61/2017/nđ-cp,61/2017/nđ-cp_1,ARTICLE,CONTAIN,
61/2017/nđ-cp,61/2017/nđ-cp_2,ARTICLE,CONTAIN,
61/2017/nđ-cp,61/2017/nđ-cp_3,ARTICLE,CONTAIN,
61/2017/nđ-cp,61/2017/nđ-cp_4,ARTICLE,CONTAIN,
61/2017/nđ-cp,61/2017/nđ-cp_5,ARTICLE,CONTAIN,
61/2017/nđ-cp_5,61/2017/nđ-cp_4,ARTICLE,GUIDE,
61/2017/nđ-cp,61/2017/nđ-cp_6,ARTICLE,CONTAIN,
61/2017/nđ-cp_6,61/2017/nđ-cp_5,ARTICLE,GUIDE,
61/2017/nđ-cp,61/2017/nđ-cp_7,ARTICLE,CONTAIN,
61/2017/nđ-cp_7,61/2017/nđ-cp_4,ARTICLE,GUIDE,
61/2017/nđ-cp,61/2017/nđ-cp_8,ARTICLE,CONTAIN,
61/2017/nđ-cp_8,61/2017/nđ-cp_4,ARTICLE,GUIDE,
61/2017/nđ-cp_8,61/2017/nđ-cp_7,ARTICLE,GUIDE,
61/2017/nđ-cp,61/2017/nđ-cp_9,ARTICLE,CONTAIN,
61/2017/nđ-cp_9,61/2017/nđ-cp_8,ARTICLE,GUIDE,
61/2017/nđ-cp,61/2017/nđ-cp_10,ARTICLE,CONTAIN,
61/2017/nđ-cp,61/2017/nđ-cp_11,ARTICLE,CONTAIN,
61/2017/nđ-cp_11,53/2012/QH13_40,ARTICLE,GUIDE,
61/2017/nđ-cp_11,53/2012/QH13_24,ARTICLE,GUIDE,
61/2017/nđ-cp,61/2017/nđ-cp_12,ARTICLE,CONTAIN,
61/2017/nđ-cp_12,61/2017/nđ-cp_11,ARTICLE,GUIDE,
61/2017/nđ-cp,61/2017/nđ-cp_13,ARTICLE,CONTAIN,
61/2017/nđ-cp_13,53/2013/NĐ-CP_27,ARTICLE,REPEAL,
61/2017/nđ-cp,61/2017/nđ-cp_14,ARTICLE,CONTAIN,
04 /2017/tt-nhnn,04 /2017/tt-nhnn_1,ARTICLE,CONTAIN,
04 /2017/tt-nhnn,04 /2017/tt-nhnn_2,ARTICLE,CONTAIN,
04 /2017/tt-nhnn,04 /2017/tt-nhnn_3,ARTICLE,CONTAIN,
42/2017/qh14,42/2017/qh14_1,ARTICLE,CONTAIN,
42/2017/qh14,42/2017/qh14_2,ARTICLE,CONTAIN,
42/2017/qh14,42/2017/qh14_3,ARTICLE,CONTAIN,
42/2017/qh14,42/2017/qh14_4,ARTICLE,CONTAIN,
42/2017/qh14,42/2017/qh14_5,ARTICLE,CONTAIN,
42/2017/qh14,42/2017/qh14_6,ARTICLE,CONTAIN,
42/2017/qh14,42/2017/qh14_7,ARTICLE,CONTAIN,
42/2017/qh14_7,31/2015/QH13_299,ARTICLE,GUIDE,
42/2017/qh14,42/2017/qh14_8,ARTICLE,CONTAIN,
42/2017/qh14,42/2017/qh14_9,ARTICLE,CONTAIN,
42/2017/qh14,42/2017/qh14_10,ARTICLE,CONTAIN,
42/2017/qh14,42/2017/qh14_11,ARTICLE,CONTAIN,
42/2017/qh14_11,91/2015/QH13_90,ARTICLE,GUIDE,
42/2017/qh14,42/2017/qh14_12,ARTICLE,CONTAIN,
42/2017/qh14,42/2017/qh14_13,ARTICLE,CONTAIN,
42/2017/qh14,42/2017/qh14_14,ARTICLE,CONTAIN,
42/2017/qh14,42/2017/qh14_15,ARTICLE,CONTAIN,
42/2017/qh14,42/2017/qh14_16,ARTICLE,CONTAIN,
42/2017/qh14,42/2017/qh14_17,ARTICLE,CONTAIN,
42/2017/qh14,42/2017/qh14_18,ARTICLE,CONTAIN,
42/2017/qh14_18,42/2017/qh14_6,ARTICLE,GUIDE,
42/2017/qh14_18,42/2017/qh14_7,ARTICLE,GUIDE,
42/2017/qh14_18,42/2017/qh14_8,ARTICLE,GUIDE,
42/2017/qh14,42/2017/qh14_19,ARTICLE,CONTAIN,
20/2017/qđ-ttg,20/2017/qđ-ttg_1,ARTICLE,CONTAIN,
20/2017/qđ-ttg,20/2017/qđ-ttg_2,ARTICLE,CONTAIN,
20/2017/qđ-ttg,20/2017/qđ-ttg_3,ARTICLE,CONTAIN,
20/2017/qđ-ttg_3,20/2017/qđ-ttg_13,ARTICLE,GUIDE,
20/2017/qđ-ttg,20/2017/qđ-ttg_4,ARTICLE,CONTAIN,
20/2017/qđ-ttg_4,20/2017/qđ-ttg_10,ARTICLE,GUIDE,
20/2017/qđ-ttg,20/2017/qđ-ttg_5,ARTICLE,CONTAIN,
20/2017/qđ-ttg_5,20/2017/qđ-ttg_4,ARTICLE,GUIDE,
20/2017/qđ-ttg_5,20/2017/qđ-ttg_11,ARTICLE,GUIDE,
20/2017/qđ-ttg,20/2017/qđ-ttg_6,ARTICLE,CONTAIN,
20/2017/qđ-ttg,20/2017/qđ-ttg_7,ARTICLE,CONTAIN,
20/2017/qđ-ttg_7,20/2017/qđ-ttg_5,ARTICLE,GUIDE,
20/2017/qđ-ttg_7,20/2017/qđ-ttg_6,ARTICLE,GUIDE,
20/2017/qđ-ttg,20/2017/qđ-ttg_8,ARTICLE,CONTAIN,
20/2017/qđ-ttg_8,20/2017/qđ-ttg_10,ARTICLE,GUIDE,
20/2017/qđ-ttg,20/2017/qđ-ttg_9,ARTICLE,CONTAIN,
20/2017/qđ-ttg_9,20/2017/qđ-ttg_4,ARTICLE,GUIDE,
20/2017/qđ-ttg_9,20/2017/qđ-ttg_5,ARTICLE,GUIDE,
20/2017/qđ-ttg_9,20/2017/qđ-ttg_6,ARTICLE,GUIDE,
20/2017/qđ-ttg_9,20/2017/qđ-ttg_7,ARTICLE,GUIDE,
20/2017/qđ-ttg,20/2017/qđ-ttg_10,ARTICLE,CONTAIN,
20/2017/qđ-ttg,20/2017/qđ-ttg_11,ARTICLE,CONTAIN,
20/2017/qđ-ttg_11,20/2017/qđ-ttg_6,ARTICLE,GUIDE,
20/2017/qđ-ttg,20/2017/qđ-ttg_12,ARTICLE,CONTAIN,
20/2017/qđ-ttg,20/2017/qđ-ttg_13,ARTICLE,CONTAIN,
20/2017/qđ-ttg,20/2017/qđ-ttg_14,ARTICLE,CONTAIN,
20/2017/qđ-ttg_14,20/2017/qđ-ttg_6,ARTICLE,GUIDE,
20/2017/qđ-ttg,20/2017/qđ-ttg_15,ARTICLE,CONTAIN,
20/2017/qđ-ttg,20/2017/qđ-ttg_16,ARTICLE,CONTAIN,
20/2017/qđ-ttg_16,20/2017/qđ-ttg_15,ARTICLE,GUIDE,
20/2017/qđ-ttg_16,20/2017/qđ-ttg_14,ARTICLE,GUIDE,
20/2017/qđ-ttg,20/2017/qđ-ttg_17,ARTICLE,CONTAIN,
20/2017/qđ-ttg_17,20/2017/qđ-ttg_6,ARTICLE,GUIDE,
20/2017/qđ-ttg,20/2017/qđ-ttg_18,ARTICLE,CONTAIN,
20/2017/qđ-ttg_18,20/2017/qđ-ttg_14,ARTICLE,GUIDE,
20/2017/qđ-ttg,20/2017/qđ-ttg_19,ARTICLE,CONTAIN,
20/2017/qđ-ttg,20/2017/qđ-ttg_20,ARTICLE,CONTAIN,
20/2017/qđ-ttg,20/2017/qđ-ttg_21,ARTICLE,CONTAIN,
20/2017/qđ-ttg_21,20/2017/qđ-ttg_6,ARTICLE,GUIDE,
20/2017/qđ-ttg_21,20/2017/qđ-ttg_4,ARTICLE,GUIDE,
20/2017/qđ-ttg_21,20/2017/qđ-ttg_10,ARTICLE,GUIDE,
20/2017/qđ-ttg_21,20/2017/qđ-ttg_11,ARTICLE,GUIDE,
20/2017/qđ-ttg_21,20/2017/qđ-ttg_13,ARTICLE,GUIDE,
20/2017/qđ-ttg,20/2017/qđ-ttg_22,ARTICLE,CONTAIN,
20/2017/qđ-ttg,20/2017/qđ-ttg_23,ARTICLE,CONTAIN,
09/2017/tt-nhnn,09/2017/tt-nhnn_1,ARTICLE,CONTAIN,
09/2017/tt-nhnn_1,19/2013/tt-nhnn_3,ARTICLE,AMEND,
09/2017/tt-nhnn_1,19/2013/tt-nhnn_23,ARTICLE,AMEND,
09/2017/tt-nhnn_1,19/2013/tt-nhnn_26,ARTICLE,AMEND,
09/2017/tt-nhnn_1,19/2013/tt-nhnn_29,ARTICLE,AMEND,
09/2017/tt-nhnn_1,19/2013/tt-nhnn_34,ARTICLE,AMEND,
09/2017/tt-nhnn_1,19/2013/tt-nhnn_35,ARTICLE,AMEND,
09/2017/tt-nhnn_1,19/2013/tt-nhnn_38,ARTICLE,AMEND,
09/2017/tt-nhnn_1,19/2013/tt-nhnn_43,ARTICLE,AMEND,
09/2017/tt-nhnn_1,19/2013/tt-nhnn_47,ARTICLE,AMEND,
09/2017/tt-nhnn_1,19/2013/tt-nhnn_50,ARTICLE,AMEND,
09/2017/tt-nhnn_1,19/2013/tt-nhnn_16,ARTICLE,GUIDE,
09/2017/tt-nhnn_1,19/2013/tt-nhnn_19,ARTICLE,GUIDE,
09/2017/tt-nhnn_1,42/2017/qh14_4,ARTICLE,GUIDE,
09/2017/tt-nhnn_1,42/2017/qh14_6,ARTICLE,GUIDE,
09/2017/tt-nhnn,09/2017/tt-nhnn_2,ARTICLE,CONTAIN,
09/2017/tt-nhnn,09/2017/tt-nhnn_3,ARTICLE,CONTAIN,
09/2017/tt-nhnn_3,14/2015/TT-NHNN_1,ARTICLE,REPEAL,
09/2017/tt-nhnn_3,08/2016/TT-NHNN_1,ARTICLE,REPEAL,
09/2017/tt-nhnn_3,19/2013/TT-NHNN_23,ARTICLE,GUIDE,
09/2017/tt-nhnn_3,19/2013/TT-NHNN_26,ARTICLE,GUIDE,
09/2017/tt-nhnn_3,19/2013/TT-NHNN_47,ARTICLE,GUIDE,
09/2017/tt-nhnn_3,19/2013/TT-NHNN_50,ARTICLE,GUIDE,
10/2017/tt-nhnn,10/2017/tt-nhnn_1,ARTICLE,CONTAIN,
10/2017/tt-nhnn,10/2017/tt-nhnn_2,ARTICLE,CONTAIN,
10/2017/tt-nhnn_2,03/2017/NĐ-CP_12,ARTICLE,GUIDE,
10/2017/tt-nhnn,10/2017/tt-nhnn_3,ARTICLE,CONTAIN,
10/2017/tt-nhnn,10/2017/tt-nhnn_4,ARTICLE,CONTAIN,
10/2017/tt-nhnn_4,10/2017/tt-nhnn_5,ARTICLE,GUIDE,
10/2017/tt-nhnn,10/2017/tt-nhnn_5,ARTICLE,CONTAIN,
10/2017/tt-nhnn_5,10/2017/tt-nhnn_6,ARTICLE,GUIDE,
10/2017/tt-nhnn_5,03/2017/NĐ-CP_33,ARTICLE,GUIDE,
10/2017/tt-nhnn,10/2017/tt-nhnn_6,ARTICLE,CONTAIN,
10/2017/tt-nhnn_6,03/2017/NĐ-CP_35,ARTICLE,GUIDE,
10/2017/tt-nhnn,10/2017/tt-nhnn_7,ARTICLE,CONTAIN,
10/2017/tt-nhnn,10/2017/tt-nhnn_8,ARTICLE,CONTAIN,
10/2017/tt-nhnn_8,10/2017/tt-nhnn_9,ARTICLE,GUIDE,
10/2017/tt-nhnn,10/2017/tt-nhnn_9,ARTICLE,CONTAIN,
10/2017/tt-nhnn,10/2017/tt-nhnn_10,ARTICLE,CONTAIN,
10/2017/tt-nhnn_10,03/2017/NĐ-CP_35,ARTICLE,GUIDE,
10/2017/tt-nhnn,10/2017/tt-nhnn_11,ARTICLE,CONTAIN,
10/2017/tt-nhnn_11,03/2017/NĐ-CP_32,ARTICLE,GUIDE,
10/2017/tt-nhnn_11,03/2017/NĐ-CP_33,ARTICLE,GUIDE,
10/2017/tt-nhnn,10/2017/tt-nhnn_12,ARTICLE,CONTAIN,
10/2017/tt-nhnn_12,10/2017/tt-nhnn_6,ARTICLE,GUIDE,
10/2017/tt-nhnn,10/2017/tt-nhnn_13,ARTICLE,CONTAIN,
10/2017/tt-nhnn_13,10/2017/tt-nhnn_4,ARTICLE,GUIDE,
10/2017/tt-nhnn_13,03/2017/NĐ-CP_32,ARTICLE,GUIDE,
10/2017/tt-nhnn_13,03/2017/NĐ-CP_33,ARTICLE,GUIDE,
10/2017/tt-nhnn_13,03/2017/NĐ-CP_35,ARTICLE,GUIDE,
10/2017/tt-nhnn_13,10/2017/tt-nhnn_5,ARTICLE,GUIDE,
10/2017/tt-nhnn,10/2017/tt-nhnn_14,ARTICLE,CONTAIN,
10/2017/tt-nhnn,10/2017/tt-nhnn_15,ARTICLE,CONTAIN,
12/2017/tt-nhnn,12/2017/tt-nhnn_1,ARTICLE,CONTAIN,
12/2017/tt-nhnn_1,01/2014/tt-nhnn_11,ARTICLE,AMEND,
12/2017/tt-nhnn_1,01/2014/tt-nhnn_17,ARTICLE,AMEND,
12/2017/tt-nhnn_1,01/2014/tt-nhnn_18,ARTICLE,AMEND,
12/2017/tt-nhnn_1,01/2014/tt-nhnn_21,ARTICLE,AMEND,
12/2017/tt-nhnn_1,01/2014/tt-nhnn_28,ARTICLE,AMEND,
12/2017/tt-nhnn_1,01/2014/tt-nhnn_35,ARTICLE,AMEND,
12/2017/tt-nhnn_1,01/2014/tt-nhnn_39,ARTICLE,AMEND,
12/2017/tt-nhnn_1,01/2014/tt-nhnn_63,ARTICLE,AMEND,
12/2017/tt-nhnn_1,12/2017/tt-nhnn_31,ARTICLE,GUIDE,
12/2017/tt-nhnn,12/2017/tt-nhnn_2,ARTICLE,CONTAIN,
12/2017/tt-nhnn,12/2017/tt-nhnn_3,ARTICLE,CONTAIN,
14/2017/tt-nhnn,14/2017/tt-nhnn_1,ARTICLE,CONTAIN,
14/2017/tt-nhnn,14/2017/tt-nhnn_2,ARTICLE,CONTAIN,
14/2017/tt-nhnn,14/2017/tt-nhnn_3,ARTICLE,CONTAIN,
14/2017/tt-nhnn,14/2017/tt-nhnn_4,ARTICLE,CONTAIN,
14/2017/tt-nhnn,14/2017/tt-nhnn_5,ARTICLE,CONTAIN,
14/2017/tt-nhnn,14/2017/tt-nhnn_6,ARTICLE,CONTAIN,
14/2017/tt-nhnn,14/2017/tt-nhnn_7,ARTICLE,CONTAIN,
14/2017/tt-nhnn,14/2017/tt-nhnn_8,ARTICLE,CONTAIN,
14/2017/tt-nhnn,14/2017/tt-nhnn_9,ARTICLE,CONTAIN,
14/2017/tt-nhnn_9,51/2006/QĐ-NHNN_4,ARTICLE,REPEAL,
14/2017/tt-nhnn_9,1160/2004/QĐ-NHNN_13,ARTICLE,REPEAL,
20/2017/tt-nhnn,20/2017/tt-nhnn_1,ARTICLE,CONTAIN,
20/2017/tt-nhnn,20/2017/tt-nhnn_2,ARTICLE,CONTAIN,
20/2017/tt-nhnn,20/2017/tt-nhnn_3,ARTICLE,CONTAIN,
20/2017/tt-nhnn,20/2017/tt-nhnn_4,ARTICLE,CONTAIN,
20/2017/tt-nhnn,20/2017/tt-nhnn_5,ARTICLE,CONTAIN,
20/2017/tt-nhnn,20/2017/tt-nhnn_6,ARTICLE,CONTAIN,
20/2017/tt-nhnn,20/2017/tt-nhnn_7,ARTICLE,CONTAIN,
20/2017/tt-nhnn,20/2017/tt-nhnn_8,ARTICLE,CONTAIN,
20/2017/tt-nhnn,20/2017/tt-nhnn_9,ARTICLE,CONTAIN,
20/2017/tt-nhnn,20/2017/tt-nhnn_10,ARTICLE,CONTAIN,
20/2017/tt-nhnn,20/2017/tt-nhnn_11,ARTICLE,CONTAIN,
20/2017/tt-nhnn_11,20/2017/tt-nhnn_7,ARTICLE,GUIDE,
20/2017/tt-nhnn,20/2017/tt-nhnn_12,ARTICLE,CONTAIN,
20/2017/tt-nhnn,20/2017/tt-nhnn_13,ARTICLE,CONTAIN,
20/2017/tt-nhnn,20/2017/tt-nhnn_14,ARTICLE,CONTAIN,
22/2017/tt-nhnn,22/2017/tt-nhnn_1,ARTICLE,CONTAIN,
22/2017/tt-nhnn,22/2017/tt-nhnn_2,ARTICLE,CONTAIN,
22/2017/tt-nhnn_2,22/2017/tt-nhnn_3,ARTICLE,AMEND,
22/2017/tt-nhnn,22/2017/tt-nhnn_3,ARTICLE,CONTAIN,
22/2017/tt-nhnn,22/2017/tt-nhnn_4,ARTICLE,CONTAIN,
22/2017/tt-nhnn_4,10/2014/tt-nhnn_2,ARTICLE,REPEAL,
22/2017/tt-nhnn_4,49/2014/tt-nhnn_1,ARTICLE,REPEAL,
22/2017/tt-nhnn_4,49/2014/tt-nhnn_2,ARTICLE,REPEAL,
25/2017/tt-nhnn,25/2017/tt-nhnn_1,ARTICLE,CONTAIN,
25/2017/tt-nhnn,25/2017/tt-nhnn_2,ARTICLE,CONTAIN,
25/2017/tt-nhnn,25/2017/tt-nhnn_3,ARTICLE,CONTAIN,
25/2017/tt-nhnn_3,25/2017/tt-nhnn_1,ARTICLE,GUIDE,
25/2017/tt-nhnn,25/2017/tt-nhnn_4,ARTICLE,CONTAIN,
25/2017/tt-nhnn,25/2017/tt-nhnn_5,ARTICLE,CONTAIN,
25/2017/tt-nhnn,25/2017/tt-nhnn_6,ARTICLE,CONTAIN,
25/2017/tt-nhnn,25/2017/tt-nhnn_7,ARTICLE,CONTAIN,
25/2017/tt-nhnn,25/2017/tt-nhnn_8,ARTICLE,CONTAIN,
25/2017/tt-nhnn,25/2017/tt-nhnn_9,ARTICLE,CONTAIN,
25/2017/tt-nhnn,25/2017/tt-nhnn_10,ARTICLE,CONTAIN,
25/2017/tt-nhnn,25/2017/tt-nhnn_11,ARTICLE,CONTAIN,
25/2017/tt-nhnn,25/2017/tt-nhnn_12,ARTICLE,CONTAIN,
25/2017/tt-nhnn,25/2017/tt-nhnn_13,ARTICLE,CONTAIN,
25/2017/tt-nhnn_13,25/2017/tt-nhnn_1,ARTICLE,GUIDE,
25/2017/tt-nhnn,25/2017/tt-nhnn_14,ARTICLE,CONTAIN,
25/2017/tt-nhnn,25/2017/tt-nhnn_15,ARTICLE,CONTAIN,
25/2017/tt-nhnn_15,25/2017/tt-nhnn_1,ARTICLE,GUIDE,
25/2017/tt-nhnn,25/2017/tt-nhnn_16,ARTICLE,CONTAIN,
25/2017/tt-nhnn,25/2017/tt-nhnn_17,ARTICLE,CONTAIN,
21/2017/tt- nhnn,21/2017/tt- nhnn_1,ARTICLE,CONTAIN,
21/2017/tt- nhnn,21/2017/tt- nhnn_2,ARTICLE,CONTAIN,
21/2017/tt- nhnn,21/2017/tt- nhnn_3,ARTICLE,CONTAIN,
21/2017/tt- nhnn,21/2017/tt- nhnn_4,ARTICLE,CONTAIN,
21/2017/tt- nhnn,21/2017/tt- nhnn_5,ARTICLE,CONTAIN,
21/2017/tt- nhnn,21/2017/tt- nhnn_6,ARTICLE,CONTAIN,
21/2017/tt- nhnn,21/2017/tt- nhnn_7,ARTICLE,CONTAIN,
21/2017/tt- nhnn_7,21/2017/tt-nhnn_4,ARTICLE,GUIDE,
21/2017/tt- nhnn_7,21/2017/tt-nhnn_5,ARTICLE,GUIDE,
21/2017/tt- nhnn_7,21/2017/tt-nhnn_6,ARTICLE,GUIDE,
21/2017/tt- nhnn,21/2017/tt- nhnn_8,ARTICLE,CONTAIN,
21/2017/tt- nhnn,21/2017/tt- nhnn_9,ARTICLE,CONTAIN,
21/2017/tt- nhnn,21/2017/tt- nhnn_10,ARTICLE,CONTAIN,
09/2018/tt-nhnn,09/2018/tt-nhnn_1,ARTICLE,CONTAIN,
09/2018/tt-nhnn,09/2018/tt-nhnn_2,ARTICLE,CONTAIN,
09/2018/tt-nhnn,09/2018/tt-nhnn_3,ARTICLE,CONTAIN,
09/2018/tt-nhnn,09/2018/tt-nhnn_4,ARTICLE,CONTAIN,
09/2018/tt-nhnn,09/2018/tt-nhnn_5,ARTICLE,CONTAIN,
09/2018/tt-nhnn,09/2018/tt-nhnn_6,ARTICLE,CONTAIN,
09/2018/tt-nhnn,09/2018/tt-nhnn_7,ARTICLE,CONTAIN,
09/2018/tt-nhnn,09/2018/tt-nhnn_8,ARTICLE,CONTAIN,
09/2018/tt-nhnn,09/2018/tt-nhnn_9,ARTICLE,CONTAIN,
09/2018/tt-nhnn,09/2018/tt-nhnn_10,ARTICLE,CONTAIN,
09/2018/tt-nhnn_10,09/2018/tt-nhnn,ARTICLE,GUIDE,
09/2018/tt-nhnn,09/2018/tt-nhnn_11,ARTICLE,CONTAIN,
09/2018/tt-nhnn_11,09/2018/tt-nhnn_10,ARTICLE,GUIDE,
09/2018/tt-nhnn,09/2018/tt-nhnn_12,ARTICLE,CONTAIN,
09/2018/tt-nhnn_12,09/2018/tt-nhnn_10,ARTICLE,GUIDE,
09/2018/tt-nhnn_12,09/2018/tt-nhnn_7,ARTICLE,GUIDE,
09/2018/tt-nhnn,09/2018/tt-nhnn_13,ARTICLE,CONTAIN,
09/2018/tt-nhnn_13,09/2018/tt-nhnn_12,ARTICLE,GUIDE,
09/2018/tt-nhnn,09/2018/tt-nhnn_14,ARTICLE,CONTAIN,
09/2018/tt-nhnn_14,09/2018/tt-nhnn_13,ARTICLE,GUIDE,
09/2018/tt-nhnn,09/2018/tt-nhnn_15,ARTICLE,CONTAIN,
09/2018/tt-nhnn_15,09/2018/tt-nhnn_24,ARTICLE,GUIDE,
09/2018/tt-nhnn,09/2018/tt-nhnn_16,ARTICLE,CONTAIN,
09/2018/tt-nhnn,09/2018/tt-nhnn_17,ARTICLE,CONTAIN,
09/2018/tt-nhnn,09/2018/tt-nhnn_18,ARTICLE,CONTAIN,
09/2018/tt-nhnn_18,09/2018/tt-nhnn_15,ARTICLE,GUIDE,
09/2018/tt-nhnn,09/2018/tt-nhnn_19,ARTICLE,CONTAIN,
09/2018/tt-nhnn,09/2018/tt-nhnn_20,ARTICLE,CONTAIN,
09/2018/tt-nhnn_20,09/2018/tt-nhnn_15,ARTICLE,GUIDE,
09/2018/tt-nhnn,09/2018/tt-nhnn_21,ARTICLE,CONTAIN,
09/2018/tt-nhnn,09/2018/tt-nhnn_22,ARTICLE,CONTAIN,
09/2018/tt-nhnn,09/2018/tt-nhnn_23,ARTICLE,CONTAIN,
09/2018/tt-nhnn_23,09/2018/tt-nhnn_12,ARTICLE,GUIDE,
09/2018/tt-nhnn,09/2018/tt-nhnn_24,ARTICLE,CONTAIN,
09/2018/tt-nhnn,09/2018/tt-nhnn_25,ARTICLE,CONTAIN,
09/2018/tt-nhnn,09/2018/tt-nhnn_26,ARTICLE,CONTAIN,
09/2018/tt-nhnn,09/2018/tt-nhnn_27,ARTICLE,CONTAIN,
09/2018/tt-nhnn,09/2018/tt-nhnn_28,ARTICLE,CONTAIN,
09/2018/tt-nhnn,09/2018/tt-nhnn_29,ARTICLE,CONTAIN,
09/2018/tt-nhnn,09/2018/tt-nhnn_30,ARTICLE,CONTAIN,
09/2018/tt-nhnn_30,09/2018/tt-nhnn_26,ARTICLE,GUIDE,
09/2018/tt-nhnn,09/2018/tt-nhnn_31,ARTICLE,CONTAIN,
09/2018/tt-nhnn_31,09/2018/tt-nhnn_7,ARTICLE,GUIDE,
09/2018/tt-nhnn_31,09/2018/tt-nhnn_9,ARTICLE,GUIDE,
09/2018/tt-nhnn,09/2018/tt-nhnn_32,ARTICLE,CONTAIN,
09/2018/tt-nhnn,09/2018/tt-nhnn_33,ARTICLE,CONTAIN,
09/2018/tt-nhnn_33,09/2018/tt-nhnn_32,ARTICLE,GUIDE,
09/2018/tt-nhnn_33,09/2018/tt-nhnn_31,ARTICLE,GUIDE,
09/2018/tt-nhnn,09/2018/tt-nhnn_34,ARTICLE,CONTAIN,
09/2018/tt-nhnn_34,09/2018/tt-nhnn_37,ARTICLE,GUIDE,
09/2018/tt-nhnn,09/2018/tt-nhnn_35,ARTICLE,CONTAIN,
09/2018/tt-nhnn,09/2018/tt-nhnn_36,ARTICLE,CONTAIN,
09/2018/tt-nhnn_36,09/2018/tt-nhnn_7,ARTICLE,GUIDE,
09/2018/tt-nhnn_36,09/2018/tt-nhnn_34,ARTICLE,GUIDE,
09/2018/tt-nhnn,09/2018/tt-nhnn_37,ARTICLE,CONTAIN,
09/2018/tt-nhnn,09/2018/tt-nhnn_38,ARTICLE,CONTAIN,
09/2018/tt-nhnn,09/2018/tt-nhnn_39,ARTICLE,CONTAIN,
09/2018/tt-nhnn,09/2018/tt-nhnn_40,ARTICLE,CONTAIN,
09/2018/tt-nhnn,09/2018/tt-nhnn_41,ARTICLE,CONTAIN,
09/2018/tt-nhnn,09/2018/tt-nhnn_42,ARTICLE,CONTAIN,
09/2018/tt-nhnn_42,09/2018/tt-nhnn_39,ARTICLE,GUIDE,
09/2018/tt-nhnn,09/2018/tt-nhnn_43,ARTICLE,CONTAIN,
09/2018/tt-nhnn,09/2018/tt-nhnn_44,ARTICLE,CONTAIN,
09/2018/tt-nhnn_44,09/2018/tt-nhnn_25,ARTICLE,GUIDE,
09/2018/tt-nhnn,09/2018/tt-nhnn_45,ARTICLE,CONTAIN,
09/2018/tt-nhnn,09/2018/tt-nhnn_46,ARTICLE,CONTAIN,
09/2018/tt-nhnn_46,09/2018/tt-nhnn_5,ARTICLE,GUIDE,
09/2018/tt-nhnn_46,09/2018/tt-nhnn_15,ARTICLE,GUIDE,
09/2018/tt-nhnn_46,09/2018/tt-nhnn_25,ARTICLE,GUIDE,
09/2018/tt-nhnn_46,09/2018/tt-nhnn_34,ARTICLE,GUIDE,
09/2018/tt-nhnn_46,09/2018/tt-nhnn_38,ARTICLE,GUIDE,
09/2018/tt-nhnn,09/2018/tt-nhnn_47,ARTICLE,CONTAIN,
09/2018/tt-nhnn_47,24/2006/QĐ-NHNN_1,ARTICLE,REPEAL,
09/2018/tt-nhnn_47,24/2006/QĐ-NHNN_2,ARTICLE,REPEAL,
09/2018/tt-nhnn_47,24/2006/QĐ-NHNN_12,ARTICLE,REPEAL,
09/2018/tt-nhnn_47,24/2006/QĐ-NHNN_13,ARTICLE,REPEAL,
09/2018/tt-nhnn_47,24/2006/QĐ-NHNN_14,ARTICLE,REPEAL,
09/2018/tt-nhnn_47,24/2006/QĐ-NHNN_15,ARTICLE,REPEAL,
09/2018/tt-nhnn_47,24/2006/QĐ-NHNN_16,ARTICLE,REPEAL,
09/2018/tt-nhnn_47,24/2006/QĐ-NHNN_41,ARTICLE,REPEAL,
09/2018/tt-nhnn_47,24/2006/QĐ-NHNN_3,ARTICLE,REPEAL,
09/2018/tt-nhnn_47,24/2006/QĐ-NHNN_40,ARTICLE,REPEAL,
09/2018/tt-nhnn_47,05/2007/QĐ-NHNN_11,ARTICLE,REPEAL,
09/2018/tt-nhnn_47,05/2007/QĐ-NHNN_13,ARTICLE,REPEAL,
09/2018/tt-nhnn,09/2018/tt-nhnn_48,ARTICLE,CONTAIN,
10/2018/tt-nhnn,10/2018/tt-nhnn_1,ARTICLE,CONTAIN,
10/2018/tt-nhnn,10/2018/tt-nhnn_2,ARTICLE,CONTAIN,
10/2018/tt-nhnn,10/2018/tt-nhnn_3,ARTICLE,CONTAIN,
10/2018/tt-nhnn,10/2018/tt-nhnn_4,ARTICLE,CONTAIN,
10/2018/tt-nhnn,10/2018/tt-nhnn_5,ARTICLE,CONTAIN,
10/2018/tt-nhnn,10/2018/tt-nhnn_6,ARTICLE,CONTAIN,
10/2018/tt-nhnn,10/2018/tt-nhnn_7,ARTICLE,CONTAIN,
10/2018/tt-nhnn,10/2018/tt-nhnn_8,ARTICLE,CONTAIN,
10/2018/tt-nhnn,10/2018/tt-nhnn_9,ARTICLE,CONTAIN,
10/2018/tt-nhnn,10/2018/tt-nhnn_10,ARTICLE,CONTAIN,
10/2018/tt-nhnn,10/2018/tt-nhnn_11,ARTICLE,CONTAIN,
10/2018/tt-nhnn,10/2018/tt-nhnn_12,ARTICLE,CONTAIN,
10/2018/tt-nhnn,10/2018/tt-nhnn_13,ARTICLE,CONTAIN,
10/2018/tt-nhnn,10/2018/tt-nhnn_14,ARTICLE,CONTAIN,
10/2018/tt-nhnn,10/2018/tt-nhnn_15,ARTICLE,CONTAIN,
10/2018/tt-nhnn,10/2018/tt-nhnn_16,ARTICLE,CONTAIN,
10/2018/tt-nhnn_16,10/2018/tt-nhnn_1,ARTICLE,GUIDE,
10/2018/tt-nhnn,10/2018/tt-nhnn_17,ARTICLE,CONTAIN,
10/2018/tt-nhnn_17,10/2018/tt-nhnn_1,ARTICLE,GUIDE,
10/2018/tt-nhnn,10/2018/tt-nhnn_18,ARTICLE,CONTAIN,
10/2018/tt-nhnn_18,24/2011/tt-nhnn_9,ARTICLE,REPEAL,
10/2018/tt-nhnn,10/2018/tt-nhnn_19,ARTICLE,CONTAIN,
42/2018/nđ-cp,42/2018/nđ-cp_1,ARTICLE,CONTAIN,
42/2018/nđ-cp,42/2018/nđ-cp_2,ARTICLE,CONTAIN,
11/2018/tt-nhnn,11/2018/tt-nhnn_1,ARTICLE,CONTAIN,
11/2018/tt-nhnn_1,35/2015/tt-nhnn_5,ARTICLE,AMEND,
11/2018/tt-nhnn_1,35/2015/tt-nhnn_12,ARTICLE,AMEND,
11/2018/tt-nhnn_1,35/2015/tt-nhnn_15,ARTICLE,AMEND,
11/2018/tt-nhnn_1,35/2015/tt-nhnn_16,ARTICLE,AMEND,
11/2018/tt-nhnn_1,35/2015/tt-nhnn_17,ARTICLE,AMEND,
11/2018/tt-nhnn_1,35/2015/tt-nhnn_19,ARTICLE,AMEND,
11/2018/tt-nhnn_1,35/2015/tt-nhnn_20,ARTICLE,AMEND,
11/2018/tt-nhnn,11/2018/tt-nhnn_2,ARTICLE,CONTAIN,
11/2018/tt-nhnn,11/2018/tt-nhnn_3,ARTICLE,CONTAIN,
11/2018/tt-nhnn,11/2018/tt-nhnn_4,ARTICLE,CONTAIN,
11/2018/tt-nhnn,11/2018/tt-nhnn_5,ARTICLE,CONTAIN,
12/2018/tt-nhnn,12/2018/tt-nhnn_1,ARTICLE,CONTAIN,
12/2018/tt-nhnn_1,22/2014/tt-nhnn_1,ARTICLE,AMEND,
12/2018/tt-nhnn_1,22/2014/tt-nhnn_3,ARTICLE,AMEND,
12/2018/tt-nhnn_1,22/2014/tt-nhnn_4,ARTICLE,AMEND,
12/2018/tt-nhnn_1,22/2014/tt-nhnn_5,ARTICLE,AMEND,
12/2018/tt-nhnn_1,22/2014/tt-nhnn_7,ARTICLE,AMEND,
12/2018/tt-nhnn_1,22/2014/tt-nhnn_8,ARTICLE,AMEND,
12/2018/tt-nhnn_1,22/2014/tt-nhnn_9,ARTICLE,AMEND,
12/2018/tt-nhnn_1,22/2014/tt-nhnn_11,ARTICLE,AMEND,
12/2018/tt-nhnn_1,67/2014/NĐ-CP_4,ARTICLE,GUIDE,
12/2018/tt-nhnn_1,89/2015/NĐ-CP_1,ARTICLE,GUIDE,
12/2018/tt-nhnn_1,17/2018/NĐ-CP_1,ARTICLE,GUIDE,
12/2018/tt-nhnn_1,67/2014/NĐ-CP_13,ARTICLE,GUIDE,
12/2018/tt-nhnn_1,12/2018/tt-nhnn_11,ARTICLE,GUIDE,
12/2018/tt-nhnn_1,12/2018/tt-nhnn_4,ARTICLE,GUIDE,
12/2018/tt-nhnn,12/2018/tt-nhnn_2,ARTICLE,CONTAIN,
12/2018/tt-nhnn_2,22/2014/tt-nhnn_6,ARTICLE,REPEAL,
12/2018/tt-nhnn_2,21/2015/tt-nhnn_1,ARTICLE,REPEAL,
12/2018/tt-nhnn,12/2018/tt-nhnn_3,ARTICLE,CONTAIN,
13/2018/tt-nhnn,13/2018/tt-nhnn_1,ARTICLE,CONTAIN,
13/2018/tt-nhnn,13/2018/tt-nhnn_2,ARTICLE,CONTAIN,
13/2018/tt-nhnn,13/2018/tt-nhnn_3,ARTICLE,CONTAIN,
13/2018/tt-nhnn_3,13/2018/tt-nhnn_24,ARTICLE,GUIDE,
13/2018/tt-nhnn,13/2018/tt-nhnn_4,ARTICLE,CONTAIN,
13/2018/tt-nhnn,13/2018/tt-nhnn_5,ARTICLE,CONTAIN,
13/2018/tt-nhnn_5,32/2024/qh15_40,ARTICLE,GUIDE,
13/2018/tt-nhnn_5,32/2024/qh15_93,ARTICLE,GUIDE,
13/2018/tt-nhnn_5,13/2018/tt-nhnn_14,ARTICLE,GUIDE,
13/2018/tt-nhnn_5,13/2018/tt-nhnn_15,ARTICLE,GUIDE,
13/2018/tt-nhnn_5,13/2018/tt-nhnn_18,ARTICLE,GUIDE,
13/2018/tt-nhnn_5,13/2018/tt-nhnn_22,ARTICLE,GUIDE,
13/2018/tt-nhnn,13/2018/tt-nhnn_6,ARTICLE,CONTAIN,
13/2018/tt-nhnn,13/2018/tt-nhnn_7,ARTICLE,CONTAIN,
13/2018/tt-nhnn,13/2018/tt-nhnn_8,ARTICLE,CONTAIN,
13/2018/tt-nhnn,13/2018/tt-nhnn_9,ARTICLE,CONTAIN,
13/2018/tt-nhnn_9,13/2018/tt-nhnn_11,ARTICLE,GUIDE,
13/2018/tt-nhnn_9,13/2018/tt-nhnn_12,ARTICLE,GUIDE,
13/2018/tt-nhnn,13/2018/tt-nhnn_10,ARTICLE,CONTAIN,
13/2018/tt-nhnn_10,13/2018/tt-nhnn_3,ARTICLE,GUIDE,
13/2018/tt-nhnn_10,13/2018/tt-nhnn_15,ARTICLE,GUIDE,
13/2018/tt-nhnn_10,13/2018/tt-nhnn_20,ARTICLE,GUIDE,
13/2018/tt-nhnn,13/2018/tt-nhnn_11,ARTICLE,CONTAIN,
13/2018/tt-nhnn_11,13/2018/tt-nhnn_24,ARTICLE,GUIDE,
13/2018/tt-nhnn,13/2018/tt-nhnn_12,ARTICLE,CONTAIN,
13/2018/tt-nhnn,13/2018/tt-nhnn_13,ARTICLE,CONTAIN,
13/2018/tt-nhnn,13/2018/tt-nhnn_14,ARTICLE,CONTAIN,
13/2018/tt-nhnn,13/2018/tt-nhnn_15,ARTICLE,CONTAIN,
13/2018/tt-nhnn,13/2018/tt-nhnn_16,ARTICLE,CONTAIN,
13/2018/tt-nhnn_16,13/2018/tt-nhnn_15,ARTICLE,GUIDE,
13/2018/tt-nhnn,13/2018/tt-nhnn_17,ARTICLE,CONTAIN,
13/2018/tt-nhnn_17,13/2018/tt-nhnn_15,ARTICLE,GUIDE,
13/2018/tt-nhnn,13/2018/tt-nhnn_18,ARTICLE,CONTAIN,
13/2018/tt-nhnn_18,13/2018/tt-nhnn_5,ARTICLE,GUIDE,
13/2018/tt-nhnn,13/2018/tt-nhnn_19,ARTICLE,CONTAIN,
13/2018/tt-nhnn,13/2018/tt-nhnn_20,ARTICLE,CONTAIN,
13/2018/tt-nhnn_20,13/2018/tt-nhnn_15,ARTICLE,GUIDE,
13/2018/tt-nhnn_20,13/2018/tt-nhnn_19,ARTICLE,GUIDE,
13/2018/tt-nhnn_20,13/2018/tt-nhnn_37,ARTICLE,GUIDE,
13/2018/tt-nhnn_20,13/2018/tt-nhnn_40,ARTICLE,GUIDE,
13/2018/tt-nhnn_20,13/2018/tt-nhnn_47,ARTICLE,GUIDE,
13/2018/tt-nhnn_20,13/2018/tt-nhnn_52,ARTICLE,GUIDE,
13/2018/tt-nhnn_20,13/2018/tt-nhnn_55,ARTICLE,GUIDE,
13/2018/tt-nhnn_20,13/2018/tt-nhnn_58,ARTICLE,GUIDE,
13/2018/tt-nhnn_20,13/2018/tt-nhnn_63,ARTICLE,GUIDE,
13/2018/tt-nhnn_20,13/2018/tt-nhnn_72,ARTICLE,GUIDE,
13/2018/tt-nhnn,13/2018/tt-nhnn_21,ARTICLE,CONTAIN,
13/2018/tt-nhnn,13/2018/tt-nhnn_22,ARTICLE,CONTAIN,
13/2018/tt-nhnn_22,13/2018/tt-nhnn_11,ARTICLE,GUIDE,
13/2018/tt-nhnn_22,13/2018/tt-nhnn_28,ARTICLE,GUIDE,
13/2018/tt-nhnn,13/2018/tt-nhnn_23,ARTICLE,CONTAIN,
13/2018/tt-nhnn_23,13/2018/tt-nhnn_5,ARTICLE,GUIDE,
13/2018/tt-nhnn,13/2018/tt-nhnn_24,ARTICLE,CONTAIN,
13/2018/tt-nhnn,13/2018/tt-nhnn_25,ARTICLE,CONTAIN,
13/2018/tt-nhnn,13/2018/tt-nhnn_26,ARTICLE,CONTAIN,
13/2018/tt-nhnn,13/2018/tt-nhnn_27,ARTICLE,CONTAIN,
13/2018/tt-nhnn,13/2018/tt-nhnn_28,ARTICLE,CONTAIN,
13/2018/tt-nhnn,13/2018/tt-nhnn_29,ARTICLE,CONTAIN,
13/2018/tt-nhnn,13/2018/tt-nhnn_30,ARTICLE,CONTAIN,
13/2018/tt-nhnn,13/2018/tt-nhnn_31,ARTICLE,CONTAIN,
13/2018/tt-nhnn,13/2018/tt-nhnn_32,ARTICLE,CONTAIN,
13/2018/tt-nhnn,13/2018/tt-nhnn_33,ARTICLE,CONTAIN,
13/2018/tt-nhnn,13/2018/tt-nhnn_34,ARTICLE,CONTAIN,
13/2018/tt-nhnn_34,13/2018/tt-nhnn_36,ARTICLE,GUIDE,
13/2018/tt-nhnn,13/2018/tt-nhnn_35,ARTICLE,CONTAIN,
13/2018/tt-nhnn,13/2018/tt-nhnn_36,ARTICLE,CONTAIN,
13/2018/tt-nhnn,13/2018/tt-nhnn_37,ARTICLE,CONTAIN,
13/2018/tt-nhnn_37,13/2018/tt-nhnn_29,ARTICLE,GUIDE,
13/2018/tt-nhnn,13/2018/tt-nhnn_38,ARTICLE,CONTAIN,
13/2018/tt-nhnn,13/2018/tt-nhnn_39,ARTICLE,CONTAIN,
13/2018/tt-nhnn,13/2018/tt-nhnn_40,ARTICLE,CONTAIN,
13/2018/tt-nhnn,13/2018/tt-nhnn_41,ARTICLE,CONTAIN,
13/2018/tt-nhnn_41,13/2018/tt-nhnn_42,ARTICLE,GUIDE,
13/2018/tt-nhnn,13/2018/tt-nhnn_42,ARTICLE,CONTAIN,
13/2018/tt-nhnn_42,13/2018/tt-nhnn_15,ARTICLE,GUIDE,
13/2018/tt-nhnn,13/2018/tt-nhnn_43,ARTICLE,CONTAIN,
13/2018/tt-nhnn_43,13/2018/tt-nhnn_42,ARTICLE,GUIDE,
13/2018/tt-nhnn_43,13/2018/tt-nhnn_46,ARTICLE,GUIDE,
13/2018/tt-nhnn,13/2018/tt-nhnn_44,ARTICLE,CONTAIN,
13/2018/tt-nhnn_44,13/2018/tt-nhnn_42,ARTICLE,GUIDE,
13/2018/tt-nhnn,13/2018/tt-nhnn_45,ARTICLE,CONTAIN,
13/2018/tt-nhnn,13/2018/tt-nhnn_46,ARTICLE,CONTAIN,
13/2018/tt-nhnn_46,13/2018/tt-nhnn_41,ARTICLE,GUIDE,
13/2018/tt-nhnn,13/2018/tt-nhnn_47,ARTICLE,CONTAIN,
13/2018/tt-nhnn,13/2018/tt-nhnn_48,ARTICLE,CONTAIN,
13/2018/tt-nhnn_48,13/2018/tt-nhnn_49,ARTICLE,GUIDE,
13/2018/tt-nhnn,13/2018/tt-nhnn_49,ARTICLE,CONTAIN,
13/2018/tt-nhnn,13/2018/tt-nhnn_50,ARTICLE,CONTAIN,
13/2018/tt-nhnn,13/2018/tt-nhnn_51,ARTICLE,CONTAIN,
13/2018/tt-nhnn_51,13/2018/tt-nhnn_28,ARTICLE,GUIDE,
13/2018/tt-nhnn,13/2018/tt-nhnn_52,ARTICLE,CONTAIN,
13/2018/tt-nhnn,13/2018/tt-nhnn_53,ARTICLE,CONTAIN,
13/2018/tt-nhnn,13/2018/tt-nhnn_54,ARTICLE,CONTAIN,
13/2018/tt-nhnn,13/2018/tt-nhnn_55,ARTICLE,CONTAIN,
13/2018/tt-nhnn,13/2018/tt-nhnn_56,ARTICLE,CONTAIN,
13/2018/tt-nhnn,13/2018/tt-nhnn_57,ARTICLE,CONTAIN,
13/2018/tt-nhnn_57,13/2018/tt-nhnn_56,ARTICLE,GUIDE,
13/2018/tt-nhnn_57,13/2018/tt-nhnn_60,ARTICLE,GUIDE,
13/2018/tt-nhnn,13/2018/tt-nhnn_58,ARTICLE,CONTAIN,
13/2018/tt-nhnn,13/2018/tt-nhnn_59,ARTICLE,CONTAIN,
13/2018/tt-nhnn,13/2018/tt-nhnn_60,ARTICLE,CONTAIN,
13/2018/tt-nhnn_60,13/2018/tt-nhnn_28,ARTICLE,GUIDE,
13/2018/tt-nhnn,13/2018/tt-nhnn_61,ARTICLE,CONTAIN,
13/2018/tt-nhnn,13/2018/tt-nhnn_62,ARTICLE,CONTAIN,
13/2018/tt-nhnn,13/2018/tt-nhnn_63,ARTICLE,CONTAIN,
13/2018/tt-nhnn_63,13/2018/tt-nhnn_62,ARTICLE,GUIDE,
13/2018/tt-nhnn,13/2018/tt-nhnn_64,ARTICLE,CONTAIN,
13/2018/tt-nhnn_64,13/2018/tt-nhnn_66,ARTICLE,GUIDE,
13/2018/tt-nhnn,13/2018/tt-nhnn_65,ARTICLE,CONTAIN,
13/2018/tt-nhnn,13/2018/tt-nhnn_66,ARTICLE,CONTAIN,
13/2018/tt-nhnn,13/2018/tt-nhnn_67,ARTICLE,CONTAIN,
13/2018/tt-nhnn,13/2018/tt-nhnn_68,ARTICLE,CONTAIN,
13/2018/tt-nhnn_68,13/2018/tt-nhnn_7,ARTICLE,GUIDE,
13/2018/tt-nhnn_68,13/2018/tt-nhnn_67,ARTICLE,GUIDE,
13/2018/tt-nhnn_68,13/2018/tt-nhnn_72,ARTICLE,GUIDE,
13/2018/tt-nhnn,13/2018/tt-nhnn_69,ARTICLE,CONTAIN,
13/2018/tt-nhnn_69,13/2018/tt-nhnn_68,ARTICLE,GUIDE,
13/2018/tt-nhnn_69,13/2018/tt-nhnn_66,ARTICLE,GUIDE,
13/2018/tt-nhnn_69,13/2018/tt-nhnn_67,ARTICLE,GUIDE,
13/2018/tt-nhnn_69,13/2018/tt-nhnn_70,ARTICLE,GUIDE,
13/2018/tt-nhnn_69,13/2018/tt-nhnn_71,ARTICLE,GUIDE,
13/2018/tt-nhnn_69,13/2018/tt-nhnn_72,ARTICLE,GUIDE,
13/2018/tt-nhnn,13/2018/tt-nhnn_70,ARTICLE,CONTAIN,
13/2018/tt-nhnn,13/2018/tt-nhnn_71,ARTICLE,CONTAIN,
13/2018/tt-nhnn_71,32/2024/qh15_41,ARTICLE,GUIDE,
13/2018/tt-nhnn,13/2018/tt-nhnn_72,ARTICLE,CONTAIN,
13/2018/tt-nhnn,13/2018/tt-nhnn_73,ARTICLE,CONTAIN,
13/2018/tt-nhnn_73,44/2011/tt-nhnn_1,ARTICLE,AMEND,
13/2018/tt-nhnn,13/2018/tt-nhnn_74,ARTICLE,CONTAIN,
14/2018/tt-nhnn,14/2018/tt-nhnn_1,ARTICLE,CONTAIN,
14/2018/tt-nhnn,14/2018/tt-nhnn_2,ARTICLE,CONTAIN,
14/2018/tt-nhnn,14/2018/tt-nhnn_3,ARTICLE,CONTAIN,
14/2018/tt-nhnn,14/2018/tt-nhnn_4,ARTICLE,CONTAIN,
14/2018/tt-nhnn_4,14/2018/tt-nhnn_3,ARTICLE,GUIDE,
14/2018/tt-nhnn,14/2018/tt-nhnn_5,ARTICLE,CONTAIN,
14/2018/tt-nhnn_5,14/2018/tt-nhnn_4,ARTICLE,GUIDE,
14/2018/tt-nhnn,14/2018/tt-nhnn_6,ARTICLE,CONTAIN,
14/2018/tt-nhnn_6,14/2018/tt-nhnn_4,ARTICLE,GUIDE,
14/2018/tt-nhnn,14/2018/tt-nhnn_7,ARTICLE,CONTAIN,
14/2018/tt-nhnn,14/2018/tt-nhnn_8,ARTICLE,CONTAIN,
17/2018/tt-nhnn,17/2018/tt-nhnn_1,ARTICLE,CONTAIN,
17/2018/tt-nhnn_1,40/2011/tt-nhnn_9,ARTICLE,AMEND,
17/2018/tt-nhnn_1,40/2011/tt-nhnn_9,ARTICLE,REPEAL,
17/2018/tt-nhnn_1,40/2011/tt-nhnn_10,ARTICLE,REPEAL,
17/2018/tt-nhnn,17/2018/tt-nhnn_2,ARTICLE,CONTAIN,
17/2018/tt-nhnn_2,21/2013/tt-nhnn_6,ARTICLE,REPEAL,
17/2018/tt-nhnn,17/2018/tt-nhnn_3,ARTICLE,CONTAIN,
17/2018/tt-nhnn_3,21/2014/tt-nhnn_10,ARTICLE,REPEAL,
17/2018/tt-nhnn,17/2018/tt-nhnn_4,ARTICLE,CONTAIN,
17/2018/tt-nhnn_4,30/2015/tt-nhnn_11,ARTICLE,AMEND,
17/2018/tt-nhnn_4,30/2015/tt-nhnn_11,ARTICLE,REPEAL,
17/2018/tt-nhnn,17/2018/tt-nhnn_5,ARTICLE,CONTAIN,
17/2018/tt-nhnn_5,31/2012/tt-nhnn_8,ARTICLE,REPEAL,
17/2018/tt-nhnn_5,31/2012/tt-nhnn_25,ARTICLE,REPEAL,
17/2018/tt-nhnn,17/2018/tt-nhnn_6,ARTICLE,CONTAIN,
17/2018/tt-nhnn_6,04/2015/tt-nhnn_31,ARTICLE,REPEAL,
17/2018/tt-nhnn,17/2018/tt-nhnn_7,ARTICLE,CONTAIN,
17/2018/tt-nhnn,17/2018/tt-nhnn_8,ARTICLE,CONTAIN,
19/2018/tt-nhnn,19/2018/tt-nhnn_1,ARTICLE,CONTAIN,
19/2018/tt-nhnn,19/2018/tt-nhnn_2,ARTICLE,CONTAIN,
19/2018/tt-nhnn,19/2018/tt-nhnn_3,ARTICLE,CONTAIN,
19/2018/tt-nhnn,19/2018/tt-nhnn_4,ARTICLE,CONTAIN,
19/2018/tt-nhnn,19/2018/tt-nhnn_5,ARTICLE,CONTAIN,
19/2018/tt-nhnn,19/2018/tt-nhnn_6,ARTICLE,CONTAIN,
19/2018/tt-nhnn_6,19/2018/tt-nhnn_5,ARTICLE,GUIDE,
19/2018/tt-nhnn,19/2018/tt-nhnn_7,ARTICLE,CONTAIN,
19/2018/tt-nhnn,19/2018/tt-nhnn_8,ARTICLE,CONTAIN,
19/2018/tt-nhnn,19/2018/tt-nhnn_9,ARTICLE,CONTAIN,
19/2018/tt-nhnn,19/2018/tt-nhnn_10,ARTICLE,CONTAIN,
19/2018/tt-nhnn_10,19/2018/tt-nhnn_6,ARTICLE,GUIDE,
19/2018/tt-nhnn,19/2018/tt-nhnn_11,ARTICLE,CONTAIN,
19/2018/tt-nhnn_11,19/2018/tt-nhnn_7,ARTICLE,GUIDE,
19/2018/tt-nhnn,19/2018/tt-nhnn_12,ARTICLE,CONTAIN,
19/2018/tt-nhnn,19/2018/tt-nhnn_13,ARTICLE,CONTAIN,
19/2018/tt-nhnn,19/2018/tt-nhnn_14,ARTICLE,CONTAIN,
19/2018/tt-nhnn,19/2018/tt-nhnn_15,ARTICLE,CONTAIN,
19/2018/tt-nhnn,19/2018/tt-nhnn_16,ARTICLE,CONTAIN,
19/2018/tt-nhnn_16,19/2018/tt-nhnn_2,ARTICLE,GUIDE,
19/2018/tt-nhnn,19/2018/tt-nhnn_17,ARTICLE,CONTAIN,
19/2018/tt-nhnn,19/2018/tt-nhnn_18,ARTICLE,CONTAIN,
19/2018/tt-nhnn,19/2018/tt-nhnn_19,ARTICLE,CONTAIN,
19/2018/tt-nhnn,19/2018/tt-nhnn_20,ARTICLE,CONTAIN,
19/2018/tt-nhnn,19/2018/tt-nhnn_21,ARTICLE,CONTAIN,
19/2018/tt-nhnn,19/2018/tt-nhnn_22,ARTICLE,CONTAIN,
19/2018/tt-nhnn_22,33/2013/TT-NHNN_1,ARTICLE,AMEND,
21/2018/tt-nhnn,21/2018/tt-nhnn_1,ARTICLE,CONTAIN,
21/2018/tt-nhnn_1,21/2018/tt-nhnn_52,ARTICLE,AMEND,
21/2018/tt-nhnn_1,23/2011/tt-nhnn_6,ARTICLE,REPEAL,
21/2018/tt-nhnn,21/2018/tt-nhnn_2,ARTICLE,CONTAIN,
21/2018/tt-nhnn,21/2018/tt-nhnn_3,ARTICLE,CONTAIN,
117/2018/nđ-cp,117/2018/nđ-cp_1,ARTICLE,CONTAIN,
117/2018/nđ-cp,117/2018/nđ-cp_2,ARTICLE,CONTAIN,
117/2018/nđ-cp,117/2018/nđ-cp_3,ARTICLE,CONTAIN,
117/2018/nđ-cp,117/2018/nđ-cp_4,ARTICLE,CONTAIN,
117/2018/nđ-cp,117/2018/nđ-cp_5,ARTICLE,CONTAIN,
117/2018/nđ-cp,117/2018/nđ-cp_6,ARTICLE,CONTAIN,
117/2018/nđ-cp,117/2018/nđ-cp_7,ARTICLE,CONTAIN,
117/2018/nđ-cp_7,117/2018/nđ-cp_9,ARTICLE,GUIDE,
117/2018/nđ-cp,117/2018/nđ-cp_8,ARTICLE,CONTAIN,
117/2018/nđ-cp_8,117/2018/nđ-cp_7,ARTICLE,GUIDE,
117/2018/nđ-cp_8,117/2018/nđ-cp_14,ARTICLE,GUIDE,
117/2018/nđ-cp,117/2018/nđ-cp_9,ARTICLE,CONTAIN,
117/2018/nđ-cp_9,117/2018/nđ-cp_10,ARTICLE,GUIDE,
117/2018/nđ-cp_9,117/2018/nđ-cp_6,ARTICLE,GUIDE,
117/2018/nđ-cp,117/2018/nđ-cp_10,ARTICLE,CONTAIN,
117/2018/nđ-cp,117/2018/nđ-cp_11,ARTICLE,CONTAIN,
117/2018/nđ-cp,117/2018/nđ-cp_12,ARTICLE,CONTAIN,
117/2018/nđ-cp_12,117/2018/nđ-cp_6,ARTICLE,GUIDE,
117/2018/nđ-cp_12,117/2018/nđ-cp_7,ARTICLE,GUIDE,
117/2018/nđ-cp_12,117/2018/nđ-cp_8,ARTICLE,GUIDE,
117/2018/nđ-cp_12,117/2018/nđ-cp_11,ARTICLE,GUIDE,
117/2018/nđ-cp,117/2018/nđ-cp_13,ARTICLE,CONTAIN,
117/2018/nđ-cp,117/2018/nđ-cp_14,ARTICLE,CONTAIN,
117/2018/nđ-cp,117/2018/nđ-cp_15,ARTICLE,CONTAIN,
117/2018/nđ-cp,117/2018/nđ-cp_16,ARTICLE,CONTAIN,
117/2018/nđ-cp,117/2018/nđ-cp_17,ARTICLE,CONTAIN,
117/2018/nđ-cp,117/2018/nđ-cp_18,ARTICLE,CONTAIN,
116/2018/nđ-cp,116/2018/nđ-cp_1,ARTICLE,CONTAIN,
116/2018/nđ-cp_1,55/2015/NĐ-CP_2,ARTICLE,AMEND,
116/2018/nđ-cp_1,55/2015/NĐ-CP_3,ARTICLE,AMEND,
116/2018/nđ-cp_1,55/2015/NĐ-CP_9,ARTICLE,AMEND,
116/2018/nđ-cp_1,55/2015/NĐ-CP_11,ARTICLE,AMEND,
116/2018/nđ-cp_1,55/2015/NĐ-CP_12,ARTICLE,AMEND,
116/2018/nđ-cp_1,55/2015/NĐ-CP_14,ARTICLE,AMEND,
116/2018/nđ-cp_1,55/2015/NĐ-CP_15,ARTICLE,AMEND,
116/2018/nđ-cp_1,55/2015/NĐ-CP_18,ARTICLE,AMEND,
116/2018/nđ-cp_1,55/2015/NĐ-CP_19,ARTICLE,AMEND,
116/2018/nđ-cp_1,55/2015/NĐ-CP_20,ARTICLE,AMEND,
116/2018/nđ-cp_1,55/2015/NĐ-CP_22,ARTICLE,AMEND,
116/2018/nđ-cp_1,55/2015/NĐ-CP_23,ARTICLE,AMEND,
116/2018/nđ-cp,116/2018/nđ-cp_2,ARTICLE,CONTAIN,
116/2018/nđ-cp_2,55/2015/NĐ-CP_14,ARTICLE,REPEAL,
116/2018/nđ-cp,116/2018/nđ-cp_3,ARTICLE,CONTAIN,
116/2018/nđ-cp,116/2018/nđ-cp_4,ARTICLE,CONTAIN,
24/2018/tt-nhnn,24/2018/tt-nhnn_1,ARTICLE,CONTAIN,
24/2018/tt-nhnn_1,20/2011/TT-NHNN_10,ARTICLE,AMEND,
24/2018/tt-nhnn_1,61/2006/QĐ-NHNN_11,ARTICLE,REPEAL,
24/2018/tt-nhnn_1,10/2016/TT-NHNN_34,ARTICLE,REPEAL,
24/2018/tt-nhnn_1,47/2014/TT-NHNN_20,ARTICLE,REPEAL,
24/2018/tt-nhnn_1,35/2016/TT-NHNN_20,ARTICLE,REPEAL,
24/2018/tt-nhnn,24/2018/tt-nhnn_2,ARTICLE,CONTAIN,
24/2018/tt-nhnn,24/2018/tt-nhnn_3,ARTICLE,CONTAIN,
25/2018/tt-nhnn,25/2018/tt-nhnn_1,ARTICLE,CONTAIN,
25/2018/tt-nhnn_1,10/2015/tt-nhnn_1,ARTICLE,AMEND,
25/2018/tt-nhnn_1,10/2015/tt-nhnn_2,ARTICLE,AMEND,
25/2018/tt-nhnn_1,10/2015/tt-nhnn_4,ARTICLE,AMEND,
25/2018/tt-nhnn_1,10/2015/tt-nhnn_5,ARTICLE,AMEND,
25/2018/tt-nhnn_1,10/2015/tt-nhnn_7,ARTICLE,AMEND,
25/2018/tt-nhnn_1,10/2015/tt-nhnn_8,ARTICLE,AMEND,
25/2018/tt-nhnn_1,55/2015/nd-cp_2,ARTICLE,GUIDE,
25/2018/tt-nhnn_1,55/2015/nd-cp_12,ARTICLE,GUIDE,
25/2018/tt-nhnn_1,55/2015/nd-cp_14,ARTICLE,GUIDE,
25/2018/tt-nhnn_1,55/2015/nd-cp_15,ARTICLE,GUIDE,
25/2018/tt-nhnn_1,116/2020/nd-cp_1,ARTICLE,GUIDE,
25/2018/tt-nhnn_1,116/2018/nd-cp_1,ARTICLE,GUIDE,
25/2018/tt-nhnn,25/2018/tt-nhnn_2,ARTICLE,CONTAIN,
25/2018/tt-nhnn_2,10/2015/tt-nhnn_8,ARTICLE,REPEAL,
25/2018/tt-nhnn,25/2018/tt-nhnn_3,ARTICLE,CONTAIN,
25/2018/tt-nhnn,25/2018/tt-nhnn_4,ARTICLE,CONTAIN,
25/2018/tt-nhnn,25/2018/tt-nhnn_5,ARTICLE,CONTAIN,
26/2018/tt-nhnn,26/2018/tt-nhnn_1,ARTICLE,CONTAIN,
26/2018/tt-nhnn,26/2018/tt-nhnn_2,ARTICLE,CONTAIN,
26/2018/tt-nhnn,26/2018/tt-nhnn_3,ARTICLE,CONTAIN,
26/2018/tt-nhnn_3,59/2006/QH11_3,ARTICLE,GUIDE,
26/2018/tt-nhnn,26/2018/tt-nhnn_4,ARTICLE,CONTAIN,
26/2018/tt-nhnn,26/2018/tt-nhnn_5,ARTICLE,CONTAIN,
26/2018/tt-nhnn,26/2018/tt-nhnn_6,ARTICLE,CONTAIN,
26/2018/tt-nhnn,26/2018/tt-nhnn_7,ARTICLE,CONTAIN,
26/2018/tt-nhnn,26/2018/tt-nhnn_8,ARTICLE,CONTAIN,
26/2018/tt-nhnn_8,26/2018/tt-nhnn_13,ARTICLE,GUIDE,
26/2018/tt-nhnn,26/2018/tt-nhnn_9,ARTICLE,CONTAIN,
26/2018/tt-nhnn,26/2018/tt-nhnn_10,ARTICLE,CONTAIN,
26/2018/tt-nhnn,26/2018/tt-nhnn_11,ARTICLE,CONTAIN,
26/2018/tt-nhnn,26/2018/tt-nhnn_12,ARTICLE,CONTAIN,
26/2018/tt-nhnn,26/2018/tt-nhnn_13,ARTICLE,CONTAIN,
26/2018/tt-nhnn,26/2018/tt-nhnn_14,ARTICLE,CONTAIN,
26/2018/tt-nhnn_14,26/2018/tt-nhnn_13,ARTICLE,GUIDE,
26/2018/tt-nhnn,26/2018/tt-nhnn_15,ARTICLE,CONTAIN,
26/2018/tt-nhnn,26/2018/tt-nhnn_16,ARTICLE,CONTAIN,
26/2018/tt-nhnn_16,26/2018/tt-nhnn_11,ARTICLE,GUIDE,
26/2018/tt-nhnn,26/2018/tt-nhnn_17,ARTICLE,CONTAIN,
26/2018/tt-nhnn_17,20/2018/QH14_68,ARTICLE,GUIDE,
26/2018/tt-nhnn,26/2018/tt-nhnn_18,ARTICLE,CONTAIN,
26/2018/tt-nhnn_18,26/2018/tt-nhnn_17,ARTICLE,GUIDE,
26/2018/tt-nhnn,26/2018/tt-nhnn_19,ARTICLE,CONTAIN,
26/2018/tt-nhnn,26/2018/tt-nhnn_20,ARTICLE,CONTAIN,
27/2018/tt-nhnn,27/2018/tt-nhnn_1,ARTICLE,CONTAIN,
27/2018/tt-nhnn,27/2018/tt-nhnn_2,ARTICLE,CONTAIN,
27/2018/tt-nhnn,27/2018/tt-nhnn_3,ARTICLE,CONTAIN,
27/2018/tt-nhnn,27/2018/tt-nhnn_4,ARTICLE,CONTAIN,
27/2018/tt-nhnn_4,27/2018/tt-nhnn_5,ARTICLE,GUIDE,
27/2018/tt-nhnn_4,27/2018/tt-nhnn_6,ARTICLE,GUIDE,
27/2018/tt-nhnn,27/2018/tt-nhnn_5,ARTICLE,CONTAIN,
27/2018/tt-nhnn_5,32/2024/qh15_130,ARTICLE,GUIDE,
27/2018/tt-nhnn,27/2018/tt-nhnn_6,ARTICLE,CONTAIN,
27/2018/tt-nhnn_6,27/2018/tt-nhnn_5,ARTICLE,GUIDE,
27/2018/tt-nhnn,27/2018/tt-nhnn_7,ARTICLE,CONTAIN,
27/2018/tt-nhnn_7,27/2018/tt-nhnn_5,ARTICLE,GUIDE,
27/2018/tt-nhnn,27/2018/tt-nhnn_8,ARTICLE,CONTAIN,
27/2018/tt-nhnn,27/2018/tt-nhnn_9,ARTICLE,CONTAIN,
27/2018/tt-nhnn_9,27/2018/tt-nhnn_5,ARTICLE,GUIDE,
27/2018/tt-nhnn,27/2018/tt-nhnn_10,ARTICLE,CONTAIN,
27/2018/tt-nhnn,27/2018/tt-nhnn_11,ARTICLE,CONTAIN,
29/2018/tt-nhnn,29/2018/tt-nhnn_1,ARTICLE,CONTAIN,
29/2018/tt-nhnn,29/2018/tt-nhnn_2,ARTICLE,CONTAIN,
29/2018/tt-nhnn,29/2018/tt-nhnn_3,ARTICLE,CONTAIN,
29/2018/tt-nhnn_3,40/2018/NĐ-CP_50,ARTICLE,GUIDE,
29/2018/tt-nhnn,29/2018/tt-nhnn_4,ARTICLE,CONTAIN,
29/2018/tt-nhnn_4,40/2018/NĐ-CP_50,ARTICLE,GUIDE,
29/2018/tt-nhnn,29/2018/tt-nhnn_5,ARTICLE,CONTAIN,
29/2018/tt-nhnn,29/2018/tt-nhnn_6,ARTICLE,CONTAIN,
29/2018/tt-nhnn_6,40/2018/NĐ-CP_51,ARTICLE,GUIDE,
29/2018/tt-nhnn_6,40/2018/NĐ-CP_50,ARTICLE,GUIDE,
29/2018/tt-nhnn,29/2018/tt-nhnn_7,ARTICLE,CONTAIN,
29/2018/tt-nhnn_7,40/2018/NĐ-CP_53,ARTICLE,GUIDE,
29/2018/tt-nhnn,29/2018/tt-nhnn_8,ARTICLE,CONTAIN,
29/2018/tt-nhnn_8,40/2018/NĐ-CP_50,ARTICLE,GUIDE,
29/2018/tt-nhnn_8,29/2018/tt-nhnn_3,ARTICLE,GUIDE,
29/2018/tt-nhnn,29/2018/tt-nhnn_9,ARTICLE,CONTAIN,
29/2018/tt-nhnn,29/2018/tt-nhnn_10,ARTICLE,CONTAIN,
29/2018/tt-nhnn,29/2018/tt-nhnn_11,ARTICLE,CONTAIN,
30/2018/tt-nhnn,30/2018/tt-nhnn_1,ARTICLE,CONTAIN,
30/2018/tt-nhnn_1,126/2017/NĐ-CP_31,ARTICLE,GUIDE,
30/2018/tt-nhnn_1,126/2017/NĐ-CP_2,ARTICLE,GUIDE,
30/2018/tt-nhnn,30/2018/tt-nhnn_2,ARTICLE,CONTAIN,
30/2018/tt-nhnn_2,479/2004/QĐ-NHNN_2,ARTICLE,AMEND,
30/2018/tt-nhnn,30/2018/tt-nhnn_3,ARTICLE,CONTAIN,
31/2018/tt-nhnn,31/2018/tt-nhnn_1,ARTICLE,CONTAIN,
31/2018/tt-nhnn_1,61/2014/QH13_52,ARTICLE,GUIDE,
31/2018/tt-nhnn,31/2018/tt-nhnn_2,ARTICLE,CONTAIN,
31/2018/tt-nhnn,31/2018/tt-nhnn_3,ARTICLE,CONTAIN,
31/2018/tt-nhnn_3,124/2017/NĐ-CP_5,ARTICLE,GUIDE,
31/2018/tt-nhnn_3,124/2017/NĐ-CP_21,ARTICLE,GUIDE,
31/2018/tt-nhnn_3,124/2017/NĐ-CP_22,ARTICLE,GUIDE,
31/2018/tt-nhnn,31/2018/tt-nhnn_4,ARTICLE,CONTAIN,
31/2018/tt-nhnn,31/2018/tt-nhnn_5,ARTICLE,CONTAIN,
31/2018/tt-nhnn_5,124/2017/NĐ-CP_5,ARTICLE,GUIDE,
31/2018/tt-nhnn_5,31/2018/tt-nhnn_7,ARTICLE,GUIDE,
31/2018/tt-nhnn_5,31/2018/tt-nhnn_8,ARTICLE,GUIDE,
31/2018/tt-nhnn,31/2018/tt-nhnn_6,ARTICLE,CONTAIN,
31/2018/tt-nhnn_6,124/2017/nd-cp_7,ARTICLE,GUIDE,
31/2018/tt-nhnn,31/2018/tt-nhnn_7,ARTICLE,CONTAIN,
31/2018/tt-nhnn_7,31/2018/tt-nhnn_6,ARTICLE,GUIDE,
31/2018/tt-nhnn_7,31/2018/tt-nhnn_8,ARTICLE,GUIDE,
31/2018/tt-nhnn,31/2018/tt-nhnn_8,ARTICLE,CONTAIN,
31/2018/tt-nhnn_8,124/2017/NĐ-CP_5,ARTICLE,GUIDE,
31/2018/tt-nhnn_8,31/2018/tt-nhnn_7,ARTICLE,GUIDE,
31/2018/tt-nhnn,31/2018/tt-nhnn_9,ARTICLE,CONTAIN,
31/2018/tt-nhnn_9,31/2018/tt-nhnn_7,ARTICLE,GUIDE,
31/2018/tt-nhnn_9,31/2018/tt-nhnn_10,ARTICLE,GUIDE,
31/2018/tt-nhnn_9,31/2018/tt-nhnn_11,ARTICLE,GUIDE,
31/2018/tt-nhnn_9,124/2017/NĐ-CP_22,ARTICLE,GUIDE,
31/2018/tt-nhnn,31/2018/tt-nhnn_10,ARTICLE,CONTAIN,
31/2018/tt-nhnn_10,124/2017/NĐ-CP_3,ARTICLE,GUIDE,
31/2018/tt-nhnn_10,31/2018/tt-nhnn_9,ARTICLE,GUIDE,
31/2018/tt-nhnn,31/2018/tt-nhnn_11,ARTICLE,CONTAIN,
31/2018/tt-nhnn_11,124/2017/NĐ-CP_3,ARTICLE,GUIDE,
31/2018/tt-nhnn_11,31/2018/tt-nhnn_9,ARTICLE,GUIDE,
31/2018/tt-nhnn,31/2018/tt-nhnn_12,ARTICLE,CONTAIN,
31/2018/tt-nhnn_12,124/2017/NĐ-CP_21,ARTICLE,GUIDE,
31/2018/tt-nhnn_12,124/2017/NĐ-CP_22,ARTICLE,GUIDE,
31/2018/tt-nhnn,31/2018/tt-nhnn_13,ARTICLE,CONTAIN,
31/2018/tt-nhnn,31/2018/tt-nhnn_14,ARTICLE,CONTAIN,
31/2018/tt-nhnn_14,31/2018/tt-nhnn_13,ARTICLE,GUIDE,
31/2018/tt-nhnn,31/2018/tt-nhnn_15,ARTICLE,CONTAIN,
31/2018/tt-nhnn_15,61/2014/QH13_62,ARTICLE,GUIDE,
31/2018/tt-nhnn,31/2018/tt-nhnn_16,ARTICLE,CONTAIN,
31/2018/tt-nhnn_16,124/2017/NĐ-CP_21,ARTICLE,GUIDE,
31/2018/tt-nhnn,31/2018/tt-nhnn_17,ARTICLE,CONTAIN,
31/2018/tt-nhnn_17,124/2017/NĐ-CP_5,ARTICLE,GUIDE,
31/2018/tt-nhnn_17,31/2018/tt-nhnn_21,ARTICLE,GUIDE,
31/2018/tt-nhnn,31/2018/tt-nhnn_18,ARTICLE,CONTAIN,
31/2018/tt-nhnn_18,124/2017/NĐ-CP_5,ARTICLE,GUIDE,
31/2018/tt-nhnn,31/2018/tt-nhnn_19,ARTICLE,CONTAIN,
31/2018/tt-nhnn_19,124/2017/NĐ-CP_7,ARTICLE,GUIDE,
31/2018/tt-nhnn,31/2018/tt-nhnn_20,ARTICLE,CONTAIN,
31/2018/tt-nhnn,31/2018/tt-nhnn_21,ARTICLE,CONTAIN,
31/2018/tt-nhnn,31/2018/tt-nhnn_22,ARTICLE,CONTAIN,
31/2018/tt-nhnn,31/2018/tt-nhnn_23,ARTICLE,CONTAIN,
31/2018/tt-nhnn,31/2018/tt-nhnn_24,ARTICLE,CONTAIN,
31/2018/tt-nhnn_24,12/2016/tt-nhnn_28,ARTICLE,REPEAL,
31/2018/tt-nhnn,31/2018/tt-nhnn_25,ARTICLE,CONTAIN,
32/2018/tt-nhnn,32/2018/tt-nhnn_1,ARTICLE,CONTAIN,
32/2018/tt-nhnn,32/2018/tt-nhnn_2,ARTICLE,CONTAIN,
32/2018/tt-nhnn_2,32/2018/tt-nhnn_3,ARTICLE,GUIDE,
32/2018/tt-nhnn,32/2018/tt-nhnn_3,ARTICLE,CONTAIN,
32/2018/tt-nhnn,32/2018/tt-nhnn_4,ARTICLE,CONTAIN,
32/2018/tt-nhnn_4,32/2018/tt-nhnn_5,ARTICLE,GUIDE,
32/2018/tt-nhnn,32/2018/tt-nhnn_5,ARTICLE,CONTAIN,
32/2018/tt-nhnn_5,32/2018/tt-nhnn_4,ARTICLE,GUIDE,
32/2018/tt-nhnn,32/2018/tt-nhnn_6,ARTICLE,CONTAIN,
32/2018/tt-nhnn_6,32/2018/tt-nhnn_5,ARTICLE,GUIDE,
32/2018/tt-nhnn,32/2018/tt-nhnn_7,ARTICLE,CONTAIN,
32/2018/tt-nhnn,32/2018/tt-nhnn_8,ARTICLE,CONTAIN,
32/2018/tt-nhnn_8,32/2018/tt-nhnn_4,ARTICLE,GUIDE,
32/2018/tt-nhnn_8,32/2018/tt-nhnn_5,ARTICLE,GUIDE,
32/2018/tt-nhnn,32/2018/tt-nhnn_9,ARTICLE,CONTAIN,
32/2018/tt-nhnn,32/2018/tt-nhnn_10,ARTICLE,CONTAIN,
32/2018/tt-nhnn,32/2018/tt-nhnn_11,ARTICLE,CONTAIN,
32/2018/tt-nhnn,32/2018/tt-nhnn_12,ARTICLE,CONTAIN,
32/2018/tt-nhnn,32/2018/tt-nhnn_13,ARTICLE,CONTAIN,
33/2018/tt-nhnn,33/2018/tt-nhnn_1,ARTICLE,CONTAIN,
33/2018/tt-nhnn_1,33/2018/tt-nhnn_2,ARTICLE,AMEND,
33/2018/tt-nhnn,33/2018/tt-nhnn_2,ARTICLE,CONTAIN,
33/2018/tt-nhnn,33/2018/tt-nhnn_3,ARTICLE,CONTAIN,
34/2018/tt-nhnn,34/2018/tt-nhnn_1,ARTICLE,CONTAIN,
34/2018/tt-nhnn,34/2018/tt-nhnn_2,ARTICLE,CONTAIN,
34/2018/tt-nhnn,34/2018/tt-nhnn_3,ARTICLE,CONTAIN,
34/2018/tt-nhnn,34/2018/tt-nhnn_4,ARTICLE,CONTAIN,
34/2018/tt-nhnn_4,34/2018/tt-nhnn_23,ARTICLE,GUIDE,
34/2018/tt-nhnn_4,34/2018/tt-nhnn_14,ARTICLE,GUIDE,
34/2018/tt-nhnn,34/2018/tt-nhnn_5,ARTICLE,CONTAIN,
34/2018/tt-nhnn,34/2018/tt-nhnn_6,ARTICLE,CONTAIN,
34/2018/tt-nhnn,34/2018/tt-nhnn_7,ARTICLE,CONTAIN,
34/2018/tt-nhnn_7,34/2018/tt-nhnn_3,ARTICLE,GUIDE,
34/2018/tt-nhnn,34/2018/tt-nhnn_8,ARTICLE,CONTAIN,
34/2018/tt-nhnn,34/2018/tt-nhnn_9,ARTICLE,CONTAIN,
34/2018/tt-nhnn,34/2018/tt-nhnn_10,ARTICLE,CONTAIN,
34/2018/tt-nhnn,34/2018/tt-nhnn_11,ARTICLE,CONTAIN,
34/2018/tt-nhnn,34/2018/tt-nhnn_12,ARTICLE,CONTAIN,
34/2018/tt-nhnn,34/2018/tt-nhnn_13,ARTICLE,CONTAIN,
34/2018/tt-nhnn_13,34/2018/tt-nhnn_15,ARTICLE,GUIDE,
34/2018/tt-nhnn_13,34/2018/tt-nhnn_16,ARTICLE,GUIDE,
34/2018/tt-nhnn,34/2018/tt-nhnn_14,ARTICLE,CONTAIN,
34/2018/tt-nhnn,34/2018/tt-nhnn_15,ARTICLE,CONTAIN,
34/2018/tt-nhnn,34/2018/tt-nhnn_16,ARTICLE,CONTAIN,
34/2018/tt-nhnn,34/2018/tt-nhnn_17,ARTICLE,CONTAIN,
34/2018/tt-nhnn,34/2018/tt-nhnn_18,ARTICLE,CONTAIN,
34/2018/tt-nhnn,34/2018/tt-nhnn_19,ARTICLE,CONTAIN,
34/2018/tt-nhnn,34/2018/tt-nhnn_20,ARTICLE,CONTAIN,
34/2018/tt-nhnn,34/2018/tt-nhnn_21,ARTICLE,CONTAIN,
34/2018/tt-nhnn,34/2018/tt-nhnn_22,ARTICLE,CONTAIN,
34/2018/tt-nhnn,34/2018/tt-nhnn_23,ARTICLE,CONTAIN,
34/2018/tt-nhnn,34/2018/tt-nhnn_24,ARTICLE,CONTAIN,
34/2018/tt-nhnn,34/2018/tt-nhnn_25,ARTICLE,CONTAIN,
36/2018/tt-nhnn,36/2018/tt-nhnn_1,ARTICLE,CONTAIN,
36/2018/tt-nhnn,36/2018/tt-nhnn_2,ARTICLE,CONTAIN,
36/2018/tt-nhnn,36/2018/tt-nhnn_3,ARTICLE,CONTAIN,
36/2018/tt-nhnn,36/2018/tt-nhnn_4,ARTICLE,CONTAIN,
36/2018/tt-nhnn_4,61/2014/qh13_52,ARTICLE,GUIDE,
36/2018/tt-nhnn,36/2018/tt-nhnn_5,ARTICLE,CONTAIN,
36/2018/tt-nhnn,36/2018/tt-nhnn_6,ARTICLE,CONTAIN,
36/2018/tt-nhnn_6,36/2018/tt-nhnn_5,ARTICLE,GUIDE,
36/2018/tt-nhnn,36/2018/tt-nhnn_7,ARTICLE,CONTAIN,
36/2018/tt-nhnn,36/2018/tt-nhnn_8,ARTICLE,CONTAIN,
36/2018/tt-nhnn,36/2018/tt-nhnn_9,ARTICLE,CONTAIN,
36/2018/tt-nhnn,36/2018/tt-nhnn_10,ARTICLE,CONTAIN,
36/2018/tt-nhnn,36/2018/tt-nhnn_11,ARTICLE,CONTAIN,
36/2018/tt-nhnn,36/2018/tt-nhnn_12,ARTICLE,CONTAIN,
36/2018/tt-nhnn,36/2018/tt-nhnn_13,ARTICLE,CONTAIN,
36/2018/tt-nhnn,36/2018/tt-nhnn_14,ARTICLE,CONTAIN,
38/2018/tt-nhnn,38/2018/tt-nhnn_1,ARTICLE,CONTAIN,
38/2018/tt-nhnn,38/2018/tt-nhnn_2,ARTICLE,CONTAIN,
38/2018/tt-nhnn,38/2018/tt-nhnn_3,ARTICLE,CONTAIN,
38/2018/tt-nhnn,38/2018/tt-nhnn_4,ARTICLE,CONTAIN,
38/2018/tt-nhnn_4,38/2018/tt-nhnn_3,ARTICLE,GUIDE,
38/2018/tt-nhnn,38/2018/tt-nhnn_5,ARTICLE,CONTAIN,
38/2018/tt-nhnn_5,38/2018/tt-nhnn_4,ARTICLE,GUIDE,
38/2018/tt-nhnn,38/2018/tt-nhnn_6,ARTICLE,CONTAIN,
38/2018/tt-nhnn,38/2018/tt-nhnn_7,ARTICLE,CONTAIN,
38/2018/tt-nhnn,38/2018/tt-nhnn_8,ARTICLE,CONTAIN,
38/2018/tt-nhnn,38/2018/tt-nhnn_9,ARTICLE,CONTAIN,
37/2018/tt-nhnn,37/2018/tt-nhnn_1,ARTICLE,CONTAIN,
37/2018/tt-nhnn_1,39/2013/tt-nhnn_1,ARTICLE,AMEND,
37/2018/tt-nhnn_1,39/2013/tt-nhnn_3,ARTICLE,AMEND,
37/2018/tt-nhnn_1,39/2013/tt-nhnn_6,ARTICLE,AMEND,
37/2018/tt-nhnn_1,39/2013/tt-nhnn_7,ARTICLE,AMEND,
37/2018/tt-nhnn_1,39/2013/tt-nhnn_9,ARTICLE,AMEND,
37/2018/tt-nhnn_1,39/2013/tt-nhnn_12,ARTICLE,AMEND,
37/2018/tt-nhnn_1,39/2013/tt-nhnn_15,ARTICLE,AMEND,
37/2018/tt-nhnn,37/2018/tt-nhnn_2,ARTICLE,CONTAIN,
37/2018/tt-nhnn,37/2018/tt-nhnn_3,ARTICLE,CONTAIN,
40/2018/tt-nhnn,40/2018/tt-nhnn_1,ARTICLE,CONTAIN,
40/2018/tt-nhnn_1,13/2018/tt-nhnn_3,ARTICLE,AMEND,
40/2018/tt-nhnn_1,13/2018/tt-nhnn_21,ARTICLE,AMEND,
40/2018/tt-nhnn_1,13/2018/tt-nhnn_38,ARTICLE,AMEND,
40/2018/tt-nhnn_1,13/2018/tt-nhnn_60,ARTICLE,AMEND,
40/2018/tt-nhnn_1,13/2018/tt-nhnn_64,ARTICLE,AMEND,
40/2018/tt-nhnn,40/2018/tt-nhnn_2,ARTICLE,CONTAIN,
40/2018/tt-nhnn_2,13/2018/tt-nhnn_38,ARTICLE,REPEAL,
40/2018/tt-nhnn_2,13/2018/tt-nhnn_3,ARTICLE,REPEAL,
40/2018/tt-nhnn_2,13/2018/tt-nhnn_39,ARTICLE,REPEAL,
40/2018/tt-nhnn_2,13/2018/tt-nhnn_41,ARTICLE,REPEAL,
40/2018/tt-nhnn_2,13/2018/tt-nhnn_42,ARTICLE,REPEAL,
40/2018/tt-nhnn_2,13/2018/tt-nhnn_47,ARTICLE,REPEAL,
40/2018/tt-nhnn,40/2018/tt-nhnn_3,ARTICLE,CONTAIN,
40/2018/tt-nhnn,40/2018/tt-nhnn_4,ARTICLE,CONTAIN,
39 /2018/tt-nhnn,39 /2018/tt-nhnn_1,ARTICLE,CONTAIN,
39 /2018/tt-nhnn,39 /2018/tt-nhnn_2,ARTICLE,CONTAIN,
39 /2018/tt-nhnn,39 /2018/tt-nhnn_3,ARTICLE,CONTAIN,
39 /2018/tt-nhnn_3,03/2016/tt-bnv_2,ARTICLE,GUIDE,
39 /2018/tt-nhnn_3,03/2016/tt-bnv_4,ARTICLE,GUIDE,
39 /2018/tt-nhnn_3,03/2016/tt-bnv_6,ARTICLE,GUIDE,
39 /2018/tt-nhnn,39 /2018/tt-nhnn_4,ARTICLE,CONTAIN,
39 /2018/tt-nhnn,39 /2018/tt-nhnn_5,ARTICLE,CONTAIN,
39 /2018/tt-nhnn,39 /2018/tt-nhnn_6,ARTICLE,CONTAIN,
39 /2018/tt-nhnn_6,03/2016/TT-BNV_7,ARTICLE,GUIDE,
39 /2018/tt-nhnn_6,03/2016/TT-BNV_8,ARTICLE,GUIDE,
39 /2018/tt-nhnn,39 /2018/tt-nhnn_7,ARTICLE,CONTAIN,
39 /2018/tt-nhnn,39 /2018/tt-nhnn_8,ARTICLE,CONTAIN,
39 /2018/tt-nhnn_8,03/2016/TT-BNV_10,ARTICLE,GUIDE,
39 /2018/tt-nhnn,39 /2018/tt-nhnn_9,ARTICLE,CONTAIN,
39 /2018/tt-nhnn,39 /2018/tt-nhnn_10,ARTICLE,CONTAIN,
39 /2018/tt-nhnn,39 /2018/tt-nhnn_11,ARTICLE,CONTAIN,
39 /2018/tt-nhnn_11,39/2018/tt-nhnn_9,ARTICLE,GUIDE,
39 /2018/tt-nhnn,39 /2018/tt-nhnn_12,ARTICLE,CONTAIN,
39 /2018/tt-nhnn,39 /2018/tt-nhnn_13,ARTICLE,CONTAIN,
39 /2018/tt-nhnn,39 /2018/tt-nhnn_14,ARTICLE,CONTAIN,
39 /2018/tt-nhnn_14,39/2018/tt-nhnn_6,ARTICLE,GUIDE,
39 /2018/tt-nhnn,39 /2018/tt-nhnn_15,ARTICLE,CONTAIN,
39 /2018/tt-nhnn,39 /2018/tt-nhnn_16,ARTICLE,CONTAIN,
39 /2018/tt-nhnn,39 /2018/tt-nhnn_17,ARTICLE,CONTAIN,
42/2018/tt-nhnn,42/2018/tt-nhnn_1,ARTICLE,CONTAIN,
42/2018/tt-nhnn_1,24/2015/tt-nhnn_3,ARTICLE,AMEND,
42/2018/tt-nhnn_1,24/2015/tt-nhnn_5,ARTICLE,AMEND,
42/2018/tt-nhnn,42/2018/tt-nhnn_2,ARTICLE,CONTAIN,
42/2018/tt-nhnn,42/2018/tt-nhnn_3,ARTICLE,CONTAIN,
42/2018/tt-nhnn,42/2018/tt-nhnn_4,ARTICLE,CONTAIN,
42/2018/tt-nhnn,42/2018/tt-nhnn_5,ARTICLE,CONTAIN,
44/2018/tt-nhnn,44/2018/tt-nhnn_1,ARTICLE,CONTAIN,
44/2018/tt-nhnn_1,36/2012/tt-nhnn_4,ARTICLE,AMEND,
44/2018/tt-nhnn_1,36/2012/tt-nhnn_5,ARTICLE,AMEND,
44/2018/tt-nhnn_1,36/2012/tt-nhnn_7,ARTICLE,AMEND,
44/2018/tt-nhnn_1,36/2012/tt-nhnn_10,ARTICLE,AMEND,
44/2018/tt-nhnn_1,36/2012/tt-nhnn_11,ARTICLE,AMEND,
44/2018/tt-nhnn,44/2018/tt-nhnn_2,ARTICLE,CONTAIN,
44/2018/tt-nhnn,44/2018/tt-nhnn_3,ARTICLE,CONTAIN,
44/2018/tt-nhnn_3,36/2012/tt-nhnn_9,ARTICLE,REPEAL,
44/2018/tt-nhnn_3,36/2012/tt-nhnn_11,ARTICLE,REPEAL,
43/2018/tt-nhnn,43/2018/tt-nhnn_1,ARTICLE,CONTAIN,
43/2018/tt-nhnn_1,16/2010/tt-nhnn_5,ARTICLE,AMEND,
43/2018/tt-nhnn,43/2018/tt-nhnn_2,ARTICLE,CONTAIN,
43/2018/tt-nhnn,43/2018/tt-nhnn_3,ARTICLE,CONTAIN,
45/2018/tt-nhnn,45/2018/tt-nhnn_1,ARTICLE,CONTAIN,
45/2018/tt-nhnn,45/2018/tt-nhnn_2,ARTICLE,CONTAIN,
45/2018/tt-nhnn,45/2018/tt-nhnn_3,ARTICLE,CONTAIN,
45/2018/tt-nhnn_3,34/2018/NĐ-CP_14,ARTICLE,GUIDE,
45/2018/tt-nhnn,45/2018/tt-nhnn_4,ARTICLE,CONTAIN,
45/2018/tt-nhnn_4,34/2018/NĐ-CP_24,ARTICLE,GUIDE,
45/2018/tt-nhnn_4,34/2018/NĐ-CP_26,ARTICLE,GUIDE,
45/2018/tt-nhnn_4,34/2018/NĐ-CP_27,ARTICLE,GUIDE,
45/2018/tt-nhnn_4,34/2018/NĐ-CP_31,ARTICLE,GUIDE,
45/2018/tt-nhnn_4,34/2018/NĐ-CP_32,ARTICLE,GUIDE,
45/2018/tt-nhnn_4,34/2018/NĐ-CP_33,ARTICLE,GUIDE,
45/2018/tt-nhnn,45/2018/tt-nhnn_5,ARTICLE,CONTAIN,
45/2018/tt-nhnn_5,34/2018/NĐ-CP_17,ARTICLE,GUIDE,
45/2018/tt-nhnn,45/2018/tt-nhnn_6,ARTICLE,CONTAIN,
45/2018/tt-nhnn,45/2018/tt-nhnn_7,ARTICLE,CONTAIN,
45/2018/tt-nhnn,45/2018/tt-nhnn_8,ARTICLE,CONTAIN,
45/2018/tt-nhnn,45/2018/tt-nhnn_9,ARTICLE,CONTAIN,
45/2018/tt-nhnn,45/2018/tt-nhnn_10,ARTICLE,CONTAIN,
46/2018/tt-nhnn,46/2018/tt-nhnn_1,ARTICLE,CONTAIN,
46/2018/tt-nhnn,46/2018/tt-nhnn_2,ARTICLE,CONTAIN,
46/2018/tt-nhnn,46/2018/tt-nhnn_3,ARTICLE,CONTAIN,
46/2018/tt-nhnn_3,32/2024/qh15_55,ARTICLE,GUIDE,
46/2018/tt-nhnn,46/2018/tt-nhnn_4,ARTICLE,CONTAIN,
46/2018/tt-nhnn_4,32/2024/qh15_55,ARTICLE,GUIDE,
46/2018/tt-nhnn_4,46/2018/tt-nhnn_3,ARTICLE,GUIDE,
46/2018/tt-nhnn,46/2018/tt-nhnn_5,ARTICLE,CONTAIN,
46/2018/tt-nhnn_5,32/2024/qh15_55,ARTICLE,GUIDE,
46/2018/tt-nhnn_5,46/2018/tt-nhnn_3,ARTICLE,GUIDE,
46/2018/tt-nhnn,46/2018/tt-nhnn_6,ARTICLE,CONTAIN,
46/2018/tt-nhnn,46/2018/tt-nhnn_7,ARTICLE,CONTAIN,
46/2018/tt-nhnn_7,06/2015/tt-nhnn_3,ARTICLE,REPEAL,
46/2018/tt-nhnn_7,32/2024/qh15_55,ARTICLE,GUIDE,
46/2018/tt-nhnn,46/2018/tt-nhnn_8,ARTICLE,CONTAIN,
49/2018/tt-nhnn,49/2018/tt-nhnn_1,ARTICLE,CONTAIN,
49/2018/tt-nhnn,49/2018/tt-nhnn_2,ARTICLE,CONTAIN,
49/2018/tt-nhnn,49/2018/tt-nhnn_3,ARTICLE,CONTAIN,
49/2018/tt-nhnn_3,17/2009/PL-CT_4,ARTICLE,GUIDE,
49/2018/tt-nhnn,49/2018/tt-nhnn_4,ARTICLE,CONTAIN,
49/2018/tt-nhnn,49/2018/tt-nhnn_5,ARTICLE,CONTAIN,
49/2018/tt-nhnn_5,49/2018/tt-nhnn_4,ARTICLE,GUIDE,
49/2018/tt-nhnn,49/2018/tt-nhnn_6,ARTICLE,CONTAIN,
49/2018/tt-nhnn,49/2018/tt-nhnn_7,ARTICLE,CONTAIN,
49/2018/tt-nhnn,49/2018/tt-nhnn_8,ARTICLE,CONTAIN,
49/2018/tt-nhnn,49/2018/tt-nhnn_9,ARTICLE,CONTAIN,
49/2018/tt-nhnn_9,49/2018/tt-nhnn_5,ARTICLE,GUIDE,
49/2018/tt-nhnn,49/2018/tt-nhnn_10,ARTICLE,CONTAIN,
49/2018/tt-nhnn,49/2018/tt-nhnn_11,ARTICLE,CONTAIN,
49/2018/tt-nhnn,49/2018/tt-nhnn_12,ARTICLE,CONTAIN,
49/2018/tt-nhnn_12,49/2018/tt-nhnn_3,ARTICLE,GUIDE,
49/2018/tt-nhnn_12,49/2018/tt-nhnn_5,ARTICLE,GUIDE,
49/2018/tt-nhnn,49/2018/tt-nhnn_13,ARTICLE,CONTAIN,
49/2018/tt-nhnn,49/2018/tt-nhnn_14,ARTICLE,CONTAIN,
49/2018/tt-nhnn,49/2018/tt-nhnn_15,ARTICLE,CONTAIN,
49/2018/tt-nhnn_15,49/2018/tt-nhnn_14,ARTICLE,GUIDE,
49/2018/tt-nhnn_15,49/2018/tt-nhnn_8,ARTICLE,GUIDE,
49/2018/tt-nhnn,49/2018/tt-nhnn_16,ARTICLE,CONTAIN,
49/2018/tt-nhnn,49/2018/tt-nhnn_17,ARTICLE,CONTAIN,
49/2018/tt-nhnn_17,16/2014/tt-nhnn_3,ARTICLE,AMEND,
49/2018/tt-nhnn_17,16/2014/tt-nhnn_5,ARTICLE,AMEND,
49/2018/tt-nhnn_17,16/2014/tt-nhnn_4,ARTICLE,AMEND,
49/2018/tt-nhnn_17,16/2014/tt-nhnn_6,ARTICLE,AMEND,
49/2018/tt-nhnn_17,49/2018/tt-nhnn_3,ARTICLE,GUIDE,
49/2018/tt-nhnn_17,49/2018/tt-nhnn_5,ARTICLE,GUIDE,
49/2018/tt-nhnn,49/2018/tt-nhnn_18,ARTICLE,CONTAIN,
48/2018/tt-nhnn,48/2018/tt-nhnn_1,ARTICLE,CONTAIN,
48/2018/tt-nhnn,48/2018/tt-nhnn_2,ARTICLE,CONTAIN,
48/2018/tt-nhnn,48/2018/tt-nhnn_3,ARTICLE,CONTAIN,
48/2018/tt-nhnn,48/2018/tt-nhnn_4,ARTICLE,CONTAIN,
48/2018/tt-nhnn,48/2018/tt-nhnn_5,ARTICLE,CONTAIN,
48/2018/tt-nhnn,48/2018/tt-nhnn_6,ARTICLE,CONTAIN,
48/2018/tt-nhnn,48/2018/tt-nhnn_7,ARTICLE,CONTAIN,
48/2018/tt-nhnn,48/2018/tt-nhnn_8,ARTICLE,CONTAIN,
48/2018/tt-nhnn,48/2018/tt-nhnn_9,ARTICLE,CONTAIN,
48/2018/tt-nhnn,48/2018/tt-nhnn_10,ARTICLE,CONTAIN,
48/2018/tt-nhnn,48/2018/tt-nhnn_11,ARTICLE,CONTAIN,
48/2018/tt-nhnn,48/2018/tt-nhnn_12,ARTICLE,CONTAIN,
48/2018/tt-nhnn,48/2018/tt-nhnn_13,ARTICLE,CONTAIN,
48/2018/tt-nhnn,48/2018/tt-nhnn_14,ARTICLE,CONTAIN,
48/2018/tt-nhnn_14,48/2018/tt-nhnn_4,ARTICLE,GUIDE,
48/2018/tt-nhnn,48/2018/tt-nhnn_15,ARTICLE,CONTAIN,
48/2018/tt-nhnn,48/2018/tt-nhnn_16,ARTICLE,CONTAIN,
48/2018/tt-nhnn,48/2018/tt-nhnn_17,ARTICLE,CONTAIN,
48/2018/tt-nhnn,48/2018/tt-nhnn_18,ARTICLE,CONTAIN,
48/2018/tt-nhnn,48/2018/tt-nhnn_19,ARTICLE,CONTAIN,
48/2018/tt-nhnn,48/2018/tt-nhnn_20,ARTICLE,CONTAIN,
48/2018/tt-nhnn_20,48/2018/tt-nhnn_7,ARTICLE,GUIDE,
48/2018/tt-nhnn_20,48/2018/tt-nhnn_16,ARTICLE,GUIDE,
48/2018/tt-nhnn_20,48/2018/tt-nhnn_11,ARTICLE,GUIDE,
48/2018/tt-nhnn,48/2018/tt-nhnn_21,ARTICLE,CONTAIN,
48/2018/tt-nhnn,48/2018/tt-nhnn_22,ARTICLE,CONTAIN,
48/2018/tt-nhnn,48/2018/tt-nhnn_23,ARTICLE,CONTAIN,
47/2018/tt-nhnn,47/2018/tt-nhnn_1,ARTICLE,CONTAIN,
47/2018/tt-nhnn,47/2018/tt-nhnn_2,ARTICLE,CONTAIN,
47/2018/tt-nhnn,47/2018/tt-nhnn_3,ARTICLE,CONTAIN,
50/2018/tt-nhnn,50/2018/tt-nhnn_1,ARTICLE,CONTAIN,
50/2018/tt-nhnn_1,32/2024/qh15_3,ARTICLE,GUIDE,
50/2018/tt-nhnn,50/2018/tt-nhnn_2,ARTICLE,CONTAIN,
50/2018/tt-nhnn,50/2018/tt-nhnn_3,ARTICLE,CONTAIN,
50/2018/tt-nhnn,50/2018/tt-nhnn_4,ARTICLE,CONTAIN,
50/2018/tt-nhnn_4,50/2018/tt-nhnn_1,ARTICLE,GUIDE,
50/2018/tt-nhnn,50/2018/tt-nhnn_5,ARTICLE,CONTAIN,
50/2018/tt-nhnn,50/2018/tt-nhnn_6,ARTICLE,CONTAIN,
50/2018/tt-nhnn,50/2018/tt-nhnn_7,ARTICLE,CONTAIN,
50/2018/tt-nhnn_7,50/2018/tt-nhnn_6,ARTICLE,GUIDE,
50/2018/tt-nhnn,50/2018/tt-nhnn_8,ARTICLE,CONTAIN,
50/2018/tt-nhnn,50/2018/tt-nhnn_9,ARTICLE,CONTAIN,
50/2018/tt-nhnn,50/2018/tt-nhnn_10,ARTICLE,CONTAIN,
50/2018/tt-nhnn,50/2018/tt-nhnn_11,ARTICLE,CONTAIN,
50/2018/tt-nhnn,50/2018/tt-nhnn_12,ARTICLE,CONTAIN,
50/2018/tt-nhnn_12,50/2018/tt-nhnn_11,ARTICLE,GUIDE,
50/2018/tt-nhnn,50/2018/tt-nhnn_13,ARTICLE,CONTAIN,
50/2018/tt-nhnn_13,50/2018/tt-nhnn_5,ARTICLE,GUIDE,
50/2018/tt-nhnn_13,50/2018/tt-nhnn_11,ARTICLE,GUIDE,
50/2018/tt-nhnn_13,32/2024/qh15_103,ARTICLE,GUIDE,
50/2018/tt-nhnn,50/2018/tt-nhnn_14,ARTICLE,CONTAIN,
50/2018/tt-nhnn_14,50/2018/tt-nhnn_5,ARTICLE,GUIDE,
50/2018/tt-nhnn_14,50/2018/tt-nhnn_11,ARTICLE,GUIDE,
50/2018/tt-nhnn,50/2018/tt-nhnn_15,ARTICLE,CONTAIN,
50/2018/tt-nhnn_15,50/2018/tt-nhnn_13,ARTICLE,GUIDE,
50/2018/tt-nhnn,50/2018/tt-nhnn_16,ARTICLE,CONTAIN,
50/2018/tt-nhnn_16,50/2018/tt-nhnn_13,ARTICLE,GUIDE,
50/2018/tt-nhnn_16,50/2018/tt-nhnn_15,ARTICLE,GUIDE,
50/2018/tt-nhnn,50/2018/tt-nhnn_17,ARTICLE,CONTAIN,
50/2018/tt-nhnn_17,50/2018/tt-nhnn_12,ARTICLE,GUIDE,
50/2018/tt-nhnn_17,50/2018/tt-nhnn_15,ARTICLE,GUIDE,
50/2018/tt-nhnn,50/2018/tt-nhnn_18,ARTICLE,CONTAIN,
50/2018/tt-nhnn_18,50/2018/tt-nhnn_4,ARTICLE,GUIDE,
50/2018/tt-nhnn_18,50/2018/tt-nhnn_5,ARTICLE,GUIDE,
50/2018/tt-nhnn_18,50/2018/tt-nhnn_6,ARTICLE,GUIDE,
50/2018/tt-nhnn_18,50/2018/tt-nhnn_7,ARTICLE,GUIDE,
50/2018/tt-nhnn_18,50/2018/tt-nhnn_8,ARTICLE,GUIDE,
50/2018/tt-nhnn_18,50/2018/tt-nhnn_9,ARTICLE,GUIDE,
50/2018/tt-nhnn_18,50/2018/tt-nhnn_10,ARTICLE,GUIDE,
50/2018/tt-nhnn_18,50/2018/tt-nhnn_11,ARTICLE,GUIDE,
50/2018/tt-nhnn_18,50/2018/tt-nhnn_12,ARTICLE,GUIDE,
50/2018/tt-nhnn_18,50/2018/tt-nhnn_13,ARTICLE,GUIDE,
50/2018/tt-nhnn_18,50/2018/tt-nhnn_14,ARTICLE,GUIDE,
50/2018/tt-nhnn_18,50/2018/tt-nhnn_15,ARTICLE,GUIDE,
50/2018/tt-nhnn_18,50/2018/tt-nhnn_16,ARTICLE,GUIDE,
50/2018/tt-nhnn_18,50/2018/tt-nhnn_17,ARTICLE,GUIDE,
50/2018/tt-nhnn,50/2018/tt-nhnn_19,ARTICLE,CONTAIN,
50/2018/tt-nhnn_19,50/2018/tt-nhnn_5,ARTICLE,GUIDE,
50/2018/tt-nhnn_19,50/2018/tt-nhnn_6,ARTICLE,GUIDE,
50/2018/tt-nhnn_19,50/2018/tt-nhnn_8,ARTICLE,GUIDE,
50/2018/tt-nhnn_19,50/2018/tt-nhnn_9,ARTICLE,GUIDE,
50/2018/tt-nhnn_19,50/2018/tt-nhnn_10,ARTICLE,GUIDE,
50/2018/tt-nhnn_19,50/2018/tt-nhnn_14,ARTICLE,GUIDE,
50/2018/tt-nhnn_19,50/2018/tt-nhnn_4,ARTICLE,GUIDE,
50/2018/tt-nhnn,50/2018/tt-nhnn_20,ARTICLE,CONTAIN,
50/2018/tt-nhnn,50/2018/tt-nhnn_21,ARTICLE,CONTAIN,
50/2018/tt-nhnn,50/2018/tt-nhnn_22,ARTICLE,CONTAIN,
52/2018/tt-nhnn,52/2018/tt-nhnn_1,ARTICLE,CONTAIN,
52/2018/tt-nhnn,52/2018/tt-nhnn_2,ARTICLE,CONTAIN,
52/2018/tt-nhnn,52/2018/tt-nhnn_3,ARTICLE,CONTAIN,
52/2018/tt-nhnn,52/2018/tt-nhnn_4,ARTICLE,CONTAIN,
52/2018/tt-nhnn,52/2018/tt-nhnn_5,ARTICLE,CONTAIN,
52/2018/tt-nhnn_5,52/2018/tt-nhnn_21,ARTICLE,GUIDE,
52/2018/tt-nhnn,52/2018/tt-nhnn_6,ARTICLE,CONTAIN,
52/2018/tt-nhnn_6,52/2018/tt-nhnn_7,ARTICLE,GUIDE,
52/2018/tt-nhnn_6,52/2018/tt-nhnn_8,ARTICLE,GUIDE,
52/2018/tt-nhnn_6,52/2018/tt-nhnn_9,ARTICLE,GUIDE,
52/2018/tt-nhnn_6,52/2018/tt-nhnn_10,ARTICLE,GUIDE,
52/2018/tt-nhnn_6,52/2018/tt-nhnn_11,ARTICLE,GUIDE,
52/2018/tt-nhnn_6,52/2018/tt-nhnn_12,ARTICLE,GUIDE,
52/2018/tt-nhnn,52/2018/tt-nhnn_7,ARTICLE,CONTAIN,
52/2018/tt-nhnn,52/2018/tt-nhnn_8,ARTICLE,CONTAIN,
52/2018/tt-nhnn,52/2018/tt-nhnn_9,ARTICLE,CONTAIN,
52/2018/tt-nhnn_9,52/2018/tt-nhnn_7,ARTICLE,GUIDE,
52/2018/tt-nhnn_9,52/2018/tt-nhnn_8,ARTICLE,GUIDE,
52/2018/tt-nhnn_9,52/2018/tt-nhnn_10,ARTICLE,GUIDE,
52/2018/tt-nhnn_9,52/2018/tt-nhnn_11,ARTICLE,GUIDE,
52/2018/tt-nhnn_9,52/2018/tt-nhnn_12,ARTICLE,GUIDE,
52/2018/tt-nhnn,52/2018/tt-nhnn_10,ARTICLE,CONTAIN,
52/2018/tt-nhnn,52/2018/tt-nhnn_11,ARTICLE,CONTAIN,
52/2018/tt-nhnn,52/2018/tt-nhnn_12,ARTICLE,CONTAIN,
52/2018/tt-nhnn,52/2018/tt-nhnn_13,ARTICLE,CONTAIN,
52/2018/tt-nhnn_13,52/2018/tt-nhnn_14,ARTICLE,GUIDE,
52/2018/tt-nhnn_13,52/2018/tt-nhnn_15,ARTICLE,GUIDE,
52/2018/tt-nhnn_13,52/2018/tt-nhnn_7,ARTICLE,GUIDE,
52/2018/tt-nhnn,52/2018/tt-nhnn_14,ARTICLE,CONTAIN,
52/2018/tt-nhnn,52/2018/tt-nhnn_15,ARTICLE,CONTAIN,
52/2018/tt-nhnn,52/2018/tt-nhnn_16,ARTICLE,CONTAIN,
52/2018/tt-nhnn_16,52/2018/tt-nhnn_7,ARTICLE,GUIDE,
52/2018/tt-nhnn_16,52/2018/tt-nhnn_8,ARTICLE,GUIDE,
52/2018/tt-nhnn_16,52/2018/tt-nhnn_9,ARTICLE,GUIDE,
52/2018/tt-nhnn_16,52/2018/tt-nhnn_10,ARTICLE,GUIDE,
52/2018/tt-nhnn_16,52/2018/tt-nhnn_11,ARTICLE,GUIDE,
52/2018/tt-nhnn_16,52/2018/tt-nhnn_12,ARTICLE,GUIDE,
52/2018/tt-nhnn,52/2018/tt-nhnn_17,ARTICLE,CONTAIN,
52/2018/tt-nhnn_17,52/2018/tt-nhnn_7,ARTICLE,GUIDE,
52/2018/tt-nhnn_17,52/2018/tt-nhnn_8,ARTICLE,GUIDE,
52/2018/tt-nhnn_17,52/2018/tt-nhnn_9,ARTICLE,GUIDE,
52/2018/tt-nhnn_17,52/2018/tt-nhnn_10,ARTICLE,GUIDE,
52/2018/tt-nhnn_17,52/2018/tt-nhnn_11,ARTICLE,GUIDE,
52/2018/tt-nhnn_17,52/2018/tt-nhnn_12,ARTICLE,GUIDE,
52/2018/tt-nhnn_17,52/2018/tt-nhnn_18,ARTICLE,GUIDE,
52/2018/tt-nhnn,52/2018/tt-nhnn_18,ARTICLE,CONTAIN,
52/2018/tt-nhnn,52/2018/tt-nhnn_19,ARTICLE,CONTAIN,
52/2018/tt-nhnn_19,52/2018/tt-nhnn_18,ARTICLE,GUIDE,
52/2018/tt-nhnn,52/2018/tt-nhnn_20,ARTICLE,CONTAIN,
52/2018/tt-nhnn_20,32/2024/qh15_130,ARTICLE,GUIDE,
52/2018/tt-nhnn_20,32/2024/qh15_145,ARTICLE,GUIDE,
52/2018/tt-nhnn,52/2018/tt-nhnn_21,ARTICLE,CONTAIN,
52/2018/tt-nhnn,52/2018/tt-nhnn_22,ARTICLE,CONTAIN,
52/2018/tt-nhnn,52/2018/tt-nhnn_23,ARTICLE,CONTAIN,
52/2018/tt-nhnn_23,52/2018/tt-nhnn_22,ARTICLE,GUIDE,
52/2018/tt-nhnn,52/2018/tt-nhnn_24,ARTICLE,CONTAIN,
52/2018/tt-nhnn_24,52/2018/tt-nhnn_23,ARTICLE,GUIDE,
52/2018/tt-nhnn,52/2018/tt-nhnn_25,ARTICLE,CONTAIN,
52/2018/tt-nhnn,52/2018/tt-nhnn_26,ARTICLE,CONTAIN,
52/2018/tt-nhnn,52/2018/tt-nhnn_27,ARTICLE,CONTAIN,
52/2018/tt-nhnn,52/2018/tt-nhnn_28,ARTICLE,CONTAIN,
53/2018/tt-nhnn,53/2018/tt-nhnn_1,ARTICLE,CONTAIN,
53/2018/tt-nhnn,53/2018/tt-nhnn_2,ARTICLE,CONTAIN,
53/2018/tt-nhnn,53/2018/tt-nhnn_3,ARTICLE,CONTAIN,
53/2018/tt-nhnn,53/2018/tt-nhnn_4,ARTICLE,CONTAIN,
53/2018/tt-nhnn,53/2018/tt-nhnn_5,ARTICLE,CONTAIN,
53/2018/tt-nhnn,53/2018/tt-nhnn_6,ARTICLE,CONTAIN,
53/2018/tt-nhnn,53/2018/tt-nhnn_7,ARTICLE,CONTAIN,
53/2018/tt-nhnn_7,53/2018/tt-nhnn_6,ARTICLE,GUIDE,
53/2018/tt-nhnn,53/2018/tt-nhnn_8,ARTICLE,CONTAIN,
53/2018/tt-nhnn_8,53/2018/tt-nhnn_7,ARTICLE,GUIDE,
53/2018/tt-nhnn,53/2018/tt-nhnn_9,ARTICLE,CONTAIN,
53/2018/tt-nhnn,53/2018/tt-nhnn_10,ARTICLE,CONTAIN,
53/2018/tt-nhnn_10,53/2018/tt-nhnn_7,ARTICLE,GUIDE,
53/2018/tt-nhnn_10,53/2018/tt-nhnn_9,ARTICLE,GUIDE,
53/2018/tt-nhnn_10,53/2018/tt-nhnn_11,ARTICLE,GUIDE,
53/2018/tt-nhnn_10,32/2024/qh15_50,ARTICLE,GUIDE,
53/2018/tt-nhnn,53/2018/tt-nhnn_11,ARTICLE,CONTAIN,
53/2018/tt-nhnn,53/2018/tt-nhnn_12,ARTICLE,CONTAIN,
53/2018/tt-nhnn,53/2018/tt-nhnn_13,ARTICLE,CONTAIN,
53/2018/tt-nhnn_13,53/2018/tt-nhnn_10,ARTICLE,GUIDE,
53/2018/tt-nhnn,53/2018/tt-nhnn_14,ARTICLE,CONTAIN,
53/2018/tt-nhnn,53/2018/tt-nhnn_15,ARTICLE,CONTAIN,
53/2018/tt-nhnn,53/2018/tt-nhnn_16,ARTICLE,CONTAIN,
53/2018/tt-nhnn,53/2018/tt-nhnn_17,ARTICLE,CONTAIN,
53/2018/tt-nhnn,53/2018/tt-nhnn_18,ARTICLE,CONTAIN,
53/2018/tt-nhnn,53/2018/tt-nhnn_19,ARTICLE,CONTAIN,
53/2018/tt-nhnn,53/2018/tt-nhnn_20,ARTICLE,CONTAIN,
53/2018/tt-nhnn,53/2018/tt-nhnn_21,ARTICLE,CONTAIN,
53/2018/tt-nhnn,53/2018/tt-nhnn_22,ARTICLE,CONTAIN,
53/2018/tt-nhnn_22,53/2018/tt-nhnn_4,ARTICLE,GUIDE,
53/2018/tt-nhnn_22,53/2018/tt-nhnn_10,ARTICLE,GUIDE,
53/2018/tt-nhnn_22,53/2018/tt-nhnn_19,ARTICLE,GUIDE,
53/2018/tt-nhnn,53/2018/tt-nhnn_23,ARTICLE,CONTAIN,
53/2018/tt-nhnn_23,53/2018/tt-nhnn_4,ARTICLE,GUIDE,
53/2018/tt-nhnn_23,53/2018/tt-nhnn_24,ARTICLE,GUIDE,
53/2018/tt-nhnn,53/2018/tt-nhnn_24,ARTICLE,CONTAIN,
53/2018/tt-nhnn_24,53/2018/tt-nhnn_10,ARTICLE,GUIDE,
53/2018/tt-nhnn_24,53/2018/tt-nhnn_11,ARTICLE,GUIDE,
53/2018/tt-nhnn_24,53/2018/tt-nhnn_16,ARTICLE,GUIDE,
53/2018/tt-nhnn_24,53/2018/tt-nhnn_18,ARTICLE,GUIDE,
53/2018/tt-nhnn_24,53/2018/tt-nhnn_20,ARTICLE,GUIDE,
53/2018/tt-nhnn_24,53/2018/tt-nhnn_1,ARTICLE,GUIDE,
53/2018/tt-nhnn,53/2018/tt-nhnn_25,ARTICLE,CONTAIN,
53/2018/tt-nhnn,53/2018/tt-nhnn_26,ARTICLE,CONTAIN,
02/2019/tt-nhnn,02/2019/tt-nhnn_1,ARTICLE,CONTAIN,
02/2019/tt-nhnn_1,23/2014/tt-nhnn_3,ARTICLE,AMEND,
02/2019/tt-nhnn_1,23/2014/tt-nhnn_4,ARTICLE,AMEND,
02/2019/tt-nhnn_1,23/2014/tt-nhnn_5,ARTICLE,AMEND,
02/2019/tt-nhnn_1,23/2014/tt-nhnn_6,ARTICLE,AMEND,
02/2019/tt-nhnn_1,23/2014/tt-nhnn_8,ARTICLE,AMEND,
02/2019/tt-nhnn_1,23/2014/tt-nhnn_11,ARTICLE,AMEND,
02/2019/tt-nhnn_1,23/2014/tt-nhnn_12,ARTICLE,AMEND,
02/2019/tt-nhnn_1,23/2014/tt-nhnn_13,ARTICLE,AMEND,
02/2019/tt-nhnn_1,23/2014/tt-nhnn_14,ARTICLE,AMEND,
02/2019/tt-nhnn_1,23/2014/tt-nhnn_15,ARTICLE,AMEND,
02/2019/tt-nhnn_1,23/2014/tt-nhnn_17,ARTICLE,AMEND,
02/2019/tt-nhnn_1,23/2014/tt-nhnn_18,ARTICLE,AMEND,
02/2019/tt-nhnn_1,116/2013/NĐ-CP_10,ARTICLE,GUIDE,
02/2019/tt-nhnn,02/2019/tt-nhnn_2,ARTICLE,CONTAIN,
02/2019/tt-nhnn_2,23/2014/tt-nhnn_1,ARTICLE,REPEAL,
02/2019/tt-nhnn_2,23/2014/tt-nhnn_15,ARTICLE,REPEAL,
02/2019/tt-nhnn_2,23/2014/tt-nhnn_17,ARTICLE,REPEAL,
02/2019/tt-nhnn,02/2019/tt-nhnn_3,ARTICLE,CONTAIN,
02/2019/tt-nhnn_3,02/2018/tt-nhnn_1,ARTICLE,AMEND,
02/2019/tt-nhnn_3,02/2019/tt-nhnn_1,ARTICLE,AMEND,
02/2019/tt-nhnn_3,32/2016/tt-nhnn_4,ARTICLE,GUIDE,
02/2019/tt-nhnn_3,23/2014/tt-nhnn_14,ARTICLE,GUIDE,
02/2019/tt-nhnn,02/2019/tt-nhnn_4,ARTICLE,CONTAIN,
03/2019/tt-nhnn,03/2019/tt-nhnn_1,ARTICLE,CONTAIN,
03/2019/tt-nhnn_1,32/2013/tt-nhnn_4,ARTICLE,AMEND,
03/2019/tt-nhnn,03/2019/tt-nhnn_2,ARTICLE,CONTAIN,
03/2019/tt-nhnn,03/2019/tt-nhnn_3,ARTICLE,CONTAIN,
04 /2019/tt-nhnn,04 /2019/tt-nhnn_1,ARTICLE,CONTAIN,
04 /2019/tt-nhnn_1,24/2013/tt-nhnn_1,ARTICLE,AMEND,
04 /2019/tt-nhnn_1,24/2013/tt-nhnn_9,ARTICLE,REPLACE,
04 /2019/tt-nhnn_1,24/2013/tt-nhnn_15,ARTICLE,REPLACE,
04 /2019/tt-nhnn,04 /2019/tt-nhnn_2,ARTICLE,CONTAIN,
04 /2019/tt-nhnn,04 /2019/tt-nhnn_3,ARTICLE,CONTAIN,
05/2019/tt-nhnn,05/2019/tt-nhnn_1,ARTICLE,CONTAIN,
05/2019/tt-nhnn_1,236/2002/QĐ-NHNN_13,ARTICLE,REPEAL,
05/2019/tt-nhnn,05/2019/tt-nhnn_2,ARTICLE,CONTAIN,
05/2019/tt-nhnn,05/2019/tt-nhnn_3,ARTICLE,CONTAIN,
05/2019/tt-nhnn,05/2019/tt-nhnn_4,ARTICLE,CONTAIN,
07/2019/tt-nhnn,07/2019/tt-nhnn_1,ARTICLE,CONTAIN,
07/2019/tt-nhnn,07/2019/tt-nhnn_2,ARTICLE,CONTAIN,
07/2019/tt-nhnn_2,32/2024/qh15_4,ARTICLE,GUIDE,
07/2019/tt-nhnn,07/2019/tt-nhnn_3,ARTICLE,CONTAIN,
07/2019/tt-nhnn_3,07/2019/tt-nhnn_2,ARTICLE,GUIDE,
07/2019/tt-nhnn,07/2019/tt-nhnn_4,ARTICLE,CONTAIN,
07/2019/tt-nhnn,07/2019/tt-nhnn_5,ARTICLE,CONTAIN,
07/2019/tt-nhnn,07/2019/tt-nhnn_6,ARTICLE,CONTAIN,
07/2019/tt-nhnn,07/2019/tt-nhnn_7,ARTICLE,CONTAIN,
07/2019/tt-nhnn,07/2019/tt-nhnn_8,ARTICLE,CONTAIN,
07/2019/tt-nhnn,07/2019/tt-nhnn_9,ARTICLE,CONTAIN,
07/2019/tt-nhnn,07/2019/tt-nhnn_10,ARTICLE,CONTAIN,
07/2019/tt-nhnn_10,07/2019/tt-nhnn_3,ARTICLE,GUIDE,
07/2019/tt-nhnn,07/2019/tt-nhnn_11,ARTICLE,CONTAIN,
07/2019/tt-nhnn,07/2019/tt-nhnn_12,ARTICLE,CONTAIN,
07/2019/tt-nhnn,07/2019/tt-nhnn_13,ARTICLE,CONTAIN,
07/2019/tt-nhnn_13,07/2019/tt-nhnn_7,ARTICLE,GUIDE,
07/2019/tt-nhnn_13,07/2019/tt-nhnn_8,ARTICLE,GUIDE,
07/2019/tt-nhnn,07/2019/tt-nhnn_14,ARTICLE,CONTAIN,
07/2019/tt-nhnn,07/2019/tt-nhnn_15,ARTICLE,CONTAIN,
08/2019/tt-nhnn,08/2019/tt-nhnn_1,ARTICLE,CONTAIN,
08/2019/tt-nhnn_1,03/2015/tt-nhnn_4,ARTICLE,AMEND,
08/2019/tt-nhnn_1,03/2015/tt-nhnn_5,ARTICLE,AMEND,
08/2019/tt-nhnn_1,03/2015/tt-nhnn_6,ARTICLE,AMEND,
08/2019/tt-nhnn_1,03/2015/tt-nhnn_9,ARTICLE,AMEND,
08/2019/tt-nhnn_1,03/2015/tt-nhnn_10,ARTICLE,AMEND,
08/2019/tt-nhnn_1,03/2015/tt-nhnn_11,ARTICLE,AMEND,
08/2019/tt-nhnn_1,03/2015/tt-nhnn_15,ARTICLE,AMEND,
08/2019/tt-nhnn,08/2019/tt-nhnn_2,ARTICLE,CONTAIN,
08/2019/tt-nhnn_2,03/2015/tt-nhnn_12,ARTICLE,REPEAL,
08/2019/tt-nhnn,08/2019/tt-nhnn_3,ARTICLE,CONTAIN,
08/2019/tt-nhnn,08/2019/tt-nhnn_4,ARTICLE,CONTAIN,
08/2019/tt-nhnn,08/2019/tt-nhnn_5,ARTICLE,CONTAIN,
08/2019/tt-nhnn_5,08/2019/tt-nhnn_1,ARTICLE,GUIDE,
08/2019/tt-nhnn_5,08/2019/tt-nhnn_3,ARTICLE,GUIDE,
06/2019/tt-nhnn,06/2019/tt-nhnn_1,ARTICLE,CONTAIN,
06/2019/tt-nhnn,06/2019/tt-nhnn_2,ARTICLE,CONTAIN,
06/2019/tt-nhnn_2,06/2019/tt-nhnn_3,ARTICLE,GUIDE,
06/2019/tt-nhnn,06/2019/tt-nhnn_3,ARTICLE,CONTAIN,
06/2019/tt-nhnn_3,06/2019/tt-nhnn_5,ARTICLE,GUIDE,
06/2019/tt-nhnn_3,06/2019/tt-nhnn_6,ARTICLE,GUIDE,
06/2019/tt-nhnn_3,06/2019/tt-nhnn_7,ARTICLE,GUIDE,
06/2019/tt-nhnn,06/2019/tt-nhnn_4,ARTICLE,CONTAIN,
06/2019/tt-nhnn,06/2019/tt-nhnn_5,ARTICLE,CONTAIN,
06/2019/tt-nhnn_5,06/2019/tt-nhnn_3,ARTICLE,GUIDE,
06/2019/tt-nhnn_5,06/2019/tt-nhnn_6,ARTICLE,GUIDE,
06/2019/tt-nhnn_5,06/2019/tt-nhnn_7,ARTICLE,GUIDE,
06/2019/tt-nhnn,06/2019/tt-nhnn_6,ARTICLE,CONTAIN,
06/2019/tt-nhnn_6,06/2019/tt-nhnn_10,ARTICLE,GUIDE,
06/2019/tt-nhnn_6,06/2019/tt-nhnn_5,ARTICLE,GUIDE,
06/2019/tt-nhnn,06/2019/tt-nhnn_7,ARTICLE,CONTAIN,
06/2019/tt-nhnn_7,06/2019/tt-nhnn_10,ARTICLE,GUIDE,
06/2019/tt-nhnn,06/2019/tt-nhnn_8,ARTICLE,CONTAIN,
06/2019/tt-nhnn,06/2019/tt-nhnn_9,ARTICLE,CONTAIN,
06/2019/tt-nhnn_9,06/2019/tt-nhnn_10,ARTICLE,GUIDE,
06/2019/tt-nhnn_9,06/2019/tt-nhnn_5,ARTICLE,GUIDE,
06/2019/tt-nhnn,06/2019/tt-nhnn_10,ARTICLE,CONTAIN,
06/2019/tt-nhnn_10,06/2019/tt-nhnn_3,ARTICLE,GUIDE,
06/2019/tt-nhnn,06/2019/tt-nhnn_11,ARTICLE,CONTAIN,
06/2019/tt-nhnn,06/2019/tt-nhnn_12,ARTICLE,CONTAIN,
06/2019/tt-nhnn_12,06/2019/tt-nhnn_10,ARTICLE,GUIDE,
06/2019/tt-nhnn,06/2019/tt-nhnn_13,ARTICLE,CONTAIN,
06/2019/tt-nhnn_13,06/2019/tt-nhnn_3,ARTICLE,GUIDE,
06/2019/tt-nhnn,06/2019/tt-nhnn_14,ARTICLE,CONTAIN,
06/2019/tt-nhnn_14,05/2014/TT-NHNN_5,ARTICLE,AMEND,
06/2019/tt-nhnn_14,16/2014/TT-NHNN_3,ARTICLE,AMEND,
06/2019/tt-nhnn_14,06/2019/TT-NHNN_3,ARTICLE,GUIDE,
06/2019/tt-nhnn,06/2019/tt-nhnn_15,ARTICLE,CONTAIN,
09/2019/tt-nhnn,09/2019/tt-nhnn_1,ARTICLE,CONTAIN,
09/2019/tt-nhnn,09/2019/tt-nhnn_2,ARTICLE,CONTAIN,
09/2019/tt-nhnn,09/2019/tt-nhnn_3,ARTICLE,CONTAIN,
09/2019/tt-nhnn_3,09/2019/NĐ-CP_5,ARTICLE,GUIDE,
09/2019/tt-nhnn,09/2019/tt-nhnn_4,ARTICLE,CONTAIN,
09/2019/tt-nhnn,09/2019/tt-nhnn_5,ARTICLE,CONTAIN,
09/2019/tt-nhnn_5,09/2019/NĐ-CP_8,ARTICLE,GUIDE,
09/2019/tt-nhnn,09/2019/tt-nhnn_6,ARTICLE,CONTAIN,
09/2019/tt-nhnn_6,09/2019/NĐ-CP_13,ARTICLE,GUIDE,
09/2019/tt-nhnn,09/2019/tt-nhnn_7,ARTICLE,CONTAIN,
09/2019/tt-nhnn_7,09/2019/tt-nhnn_6,ARTICLE,GUIDE,
09/2019/tt-nhnn,09/2019/tt-nhnn_8,ARTICLE,CONTAIN,
09/2019/tt-nhnn,09/2019/tt-nhnn_9,ARTICLE,CONTAIN,
09/2019/tt-nhnn,09/2019/tt-nhnn_10,ARTICLE,CONTAIN,
09/2019/tt-nhnn,09/2019/tt-nhnn_11,ARTICLE,CONTAIN,
09/2019/tt-nhnn,09/2019/tt-nhnn_12,ARTICLE,CONTAIN,
10/2019/tt-nhnn,10/2019/tt-nhnn_1,ARTICLE,CONTAIN,
10/2019/tt-nhnn_1,36/2016/tt-nhnn_2,ARTICLE,AMEND,
10/2019/tt-nhnn_1,36/2016/tt-nhnn_3,ARTICLE,AMEND,
10/2019/tt-nhnn_1,36/2016/tt-nhnn_4,ARTICLE,AMEND,
10/2019/tt-nhnn_1,36/2016/tt-nhnn_6,ARTICLE,AMEND,
10/2019/tt-nhnn_1,36/2016/tt-nhnn_16,ARTICLE,AMEND,
10/2019/tt-nhnn,10/2019/tt-nhnn_2,ARTICLE,CONTAIN,
10/2019/tt-nhnn,10/2019/tt-nhnn_3,ARTICLE,CONTAIN,
14/2019/tt-nhnn,14/2019/tt-nhnn_1,ARTICLE,CONTAIN,
14/2019/tt-nhnn_1,16/2010/tt-nhnn_17,ARTICLE,AMEND,
14/2019/tt-nhnn_1,36/2012/tt-nhnn_10,ARTICLE,AMEND,
14/2019/tt-nhnn_1,21/2013/tt-nhnn_28,ARTICLE,AMEND,
14/2019/tt-nhnn_1,01/2014/tt-nhnn_69,ARTICLE,AMEND,
14/2019/tt-nhnn_1,03/2014/tt-nhnn_9,ARTICLE,AMEND,
14/2019/tt-nhnn_1,28/2015/tt-nhnn_17,ARTICLE,AMEND,
14/2019/tt-nhnn_1,24/2017/tt-nhnn_17,ARTICLE,AMEND,
14/2019/tt-nhnn_1,01/2018/tt-nhnn_21,ARTICLE,AMEND,
14/2019/tt-nhnn_1,13/2018/tt-nhnn_7,ARTICLE,AMEND,
14/2019/tt-nhnn_1,20/2018/tt-nhnn_7,ARTICLE,AMEND,
14/2019/tt-nhnn_1,38/2018/tt-nhnn_6,ARTICLE,AMEND,
14/2019/tt-nhnn_1,46/2018/tt-nhnn_4,ARTICLE,AMEND,
14/2019/tt-nhnn,14/2019/tt-nhnn_2,ARTICLE,CONTAIN,
14/2019/tt-nhnn,14/2019/tt-nhnn_3,ARTICLE,CONTAIN,
14/2019/tt-nhnn,14/2019/tt-nhnn_4,ARTICLE,CONTAIN,
14/2019/tt-nhnn_4,27/2014/TT-NHNN_1,ARTICLE,REPEAL,
14/2019/tt-nhnn_4,44/2018/TT-NHNN_1,ARTICLE,REPEAL,
15/2019/tt-nhnn,15/2019/tt-nhnn_1,ARTICLE,CONTAIN,
15/2019/tt-nhnn_1,21/2008/QĐ-NHNN_4,ARTICLE,AMEND,
15/2019/tt-nhnn_1,21/2008/QĐ-NHNN_7,ARTICLE,AMEND,
15/2019/tt-nhnn_1,21/2008/QĐ-NHNN_7,ARTICLE,REPEAL,
15/2019/tt-nhnn,15/2019/tt-nhnn_2,ARTICLE,CONTAIN,
15/2019/tt-nhnn_2,34/2015/tt-nhnn_11,ARTICLE,AMEND,
15/2019/tt-nhnn_2,34/2015/tt-nhnn_11,ARTICLE,REPEAL,
15/2019/tt-nhnn_2,34/2015/tt-nhnn_14,ARTICLE,REPEAL,
15/2019/tt-nhnn,15/2019/tt-nhnn_3,ARTICLE,CONTAIN,
15/2019/tt-nhnn_3,21/2014/tt-nhnn_26,ARTICLE,AMEND,
15/2019/tt-nhnn_3,21/2014/tt-nhnn_29,ARTICLE,AMEND,
15/2019/tt-nhnn_3,15/2019/tt-nhnn_10,ARTICLE,GUIDE,
15/2019/tt-nhnn_3,15/2019/tt-nhnn_11,ARTICLE,GUIDE,
15/2019/tt-nhnn,15/2019/tt-nhnn_4,ARTICLE,CONTAIN,
15/2019/tt-nhnn_4,10/2016/tt-nhnn_13,ARTICLE,AMEND,
15/2019/tt-nhnn_4,10/2016/tt-nhnn_15,ARTICLE,AMEND,
15/2019/tt-nhnn_4,10/2016/tt-nhnn_13,ARTICLE,REPEAL,
15/2019/tt-nhnn_4,10/2016/tt-nhnn_15,ARTICLE,REPEAL,
15/2019/tt-nhnn,15/2019/tt-nhnn_5,ARTICLE,CONTAIN,
15/2019/tt-nhnn_5,11/2016/tt-nhnn_1,ARTICLE,REPEAL,
15/2019/tt-nhnn,15/2019/tt-nhnn_6,ARTICLE,CONTAIN,
15/2019/tt-nhnn,15/2019/tt-nhnn_7,ARTICLE,CONTAIN,
16/2019/tt-nhnn,16/2019/tt-nhnn_1,ARTICLE,CONTAIN,
16/2019/tt-nhnn,16/2019/tt-nhnn_2,ARTICLE,CONTAIN,
16/2019/tt-nhnn,16/2019/tt-nhnn_3,ARTICLE,CONTAIN,
16/2019/tt-nhnn,16/2019/tt-nhnn_4,ARTICLE,CONTAIN,
16/2019/tt-nhnn,16/2019/tt-nhnn_5,ARTICLE,CONTAIN,
16/2019/tt-nhnn,16/2019/tt-nhnn_6,ARTICLE,CONTAIN,
16/2019/tt-nhnn,16/2019/tt-nhnn_7,ARTICLE,CONTAIN,
16/2019/tt-nhnn,16/2019/tt-nhnn_8,ARTICLE,CONTAIN,
16/2019/tt-nhnn,16/2019/tt-nhnn_9,ARTICLE,CONTAIN,
16/2019/tt-nhnn,16/2019/tt-nhnn_10,ARTICLE,CONTAIN,
16/2019/tt-nhnn,16/2019/tt-nhnn_11,ARTICLE,CONTAIN,
16/2019/tt-nhnn,16/2019/tt-nhnn_12,ARTICLE,CONTAIN,
16/2019/tt-nhnn,16/2019/tt-nhnn_13,ARTICLE,CONTAIN,
16/2019/tt-nhnn_13,16/2019/tt-nhnn_12,ARTICLE,GUIDE,
16/2019/tt-nhnn,16/2019/tt-nhnn_14,ARTICLE,CONTAIN,
16/2019/tt-nhnn_14,24/2014/tt-nhnn_13,ARTICLE,REPEAL,
16/2019/tt-nhnn,16/2019/tt-nhnn_15,ARTICLE,CONTAIN,
21/2019/tt-nhnn,21/2019/tt-nhnn_1,ARTICLE,CONTAIN,
21/2019/tt-nhnn_1,31/2012/tt-nhnn_34,ARTICLE,AMEND,
21/2019/tt-nhnn_1,31/2012/tt-nhnn_44,ARTICLE,AMEND,
21/2019/tt-nhnn_1,31/2012/tt-nhnn_46,ARTICLE,AMEND,
21/2019/tt-nhnn_1,31/2012/tt-nhnn_47,ARTICLE,AMEND,
21/2019/tt-nhnn_1,32/2024/qh15_145,ARTICLE,GUIDE,
21/2019/tt-nhnn_1,21/2019/tt-nhnn_41,ARTICLE,GUIDE,
21/2019/tt-nhnn_1,21/2019/tt-nhnn_44,ARTICLE,GUIDE,
21/2019/tt-nhnn,21/2019/tt-nhnn_2,ARTICLE,CONTAIN,
21/2019/tt-nhnn_2,04/2015/tt-nhnn_3,ARTICLE,AMEND,
21/2019/tt-nhnn_2,04/2015/tt-nhnn_8,ARTICLE,AMEND,
21/2019/tt-nhnn_2,04/2015/tt-nhnn_12,ARTICLE,AMEND,
21/2019/tt-nhnn_2,04/2015/tt-nhnn_15,ARTICLE,AMEND,
21/2019/tt-nhnn_2,04/2015/tt-nhnn_17,ARTICLE,AMEND,
21/2019/tt-nhnn_2,04/2015/tt-nhnn_18,ARTICLE,AMEND,
21/2019/tt-nhnn_2,04/2015/tt-nhnn_20,ARTICLE,AMEND,
21/2019/tt-nhnn_2,04/2015/tt-nhnn_21,ARTICLE,AMEND,
21/2019/tt-nhnn_2,04/2015/tt-nhnn_23,ARTICLE,AMEND,
21/2019/tt-nhnn_2,04/2015/tt-nhnn_25,ARTICLE,AMEND,
21/2019/tt-nhnn_2,04/2015/tt-nhnn_26,ARTICLE,AMEND,
21/2019/tt-nhnn_2,04/2015/tt-nhnn_28,ARTICLE,AMEND,
21/2019/tt-nhnn_2,04/2015/tt-nhnn_30,ARTICLE,AMEND,
21/2019/tt-nhnn_2,04/2015/tt-nhnn_31,ARTICLE,AMEND,
21/2019/tt-nhnn_2,04/2015/tt-nhnn_35,ARTICLE,AMEND,
21/2019/tt-nhnn_2,04/2015/tt-nhnn_36,ARTICLE,AMEND,
21/2019/tt-nhnn_2,04/2015/tt-nhnn_37,ARTICLE,AMEND,
21/2019/tt-nhnn_2,04/2015/tt-nhnn_38,ARTICLE,AMEND,
21/2019/tt-nhnn_2,04/2015/tt-nhnn_41,ARTICLE,AMEND,
21/2019/tt-nhnn_2,04/2015/tt-nhnn_45,ARTICLE,AMEND,
21/2019/tt-nhnn_2,04/2015/tt-nhnn_46,ARTICLE,AMEND,
21/2019/tt-nhnn_2,04/2015/tt-nhnn_47,ARTICLE,AMEND,
21/2019/tt-nhnn_2,04/2015/tt-nhnn_48,ARTICLE,AMEND,
21/2019/tt-nhnn_2,04/2015/tt-nhnn_50,ARTICLE,AMEND,
21/2019/tt-nhnn_2,04/2015/tt-nhnn_51,ARTICLE,AMEND,
21/2019/tt-nhnn_2,04/2015/tt-nhnn_52,ARTICLE,AMEND,
21/2019/tt-nhnn,21/2019/tt-nhnn_3,ARTICLE,CONTAIN,
21/2019/tt-nhnn_3,05/2018/tt-nhnn_9,ARTICLE,AMEND,
21/2019/tt-nhnn_3,05/2018/tt-nhnn_11,ARTICLE,AMEND,
21/2019/tt-nhnn_3,05/2018/tt-nhnn_15,ARTICLE,AMEND,
21/2019/tt-nhnn_3,05/2018/tt-nhnn_16,ARTICLE,AMEND,
21/2019/tt-nhnn_3,21/2019/tt-nhnn_12,ARTICLE,GUIDE,
21/2019/tt-nhnn,21/2019/tt-nhnn_4,ARTICLE,CONTAIN,
21/2019/tt-nhnn_4,32/2015/tt-nhnn_4,ARTICLE,AMEND,
21/2019/tt-nhnn_4,32/2015/tt-nhnn_8,ARTICLE,AMEND,
21/2019/tt-nhnn_4,32/2015/tt-nhnn_11,ARTICLE,AMEND,
21/2019/tt-nhnn_4,32/2015/tt-nhnn_12,ARTICLE,AMEND,
21/2019/tt-nhnn_4,32/2015/tt-nhnn_14,ARTICLE,AMEND,
21/2019/tt-nhnn_4,32/2015/tt-nhnn_15,ARTICLE,AMEND,
21/2019/tt-nhnn,21/2019/tt-nhnn_5,ARTICLE,CONTAIN,
21/2019/tt-nhnn_5,03/2014/tt-nhnn_4,ARTICLE,AMEND,
21/2019/tt-nhnn,21/2019/tt-nhnn_6,ARTICLE,CONTAIN,
21/2019/tt-nhnn,21/2019/tt-nhnn_7,ARTICLE,CONTAIN,
21/2019/tt-nhnn,21/2019/tt-nhnn_8,ARTICLE,CONTAIN,
21/2019/tt-nhnn_8,06/2017/TT-NHNN_1,ARTICLE,REPEAL,
21/2019/tt-nhnn_8,06/2017/TT-NHNN_2,ARTICLE,REPEAL,
21/2019/tt-nhnn_8,09/2016/TT-NHNN_1,ARTICLE,REPEAL,
18/2019/tt-nhnn,18/2019/tt-nhnn_1,ARTICLE,CONTAIN,
18/2019/tt-nhnn_1,43/2016/tt-nhnn_3,ARTICLE,AMEND,
18/2019/tt-nhnn_1,43/2016/tt-nhnn_4,ARTICLE,AMEND,
18/2019/tt-nhnn_1,43/2016/tt-nhnn_5,ARTICLE,AMEND,
18/2019/tt-nhnn_1,43/2016/tt-nhnn_6,ARTICLE,AMEND,
18/2019/tt-nhnn_1,43/2016/tt-nhnn_7,ARTICLE,AMEND,
18/2019/tt-nhnn_1,43/2016/tt-nhnn_8,ARTICLE,AMEND,
18/2019/tt-nhnn_1,43/2016/tt-nhnn_9,ARTICLE,AMEND,
18/2019/tt-nhnn_1,43/2016/tt-nhnn_10,ARTICLE,AMEND,
18/2019/tt-nhnn,18/2019/tt-nhnn_2,ARTICLE,CONTAIN,
18/2019/tt-nhnn,18/2019/tt-nhnn_3,ARTICLE,CONTAIN,
22/2019/tt-nhnn,22/2019/tt-nhnn_1,ARTICLE,CONTAIN,
22/2019/tt-nhnn_1,32/2024/qh15_146,ARTICLE,GUIDE,
22/2019/tt-nhnn_1,32/2024/qh15_148,ARTICLE,GUIDE,
22/2019/tt-nhnn,22/2019/tt-nhnn_2,ARTICLE,CONTAIN,
22/2019/tt-nhnn,22/2019/tt-nhnn_3,ARTICLE,CONTAIN,
22/2019/tt-nhnn_3,32/2024/qh15_4,ARTICLE,GUIDE,
22/2019/tt-nhnn,22/2019/tt-nhnn_4,ARTICLE,CONTAIN,
22/2019/tt-nhnn,22/2019/tt-nhnn_5,ARTICLE,CONTAIN,
22/2019/tt-nhnn,22/2019/tt-nhnn_6,ARTICLE,CONTAIN,
22/2019/tt-nhnn_6,22/2019/tt-nhnn_4,ARTICLE,GUIDE,
22/2019/tt-nhnn,22/2019/tt-nhnn_7,ARTICLE,CONTAIN,
22/2019/tt-nhnn_7,22/2019/tt-nhnn_4,ARTICLE,GUIDE,
22/2019/tt-nhnn_7,22/2019/tt-nhnn_6,ARTICLE,GUIDE,
22/2019/tt-nhnn_7,46/2010/qh12_59,ARTICLE,GUIDE,
22/2019/tt-nhnn,22/2019/tt-nhnn_8,ARTICLE,CONTAIN,
22/2019/tt-nhnn,22/2019/tt-nhnn_9,ARTICLE,CONTAIN,
22/2019/tt-nhnn,22/2019/tt-nhnn_10,ARTICLE,CONTAIN,
22/2019/tt-nhnn_10,32/2024/qh15_126,ARTICLE,GUIDE,
22/2019/tt-nhnn_10,32/2024/qh15_127,ARTICLE,GUIDE,
22/2019/tt-nhnn_10,32/2024/qh15_128,ARTICLE,GUIDE,
22/2019/tt-nhnn_10,22/2019/tt-nhnn_9,ARTICLE,GUIDE,
22/2019/tt-nhnn,22/2019/tt-nhnn_11,ARTICLE,CONTAIN,
22/2019/tt-nhnn_11,32/2024/qh15_126,ARTICLE,GUIDE,
22/2019/tt-nhnn_11,32/2024/qh15_127,ARTICLE,GUIDE,
22/2019/tt-nhnn,22/2019/tt-nhnn_12,ARTICLE,CONTAIN,
22/2019/tt-nhnn_12,32/2024/qh15_126,ARTICLE,AMEND,
22/2019/tt-nhnn_12,32/2024/qh15_127,ARTICLE,AMEND,
22/2019/tt-nhnn,22/2019/tt-nhnn_13,ARTICLE,CONTAIN,
22/2019/tt-nhnn_13,22/2019/tt-nhnn_4,ARTICLE,GUIDE,
22/2019/tt-nhnn_13,32/2024/qh15_127,ARTICLE,GUIDE,
22/2019/tt-nhnn_13,32/2024/qh15_126,ARTICLE,GUIDE,
22/2019/tt-nhnn,22/2019/tt-nhnn_14,ARTICLE,CONTAIN,
22/2019/tt-nhnn_14,22/2019/tt-nhnn_3,ARTICLE,GUIDE,
22/2019/tt-nhnn,22/2019/tt-nhnn_15,ARTICLE,CONTAIN,
22/2019/tt-nhnn_15,22/2019/tt-nhnn_14,ARTICLE,GUIDE,
22/2019/tt-nhnn_15,22/2019/tt-nhnn_4,ARTICLE,GUIDE,
22/2019/tt-nhnn,22/2019/tt-nhnn_16,ARTICLE,CONTAIN,
22/2019/tt-nhnn_16,22/2019/tt-nhnn_3,ARTICLE,GUIDE,
22/2019/tt-nhnn,22/2019/tt-nhnn_17,ARTICLE,CONTAIN,
22/2019/tt-nhnn,22/2019/tt-nhnn_18,ARTICLE,CONTAIN,
22/2019/tt-nhnn_18,32/2024/qh15_103,ARTICLE,GUIDE,
22/2019/tt-nhnn_18,32/2024/qh15_129,ARTICLE,GUIDE,
22/2019/tt-nhnn_18,32/2024/qh15_135,ARTICLE,GUIDE,
22/2019/tt-nhnn,22/2019/tt-nhnn_19,ARTICLE,CONTAIN,
22/2019/tt-nhnn,22/2019/tt-nhnn_20,ARTICLE,CONTAIN,
22/2019/tt-nhnn_20,22/2019/tt-nhnn_3,ARTICLE,GUIDE,
22/2019/tt-nhnn,22/2019/tt-nhnn_21,ARTICLE,CONTAIN,
22/2019/tt-nhnn_21,22/2019/tt-nhnn_9,ARTICLE,GUIDE,
22/2019/tt-nhnn_21,22/2019/tt-nhnn_20,ARTICLE,GUIDE,
22/2019/tt-nhnn,22/2019/tt-nhnn_22,ARTICLE,CONTAIN,
22/2019/tt-nhnn_22,22/2019/tt-nhnn_21,ARTICLE,GUIDE,
22/2019/tt-nhnn,22/2019/tt-nhnn_23,ARTICLE,CONTAIN,
22/2019/tt-nhnn_23,22/2019/tt-nhnn_4,ARTICLE,GUIDE,
22/2019/tt-nhnn_23,22/2019/tt-nhnn_21,ARTICLE,GUIDE,
22/2019/tt-nhnn,22/2019/tt-nhnn_24,ARTICLE,CONTAIN,
22/2019/tt-nhnn_24,41/2016/tt-nhnn_23,ARTICLE,AMEND,
22/2019/tt-nhnn_24,13/2019/tt-nhnn_4,ARTICLE,REPEAL,
22/2019/tt-nhnn,22/2019/tt-nhnn_25,ARTICLE,CONTAIN,
86/2019/nđ-cp,86/2019/nđ-cp_1,ARTICLE,CONTAIN,
86/2019/nđ-cp,86/2019/nđ-cp_2,ARTICLE,CONTAIN,
86/2019/nđ-cp,86/2019/nđ-cp_3,ARTICLE,CONTAIN,
86/2019/nđ-cp_3,86/2019/nđ-cp_2,ARTICLE,GUIDE,
86/2019/nđ-cp,86/2019/nđ-cp_4,ARTICLE,CONTAIN,
86/2019/nđ-cp_4,28/2005/NĐ-CP_3,ARTICLE,REPEAL,
86/2019/nđ-cp_4,86/2019/nđ-cp_2,ARTICLE,GUIDE,
86/2019/nđ-cp,86/2019/nđ-cp_5,ARTICLE,CONTAIN,
88/2019/nđ-cp,88/2019/nđ-cp_1,ARTICLE,CONTAIN,
88/2019/nđ-cp,88/2019/nđ-cp_2,ARTICLE,CONTAIN,
88/2019/nđ-cp,88/2019/nđ-cp_3,ARTICLE,CONTAIN,
88/2019/nđ-cp,88/2019/nđ-cp_4,ARTICLE,CONTAIN,
88/2019/nđ-cp_4,32/2024/qh15_26,ARTICLE,GUIDE,
88/2019/nđ-cp_4,46/2010/qh12_59,ARTICLE,GUIDE,
88/2019/nđ-cp_4,88/2019/nđ-cp_17,ARTICLE,GUIDE,
88/2019/nđ-cp_4,88/2019/nđ-cp_18,ARTICLE,GUIDE,
88/2019/nđ-cp_4,88/2019/nđ-cp_23,ARTICLE,GUIDE,
88/2019/nđ-cp_4,88/2019/nđ-cp_24,ARTICLE,GUIDE,
88/2019/nđ-cp_4,88/2019/nđ-cp_27,ARTICLE,GUIDE,
88/2019/nđ-cp,88/2019/nđ-cp_5,ARTICLE,CONTAIN,
88/2019/nđ-cp_5,32/2024/qh15_103,ARTICLE,GUIDE,
88/2019/nđ-cp_5,32/2024/qh15_110,ARTICLE,GUIDE,
88/2019/nđ-cp_5,32/2024/qh15_71,ARTICLE,GUIDE,
88/2019/nđ-cp_5,32/2024/qh15_57,ARTICLE,GUIDE,
88/2019/nđ-cp,88/2019/nđ-cp_6,ARTICLE,CONTAIN,
88/2019/nđ-cp_6,32/2024/qh15_43,ARTICLE,GUIDE,
88/2019/nđ-cp_6,32/2024/qh15_44,ARTICLE,GUIDE,
88/2019/nđ-cp_6,32/2024/qh15_62,ARTICLE,GUIDE,
88/2019/nđ-cp_6,32/2024/qh15_70,ARTICLE,GUIDE,
88/2019/nđ-cp_6,32/2024/qh15_81,ARTICLE,GUIDE,
88/2019/nđ-cp_6,32/2024/qh15_84,ARTICLE,GUIDE,
88/2019/nđ-cp_6,32/2024/qh15_34,ARTICLE,GUIDE,
88/2019/nđ-cp_6,32/2024/qh15_83,ARTICLE,GUIDE,
88/2019/nđ-cp_6,32/2024/qh15_33,ARTICLE,GUIDE,
88/2019/nđ-cp_6,32/2024/qh15_50,ARTICLE,GUIDE,
88/2019/nđ-cp_6,32/2024/qh15_75,ARTICLE,GUIDE,
88/2019/nđ-cp,88/2019/nđ-cp_7,ARTICLE,CONTAIN,
88/2019/nđ-cp_7,88/2019/nđ-cp_40,ARTICLE,GUIDE,
88/2019/nđ-cp_7,32/2024/qh15_31,ARTICLE,GUIDE,
88/2019/nđ-cp,88/2019/nđ-cp_8,ARTICLE,CONTAIN,
88/2019/nđ-cp_8,32/2024/qh15_40,ARTICLE,GUIDE,
88/2019/nđ-cp_8,32/2024/qh15_41,ARTICLE,GUIDE,
88/2019/nđ-cp_8,32/2024/qh15_42,ARTICLE,GUIDE,
88/2019/nđ-cp,88/2019/nđ-cp_9,ARTICLE,CONTAIN,
88/2019/nđ-cp_9,32/2024/qh15_55,ARTICLE,GUIDE,
88/2019/nđ-cp_9,32/2024/qh15_56,ARTICLE,GUIDE,
88/2019/nđ-cp_9,32/2024/qh15_130,ARTICLE,GUIDE,
88/2019/nđ-cp,88/2019/nđ-cp_10,ARTICLE,CONTAIN,
88/2019/nđ-cp_10,32/2024/qh15_103,ARTICLE,GUIDE,
88/2019/nđ-cp_10,32/2024/qh15_110,ARTICLE,GUIDE,
88/2019/nđ-cp_10,32/2024/qh15_129,ARTICLE,GUIDE,
88/2019/nđ-cp_10,32/2024/qh15_135,ARTICLE,GUIDE,
88/2019/nđ-cp,88/2019/nđ-cp_11,ARTICLE,CONTAIN,
88/2019/nđ-cp_11,32/2024/qh15_56,ARTICLE,GUIDE,
88/2019/nđ-cp,88/2019/nđ-cp_12,ARTICLE,CONTAIN,
88/2019/nđ-cp,88/2019/nđ-cp_13,ARTICLE,CONTAIN,
88/2019/nđ-cp_13,88/2019/nđ-cp_14,ARTICLE,GUIDE,
88/2019/nđ-cp_13,88/2019/nđ-cp_23,ARTICLE,GUIDE,
88/2019/nđ-cp,88/2019/nđ-cp_14,ARTICLE,CONTAIN,
88/2019/nđ-cp_14,88/2019/nđ-cp_23,ARTICLE,GUIDE,
88/2019/nđ-cp_14,32/2024/qh15_127,ARTICLE,GUIDE,
88/2019/nđ-cp_14,32/2024/qh15_128,ARTICLE,GUIDE,
88/2019/nđ-cp_14,32/2024/qh15_126,ARTICLE,GUIDE,
88/2019/nđ-cp,88/2019/nđ-cp_15,ARTICLE,CONTAIN,
88/2019/nđ-cp,88/2019/nđ-cp_16,ARTICLE,CONTAIN,
88/2019/nđ-cp,88/2019/nđ-cp_17,ARTICLE,CONTAIN,
88/2019/nđ-cp,88/2019/nđ-cp_18,ARTICLE,CONTAIN,
88/2019/nđ-cp,88/2019/nđ-cp_19,ARTICLE,CONTAIN,
88/2019/nđ-cp,88/2019/nđ-cp_20,ARTICLE,CONTAIN,
88/2019/nđ-cp,88/2019/nđ-cp_21,ARTICLE,CONTAIN,
88/2019/nđ-cp,88/2019/nđ-cp_22,ARTICLE,CONTAIN,
88/2019/nđ-cp,88/2019/nđ-cp_23,ARTICLE,CONTAIN,
88/2019/nđ-cp_23,23/2005/QH11_9,ARTICLE,GUIDE,
88/2019/nđ-cp,88/2019/nđ-cp_24,ARTICLE,CONTAIN,
88/2019/nđ-cp,88/2019/nđ-cp_25,ARTICLE,CONTAIN,
88/2019/nđ-cp,88/2019/nđ-cp_26,ARTICLE,CONTAIN,
88/2019/nđ-cp,88/2019/nđ-cp_27,ARTICLE,CONTAIN,
88/2019/nđ-cp,88/2019/nđ-cp_28,ARTICLE,CONTAIN,
88/2019/nđ-cp,88/2019/nđ-cp_29,ARTICLE,CONTAIN,
88/2019/nđ-cp_29,21/2014/QH13_22,ARTICLE,GUIDE,
88/2019/nđ-cp_29,21/2014/QH13_39,ARTICLE,GUIDE,
88/2019/nđ-cp_29,21/2014/QH13_15,ARTICLE,GUIDE,
88/2019/nđ-cp_29,21/2014/QH13_64,ARTICLE,GUIDE,
88/2019/nđ-cp,88/2019/nđ-cp_30,ARTICLE,CONTAIN,
88/2019/nđ-cp,88/2019/nđ-cp_31,ARTICLE,CONTAIN,
88/2019/nđ-cp,88/2019/nđ-cp_32,ARTICLE,CONTAIN,
88/2019/nđ-cp_32,32/2024/qh15_140,ARTICLE,GUIDE,
88/2019/nđ-cp,88/2019/nđ-cp_33,ARTICLE,CONTAIN,
88/2019/nđ-cp_33,32/2024/qh15_132,ARTICLE,GUIDE,
88/2019/nđ-cp,88/2019/nđ-cp_34,ARTICLE,CONTAIN,
88/2019/nđ-cp,88/2019/nđ-cp_35,ARTICLE,CONTAIN,
88/2019/nđ-cp,88/2019/nđ-cp_36,ARTICLE,CONTAIN,
88/2019/nđ-cp,88/2019/nđ-cp_37,ARTICLE,CONTAIN,
88/2019/nđ-cp,88/2019/nđ-cp_38,ARTICLE,CONTAIN,
88/2019/nđ-cp_38,06/2012/qh13_14,ARTICLE,GUIDE,
88/2019/nđ-cp_38,06/2012/qh13_23,ARTICLE,GUIDE,
88/2019/nđ-cp_38,06/2012/qh13_19,ARTICLE,GUIDE,
88/2019/nđ-cp_38,06/2012/qh13_21,ARTICLE,GUIDE,
88/2019/nđ-cp,88/2019/nđ-cp_39,ARTICLE,CONTAIN,
88/2019/nđ-cp_39,14/2022/qh15_8,ARTICLE,GUIDE,
88/2019/nđ-cp_39,14/2022/qh15_10,ARTICLE,GUIDE,
88/2019/nđ-cp_39,14/2022/qh15_29,ARTICLE,GUIDE,
88/2019/nđ-cp,88/2019/nđ-cp_40,ARTICLE,CONTAIN,
88/2019/nđ-cp_40,14/2022/qh15_15,ARTICLE,GUIDE,
88/2019/nđ-cp_40,14/2022/qh15_12,ARTICLE,GUIDE,
88/2019/nđ-cp_40,14/2022/qh15_20,ARTICLE,GUIDE,
88/2019/nđ-cp,88/2019/nđ-cp_41,ARTICLE,CONTAIN,
88/2019/nđ-cp,88/2019/nđ-cp_42,ARTICLE,CONTAIN,
88/2019/nđ-cp,88/2019/nđ-cp_43,ARTICLE,CONTAIN,
88/2019/nđ-cp_43,14/2022/qh15_14,ARTICLE,GUIDE,
88/2019/nđ-cp,88/2019/nđ-cp_44,ARTICLE,CONTAIN,
88/2019/nđ-cp,88/2019/nđ-cp_45,ARTICLE,CONTAIN,
88/2019/nđ-cp_45,14/2022/qh15_33,ARTICLE,GUIDE,
88/2019/nđ-cp_45,14/2022/qh15_34,ARTICLE,GUIDE,
88/2019/nđ-cp,88/2019/nđ-cp_46,ARTICLE,CONTAIN,
88/2019/nđ-cp,88/2019/nđ-cp_47,ARTICLE,CONTAIN,
88/2019/nđ-cp_47,88/2019/nđ-cp_44,ARTICLE,GUIDE,
88/2019/nđ-cp_47,88/2019/nđ-cp_14,ARTICLE,GUIDE,
88/2019/nđ-cp_47,88/2019/nđ-cp_45,ARTICLE,GUIDE,
88/2019/nđ-cp_47,32/2024/qh15_29,ARTICLE,GUIDE,
88/2019/nđ-cp_47,14/2022/qh15_18,ARTICLE,GUIDE,
88/2019/nđ-cp,88/2019/nđ-cp_48,ARTICLE,CONTAIN,
88/2019/nđ-cp,88/2019/nđ-cp_49,ARTICLE,CONTAIN,
88/2019/nđ-cp,88/2019/nđ-cp_50,ARTICLE,CONTAIN,
88/2019/nđ-cp_50,32/2024/qh15_148,ARTICLE,GUIDE,
88/2019/nđ-cp,88/2019/nđ-cp_51,ARTICLE,CONTAIN,
88/2019/nđ-cp,88/2019/nđ-cp_52,ARTICLE,CONTAIN,
88/2019/nđ-cp,88/2019/nđ-cp_53,ARTICLE,CONTAIN,
88/2019/nđ-cp_53,88/2019/nđ-cp_3,ARTICLE,GUIDE,
88/2019/nđ-cp,88/2019/nđ-cp_54,ARTICLE,CONTAIN,
88/2019/nđ-cp_54,44/2015/QH13_38,ARTICLE,GUIDE,
88/2019/nđ-cp_54,44/2015/QH13_39,ARTICLE,GUIDE,
88/2019/nđ-cp_54,44/2015/QH13_40,ARTICLE,GUIDE,
88/2019/nđ-cp_54,44/2015/QH13_41,ARTICLE,GUIDE,
88/2019/nđ-cp_54,44/2015/QH13_45,ARTICLE,GUIDE,
88/2019/nđ-cp_54,44/2015/QH13_46,ARTICLE,GUIDE,
88/2019/nđ-cp_54,44/2015/QH13_42,ARTICLE,GUIDE,
88/2019/nđ-cp,88/2019/nđ-cp_55,ARTICLE,CONTAIN,
88/2019/nđ-cp_55,88/2019/nđ-cp_23,ARTICLE,GUIDE,
88/2019/nđ-cp_55,88/2019/nđ-cp_24,ARTICLE,GUIDE,
88/2019/nđ-cp_55,88/2019/nđ-cp_26,ARTICLE,GUIDE,
88/2019/nđ-cp_55,88/2019/nđ-cp_27,ARTICLE,GUIDE,
88/2019/nđ-cp_55,88/2019/nđ-cp_28,ARTICLE,GUIDE,
88/2019/nđ-cp_55,88/2019/nđ-cp_31,ARTICLE,GUIDE,
88/2019/nđ-cp_55,88/2019/nđ-cp_46,ARTICLE,GUIDE,
88/2019/nđ-cp_55,88/2019/nđ-cp_48,ARTICLE,GUIDE,
88/2019/nđ-cp,88/2019/nđ-cp_56,ARTICLE,CONTAIN,
88/2019/nđ-cp_56,88/2019/NĐ-CP_53,ARTICLE,GUIDE,
88/2019/nđ-cp_56,88/2019/NĐ-CP_54,ARTICLE,GUIDE,
88/2019/nđ-cp,88/2019/nđ-cp_57,ARTICLE,CONTAIN,
88/2019/nđ-cp,88/2019/nđ-cp_58,ARTICLE,CONTAIN,
88/2019/nđ-cp,88/2019/nđ-cp_59,ARTICLE,CONTAIN,
23/2019/tt-nhnn,23/2019/tt-nhnn_1,ARTICLE,CONTAIN,
23/2019/tt-nhnn_1,39/2014/tt-nhnn_3,ARTICLE,AMEND,
23/2019/tt-nhnn_1,39/2014/tt-nhnn_8,ARTICLE,AMEND,
23/2019/tt-nhnn_1,39/2014/tt-nhnn_9,ARTICLE,AMEND,
23/2019/tt-nhnn_1,39/2014/tt-nhnn_11,ARTICLE,AMEND,
23/2019/tt-nhnn_1,39/2014/tt-nhnn_13,ARTICLE,AMEND,
23/2019/tt-nhnn_1,39/2014/tt-nhnn_14,ARTICLE,AMEND,
23/2019/tt-nhnn_1,39/2014/tt-nhnn_15,ARTICLE,AMEND,
23/2019/tt-nhnn_1,39/2014/tt-nhnn_16,ARTICLE,AMEND,
23/2019/tt-nhnn_1,39/2014/tt-nhnn_18,ARTICLE,AMEND,
23/2019/tt-nhnn_1,39/2014/tt-nhnn_19,ARTICLE,AMEND,
23/2019/tt-nhnn_1,39/2014/tt-nhnn_20,ARTICLE,AMEND,
23/2019/tt-nhnn,23/2019/tt-nhnn_2,ARTICLE,CONTAIN,
23/2019/tt-nhnn_2,39/2014/TT-NHNN_9,ARTICLE,GUIDE,
23/2019/tt-nhnn,23/2019/tt-nhnn_3,ARTICLE,CONTAIN,
23/2019/tt-nhnn,23/2019/tt-nhnn_4,ARTICLE,CONTAIN,
23/2019/tt-nhnn_4,04/2016/tt-nhnn_5,ARTICLE,AMEND,
23/2019/tt-nhnn_4,37/2016/tt-nhnn_25,ARTICLE,REPEAL,
24/2019/tt-nhnn,24/2019/tt-nhnn_1,ARTICLE,CONTAIN,
24/2019/tt-nhnn,24/2019/tt-nhnn_2,ARTICLE,CONTAIN,
24/2019/tt-nhnn,24/2019/tt-nhnn_3,ARTICLE,CONTAIN,
24/2019/tt-nhnn,24/2019/tt-nhnn_4,ARTICLE,CONTAIN,
24/2019/tt-nhnn,24/2019/tt-nhnn_5,ARTICLE,CONTAIN,
24/2019/tt-nhnn,24/2019/tt-nhnn_6,ARTICLE,CONTAIN,
24/2019/tt-nhnn,24/2019/tt-nhnn_7,ARTICLE,CONTAIN,
24/2019/tt-nhnn,24/2019/tt-nhnn_8,ARTICLE,CONTAIN,
24/2019/tt-nhnn_8,24/2019/tt-nhnn_11,ARTICLE,GUIDE,
24/2019/tt-nhnn_8,24/2019/tt-nhnn_6,ARTICLE,GUIDE,
24/2019/tt-nhnn,24/2019/tt-nhnn_9,ARTICLE,CONTAIN,
24/2019/tt-nhnn,24/2019/tt-nhnn_10,ARTICLE,CONTAIN,
24/2019/tt-nhnn,24/2019/tt-nhnn_11,ARTICLE,CONTAIN,
24/2019/tt-nhnn_11,24/2019/tt-nhnn_21,ARTICLE,GUIDE,
24/2019/tt-nhnn_11,24/2019/tt-nhnn_4,ARTICLE,GUIDE,
24/2019/tt-nhnn,24/2019/tt-nhnn_12,ARTICLE,CONTAIN,
24/2019/tt-nhnn_12,24/2019/tt-nhnn_13,ARTICLE,GUIDE,
24/2019/tt-nhnn,24/2019/tt-nhnn_13,ARTICLE,CONTAIN,
24/2019/tt-nhnn,24/2019/tt-nhnn_14,ARTICLE,CONTAIN,
24/2019/tt-nhnn,24/2019/tt-nhnn_15,ARTICLE,CONTAIN,
24/2019/tt-nhnn_15,24/2019/tt-nhnn_12,ARTICLE,GUIDE,
24/2019/tt-nhnn,24/2019/tt-nhnn_16,ARTICLE,CONTAIN,
24/2019/tt-nhnn_16,24/2019/tt-nhnn_11,ARTICLE,GUIDE,
24/2019/tt-nhnn_16,32/2024/qh15_130,ARTICLE,GUIDE,
24/2019/tt-nhnn_16,24/2019/tt-nhnn_18,ARTICLE,GUIDE,
24/2019/tt-nhnn,24/2019/tt-nhnn_17,ARTICLE,CONTAIN,
24/2019/tt-nhnn,24/2019/tt-nhnn_18,ARTICLE,CONTAIN,
24/2019/tt-nhnn_18,24/2019/tt-nhnn_13,ARTICLE,GUIDE,
24/2019/tt-nhnn,24/2019/tt-nhnn_19,ARTICLE,CONTAIN,
24/2019/tt-nhnn,24/2019/tt-nhnn_20,ARTICLE,CONTAIN,
24/2019/tt-nhnn_20,24/2019/tt-nhnn_16,ARTICLE,GUIDE,
24/2019/tt-nhnn_20,24/2019/tt-nhnn_17,ARTICLE,GUIDE,
24/2019/tt-nhnn,24/2019/tt-nhnn_21,ARTICLE,CONTAIN,
24/2019/tt-nhnn_21,24/2019/tt-nhnn_4,ARTICLE,GUIDE,
24/2019/tt-nhnn_21,24/2019/tt-nhnn_12,ARTICLE,GUIDE,
24/2019/tt-nhnn_21,24/2019/tt-nhnn_13,ARTICLE,GUIDE,
24/2019/tt-nhnn_21,24/2019/tt-nhnn_16,ARTICLE,GUIDE,
24/2019/tt-nhnn_21,24/2019/tt-nhnn_17,ARTICLE,GUIDE,
24/2019/tt-nhnn_21,24/2019/tt-nhnn_18,ARTICLE,GUIDE,
24/2019/tt-nhnn,24/2019/tt-nhnn_22,ARTICLE,CONTAIN,
24/2019/tt-nhnn_22,24/2019/tt-nhnn_8,ARTICLE,GUIDE,
24/2019/tt-nhnn_22,24/2019/tt-nhnn_11,ARTICLE,GUIDE,
24/2019/tt-nhnn_22,24/2019/tt-nhnn_23,ARTICLE,GUIDE,
24/2019/tt-nhnn,24/2019/tt-nhnn_23,ARTICLE,CONTAIN,
24/2019/tt-nhnn,24/2019/tt-nhnn_24,ARTICLE,CONTAIN,
26/2019/tt-nhnn,26/2019/tt-nhnn_1,ARTICLE,CONTAIN,
26/2019/tt-nhnn_1,38/2007/QĐ-NHNN_4,ARTICLE,AMEND,
26/2019/tt-nhnn_1,38/2007/QĐ-NHNN_6,ARTICLE,AMEND,
26/2019/tt-nhnn_1,38/2007/QĐ-NHNN_7,ARTICLE,AMEND,
26/2019/tt-nhnn_1,38/2007/QĐ-NHNN_8,ARTICLE,AMEND,
26/2019/tt-nhnn_1,38/2007/QĐ-NHNN_10,ARTICLE,AMEND,
26/2019/tt-nhnn_1,38/2007/QĐ-NHNN_6,ARTICLE,GUIDE,
26/2019/tt-nhnn_1,38/2007/QĐ-NHNN_7,ARTICLE,GUIDE,
26/2019/tt-nhnn,26/2019/tt-nhnn_2,ARTICLE,CONTAIN,
26/2019/tt-nhnn_2,38/2007/QĐ-NHNN_9,ARTICLE,REPEAL,
26/2019/tt-nhnn,26/2019/tt-nhnn_3,ARTICLE,CONTAIN,
26/2019/tt-nhnn,26/2019/tt-nhnn_4,ARTICLE,CONTAIN,
26/2019/tt-nhnn_4,23/2011/TT-NHNN_1,ARTICLE,REPEAL,
30/2019/tt-nhnn,30/2019/tt-nhnn_1,ARTICLE,CONTAIN,
30/2019/tt-nhnn,30/2019/tt-nhnn_2,ARTICLE,CONTAIN,
30/2019/tt-nhnn_2,32/2024/qh15,ARTICLE,GUIDE,
30/2019/tt-nhnn_2,30/2019/tt-nhnn_3,ARTICLE,GUIDE,
30/2019/tt-nhnn,30/2019/tt-nhnn_3,ARTICLE,CONTAIN,
30/2019/tt-nhnn,30/2019/tt-nhnn_4,ARTICLE,CONTAIN,
30/2019/tt-nhnn_4,30/2019/tt-nhnn_5,ARTICLE,GUIDE,
30/2019/tt-nhnn_4,30/2019/tt-nhnn_9,ARTICLE,GUIDE,
30/2019/tt-nhnn,30/2019/tt-nhnn_5,ARTICLE,CONTAIN,
30/2019/tt-nhnn,30/2019/tt-nhnn_6,ARTICLE,CONTAIN,
30/2019/tt-nhnn,30/2019/tt-nhnn_7,ARTICLE,CONTAIN,
30/2019/tt-nhnn_7,32/2024/qh15_4,ARTICLE,GUIDE,
30/2019/tt-nhnn_7,30/2019/tt-nhnn_6,ARTICLE,GUIDE,
30/2019/tt-nhnn_7,32/2024/qh15_148,ARTICLE,GUIDE,
30/2019/tt-nhnn,30/2019/tt-nhnn_8,ARTICLE,CONTAIN,
30/2019/tt-nhnn,30/2019/tt-nhnn_9,ARTICLE,CONTAIN,
30/2019/tt-nhnn,30/2019/tt-nhnn_10,ARTICLE,CONTAIN,
30/2019/tt-nhnn,30/2019/tt-nhnn_11,ARTICLE,CONTAIN,
30/2019/tt-nhnn,30/2019/tt-nhnn_12,ARTICLE,CONTAIN,
30/2019/tt-nhnn,30/2019/tt-nhnn_13,ARTICLE,CONTAIN,
30/2019/tt-nhnn,30/2019/tt-nhnn_14,ARTICLE,CONTAIN,
30/2019/tt-nhnn,30/2019/tt-nhnn_15,ARTICLE,CONTAIN,
30/2019/tt-nhnn,30/2019/tt-nhnn_16,ARTICLE,CONTAIN,
30/2019/tt-nhnn,30/2019/tt-nhnn_17,ARTICLE,CONTAIN,
30/2019/tt-nhnn,30/2019/tt-nhnn_18,ARTICLE,CONTAIN,
27/2019/tt-nhnn,27/2019/tt-nhnn_1,ARTICLE,CONTAIN,
27/2019/tt-nhnn_1,35/2014/TT-NHNN_3,ARTICLE,AMEND,
27/2019/tt-nhnn_1,35/2014/TT-NHNN_4,ARTICLE,AMEND,
27/2019/tt-nhnn,27/2019/tt-nhnn_2,ARTICLE,CONTAIN,
27/2019/tt-nhnn_2,35/2014/tt-nhnn_4,ARTICLE,REPEAL,
27/2019/tt-nhnn,27/2019/tt-nhnn_3,ARTICLE,CONTAIN,
27/2019/tt-nhnn,27/2019/tt-nhnn_4,ARTICLE,CONTAIN,
32/2019/tt-nhnn,32/2019/tt-nhnn_1,ARTICLE,CONTAIN,
32/2019/tt-nhnn_1,19/2013/tt-nhnn_3,ARTICLE,AMEND,
32/2019/tt-nhnn_1,19/2013/tt-nhnn_4,ARTICLE,AMEND,
32/2019/tt-nhnn_1,19/2013/tt-nhnn_6,ARTICLE,AMEND,
32/2019/tt-nhnn_1,19/2013/tt-nhnn_11,ARTICLE,AMEND,
32/2019/tt-nhnn_1,19/2013/tt-nhnn_16,ARTICLE,AMEND,
32/2019/tt-nhnn_1,19/2013/tt-nhnn_17,ARTICLE,AMEND,
32/2019/tt-nhnn_1,19/2013/tt-nhnn_27,ARTICLE,AMEND,
32/2019/tt-nhnn_1,19/2013/tt-nhnn_30,ARTICLE,AMEND,
32/2019/tt-nhnn_1,19/2013/tt-nhnn_33,ARTICLE,AMEND,
32/2019/tt-nhnn_1,19/2013/tt-nhnn_36,ARTICLE,AMEND,
32/2019/tt-nhnn_1,19/2013/tt-nhnn_42,ARTICLE,AMEND,
32/2019/tt-nhnn_1,19/2013/tt-nhnn_43,ARTICLE,AMEND,
32/2019/tt-nhnn_1,19/2013/tt-nhnn_44,ARTICLE,AMEND,
32/2019/tt-nhnn_1,19/2013/tt-nhnn_48,ARTICLE,AMEND,
32/2019/tt-nhnn_1,19/2013/tt-nhnn_49,ARTICLE,AMEND,
32/2019/tt-nhnn_1,19/2013/tt-nhnn_50,ARTICLE,AMEND,
32/2019/tt-nhnn_1,32/2024/qh15_129,ARTICLE,GUIDE,
32/2019/tt-nhnn_1,32/2024/qh15_130,ARTICLE,GUIDE,
32/2019/tt-nhnn_1,53/2013/nd-cp_14,ARTICLE,GUIDE,
32/2019/tt-nhnn,32/2019/tt-nhnn_2,ARTICLE,CONTAIN,
32/2019/tt-nhnn,32/2019/tt-nhnn_3,ARTICLE,CONTAIN,
32/2019/tt-nhnn_3,14/2015/tt-nhnn_1,ARTICLE,REPEAL,
32/2019/tt-nhnn_3,08/2016/tt-nhnn_1,ARTICLE,REPEAL,
31/2019/tt-nhnn,31/2019/tt-nhnn_1,ARTICLE,CONTAIN,
31/2019/tt-nhnn,31/2019/tt-nhnn_2,ARTICLE,CONTAIN,
31/2019/tt-nhnn,31/2019/tt-nhnn_3,ARTICLE,CONTAIN,
31/2019/tt-nhnn,31/2019/tt-nhnn_4,ARTICLE,CONTAIN,
31/2019/tt-nhnn,31/2019/tt-nhnn_5,ARTICLE,CONTAIN,
31/2019/tt-nhnn,31/2019/tt-nhnn_6,ARTICLE,CONTAIN,
31/2019/tt-nhnn,31/2019/tt-nhnn_7,ARTICLE,CONTAIN,
31/2019/tt-nhnn,31/2019/tt-nhnn_8,ARTICLE,CONTAIN,
31/2019/tt-nhnn,31/2019/tt-nhnn_9,ARTICLE,CONTAIN,
31/2019/tt-nhnn,31/2019/tt-nhnn_10,ARTICLE,CONTAIN,
31/2019/tt-nhnn,31/2019/tt-nhnn_11,ARTICLE,CONTAIN,
31/2019/tt-nhnn,31/2019/tt-nhnn_12,ARTICLE,CONTAIN,
31/2019/tt-nhnn,31/2019/tt-nhnn_13,ARTICLE,CONTAIN,
31/2019/tt-nhnn,31/2019/tt-nhnn_14,ARTICLE,CONTAIN,
31/2019/tt-nhnn_14,31/2019/tt-nhnn_13,ARTICLE,GUIDE,
31/2019/tt-nhnn,31/2019/tt-nhnn_15,ARTICLE,CONTAIN,
31/2019/tt-nhnn,31/2019/tt-nhnn_16,ARTICLE,CONTAIN,
31/2019/tt-nhnn,31/2019/tt-nhnn_17,ARTICLE,CONTAIN,
31/2019/tt-nhnn,31/2019/tt-nhnn_18,ARTICLE,CONTAIN,
31/2019/tt-nhnn,31/2019/tt-nhnn_19,ARTICLE,CONTAIN,
31/2019/tt-nhnn,31/2019/tt-nhnn_20,ARTICLE,CONTAIN,
31/2019/tt-nhnn,31/2019/tt-nhnn_21,ARTICLE,CONTAIN,
31/2019/tt-nhnn,31/2019/tt-nhnn_22,ARTICLE,CONTAIN,
31/2019/tt-nhnn,31/2019/tt-nhnn_23,ARTICLE,CONTAIN,
31/2019/tt-nhnn,31/2019/tt-nhnn_24,ARTICLE,CONTAIN,
31/2019/tt-nhnn,31/2019/tt-nhnn_25,ARTICLE,CONTAIN,
31/2019/tt-nhnn,31/2019/tt-nhnn_26,ARTICLE,CONTAIN,
31/2019/tt-nhnn,31/2019/tt-nhnn_27,ARTICLE,CONTAIN,
31/2019/tt-nhnn,31/2019/tt-nhnn_28,ARTICLE,CONTAIN,
31/2019/tt-nhnn,31/2019/tt-nhnn_29,ARTICLE,CONTAIN,
31/2019/tt-nhnn,31/2019/tt-nhnn_30,ARTICLE,CONTAIN,
31/2019/tt-nhnn,31/2019/tt-nhnn_31,ARTICLE,CONTAIN,
31/2019/tt-nhnn,31/2019/tt-nhnn_32,ARTICLE,CONTAIN,
31/2019/tt-nhnn,31/2019/tt-nhnn_33,ARTICLE,CONTAIN,
31/2019/tt-nhnn,31/2019/tt-nhnn_34,ARTICLE,CONTAIN,
31/2019/tt-nhnn,31/2019/tt-nhnn_35,ARTICLE,CONTAIN,
31/2019/tt-nhnn,31/2019/tt-nhnn_36,ARTICLE,CONTAIN,
31/2019/tt-nhnn,31/2019/tt-nhnn_37,ARTICLE,CONTAIN,
31/2019/tt-nhnn,31/2019/tt-nhnn_38,ARTICLE,CONTAIN,
31/2019/tt-nhnn,31/2019/tt-nhnn_39,ARTICLE,CONTAIN,
31/2019/tt-nhnn,31/2019/tt-nhnn_40,ARTICLE,CONTAIN,
31/2019/tt-nhnn,31/2019/tt-nhnn_41,ARTICLE,CONTAIN,
31/2019/tt-nhnn,31/2019/tt-nhnn_42,ARTICLE,CONTAIN,
31/2019/tt-nhnn,31/2019/tt-nhnn_43,ARTICLE,CONTAIN,
31/2019/tt-nhnn,31/2019/tt-nhnn_44,ARTICLE,CONTAIN,
31/2019/tt-nhnn,31/2019/tt-nhnn_45,ARTICLE,CONTAIN,
31/2019/tt-nhnn,31/2019/tt-nhnn_46,ARTICLE,CONTAIN,
31/2019/tt-nhnn_46,31/2019/tt-nhnn_3,ARTICLE,GUIDE,
31/2019/tt-nhnn,31/2019/tt-nhnn_47,ARTICLE,CONTAIN,
31/2019/tt-nhnn,31/2019/tt-nhnn_48,ARTICLE,CONTAIN,
31/2019/tt-nhnn,31/2019/tt-nhnn_49,ARTICLE,CONTAIN,
31/2019/tt-nhnn,31/2019/tt-nhnn_50,ARTICLE,CONTAIN,
31/2019/tt-nhnn,31/2019/tt-nhnn_51,ARTICLE,CONTAIN,
31/2019/tt-nhnn,31/2019/tt-nhnn_52,ARTICLE,CONTAIN,
31/2019/tt-nhnn,31/2019/tt-nhnn_53,ARTICLE,CONTAIN,
31/2019/tt-nhnn,31/2019/tt-nhnn_54,ARTICLE,CONTAIN,
31/2019/tt-nhnn,31/2019/tt-nhnn_55,ARTICLE,CONTAIN,
31/2019/tt-nhnn,31/2019/tt-nhnn_56,ARTICLE,CONTAIN,
31/2019/tt-nhnn,31/2019/tt-nhnn_57,ARTICLE,CONTAIN,
31/2019/tt-nhnn,31/2019/tt-nhnn_58,ARTICLE,CONTAIN,
31/2019/tt-nhnn,31/2019/tt-nhnn_59,ARTICLE,CONTAIN,
31/2019/tt-nhnn,31/2019/tt-nhnn_60,ARTICLE,CONTAIN,
31/2019/tt-nhnn,31/2019/tt-nhnn_61,ARTICLE,CONTAIN,
31/2019/tt-nhnn,31/2019/tt-nhnn_62,ARTICLE,CONTAIN,
31/2019/tt-nhnn,31/2019/tt-nhnn_63,ARTICLE,CONTAIN,
31/2019/tt-nhnn,31/2019/tt-nhnn_64,ARTICLE,CONTAIN,
31/2019/tt-nhnn,31/2019/tt-nhnn_65,ARTICLE,CONTAIN,
31/2019/tt-nhnn,31/2019/tt-nhnn_66,ARTICLE,CONTAIN,
31/2019/tt-nhnn,31/2019/tt-nhnn_67,ARTICLE,CONTAIN,
31/2019/tt-nhnn,31/2019/tt-nhnn_68,ARTICLE,CONTAIN,
31/2019/tt-nhnn,31/2019/tt-nhnn_69,ARTICLE,CONTAIN,
31/2019/tt-nhnn,31/2019/tt-nhnn_70,ARTICLE,CONTAIN,
31/2019/tt-nhnn,31/2019/tt-nhnn_71,ARTICLE,CONTAIN,
31/2019/tt-nhnn,31/2019/tt-nhnn_72,ARTICLE,CONTAIN,
31/2019/tt-nhnn,31/2019/tt-nhnn_73,ARTICLE,CONTAIN,
31/2019/tt-nhnn,31/2019/tt-nhnn_74,ARTICLE,CONTAIN,
31/2019/tt-nhnn,31/2019/tt-nhnn_75,ARTICLE,CONTAIN,
35/2019/tt-nhnn,35/2019/tt-nhnn_1,ARTICLE,CONTAIN,
35/2019/tt-nhnn,35/2019/tt-nhnn_2,ARTICLE,CONTAIN,
35/2019/tt-nhnn,35/2019/tt-nhnn_3,ARTICLE,CONTAIN,
35/2019/tt-nhnn,35/2019/tt-nhnn_4,ARTICLE,CONTAIN,
35/2019/tt-nhnn,35/2019/tt-nhnn_5,ARTICLE,CONTAIN,
35/2019/tt-nhnn,35/2019/tt-nhnn_6,ARTICLE,CONTAIN,
35/2019/tt-nhnn_6,151/2017/NĐ-CP_100,ARTICLE,GUIDE,
35/2019/tt-nhnn_6,151/2017/NĐ-CP_102,ARTICLE,GUIDE,
35/2019/tt-nhnn_6,151/2017/NĐ-CP_103,ARTICLE,GUIDE,
35/2019/tt-nhnn,35/2019/tt-nhnn_7,ARTICLE,CONTAIN,
35/2019/tt-nhnn,35/2019/tt-nhnn_8,ARTICLE,CONTAIN,
35/2019/tt-nhnn,35/2019/tt-nhnn_9,ARTICLE,CONTAIN,
35/2019/tt-nhnn_9,35/2019/tt-nhnn_18,ARTICLE,GUIDE,
35/2019/tt-nhnn,35/2019/tt-nhnn_10,ARTICLE,CONTAIN,
35/2019/tt-nhnn_10,35/2019/tt-nhnn_9,ARTICLE,GUIDE,
35/2019/tt-nhnn,35/2019/tt-nhnn_11,ARTICLE,CONTAIN,
35/2019/tt-nhnn_11,35/2019/tt-nhnn_14,ARTICLE,GUIDE,
35/2019/tt-nhnn,35/2019/tt-nhnn_12,ARTICLE,CONTAIN,
35/2019/tt-nhnn_12,35/2019/tt-nhnn_9,ARTICLE,GUIDE,
35/2019/tt-nhnn_12,35/2019/tt-nhnn_10,ARTICLE,GUIDE,
35/2019/tt-nhnn,35/2019/tt-nhnn_13,ARTICLE,CONTAIN,
35/2019/tt-nhnn,35/2019/tt-nhnn_14,ARTICLE,CONTAIN,
35/2019/tt-nhnn,35/2019/tt-nhnn_15,ARTICLE,CONTAIN,
35/2019/tt-nhnn,35/2019/tt-nhnn_16,ARTICLE,CONTAIN,
35/2019/tt-nhnn,35/2019/tt-nhnn_17,ARTICLE,CONTAIN,
35/2019/tt-nhnn_17,35/2019/tt-nhnn_9,ARTICLE,GUIDE,
35/2019/tt-nhnn_17,35/2019/tt-nhnn_18,ARTICLE,GUIDE,
35/2019/tt-nhnn,35/2019/tt-nhnn_18,ARTICLE,CONTAIN,
35/2019/tt-nhnn,35/2019/tt-nhnn_19,ARTICLE,CONTAIN,
35/2019/tt-nhnn,35/2019/tt-nhnn_20,ARTICLE,CONTAIN,
35/2019/tt-nhnn_20,35/2019/tt-nhnn_10,ARTICLE,GUIDE,
35/2019/tt-nhnn,35/2019/tt-nhnn_21,ARTICLE,CONTAIN,
35/2019/tt-nhnn,35/2019/tt-nhnn_22,ARTICLE,CONTAIN,
35/2019/tt-nhnn,35/2019/tt-nhnn_23,ARTICLE,CONTAIN,
35/2019/tt-nhnn,35/2019/tt-nhnn_24,ARTICLE,CONTAIN,
35/2019/tt-nhnn_24,35/2019/tt-nhnn_12,ARTICLE,GUIDE,
35/2019/tt-nhnn,35/2019/tt-nhnn_25,ARTICLE,CONTAIN,
35/2019/tt-nhnn_25,35/2019/tt-nhnn_14,ARTICLE,GUIDE,
35/2019/tt-nhnn,35/2019/tt-nhnn_26,ARTICLE,CONTAIN,
35/2019/tt-nhnn,35/2019/tt-nhnn_27,ARTICLE,CONTAIN,
35/2019/tt-nhnn,35/2019/tt-nhnn_28,ARTICLE,CONTAIN,
35/2019/tt-nhnn,35/2019/tt-nhnn_29,ARTICLE,CONTAIN,
35/2019/tt-nhnn,35/2019/tt-nhnn_30,ARTICLE,CONTAIN,
34/2019/tt-nhnn,34/2019/tt-nhnn_1,ARTICLE,CONTAIN,
34/2019/tt-nhnn,34/2019/tt-nhnn_2,ARTICLE,CONTAIN,
34/2019/tt-nhnn,34/2019/tt-nhnn_3,ARTICLE,CONTAIN,
34/2019/tt-nhnn,34/2019/tt-nhnn_4,ARTICLE,CONTAIN,
34/2019/tt-nhnn,34/2019/tt-nhnn_5,ARTICLE,CONTAIN,
34/2019/tt-nhnn,34/2019/tt-nhnn_6,ARTICLE,CONTAIN,
34/2019/tt-nhnn,34/2019/tt-nhnn_7,ARTICLE,CONTAIN,
34/2019/tt-nhnn,34/2019/tt-nhnn_8,ARTICLE,CONTAIN,
36/2019/tt-nhnn,36/2019/tt-nhnn_1,ARTICLE,CONTAIN,
36/2019/tt-nhnn,36/2019/tt-nhnn_2,ARTICLE,CONTAIN,
36/2019/tt-nhnn,36/2019/tt-nhnn_3,ARTICLE,CONTAIN,
36/2019/tt-nhnn,36/2019/tt-nhnn_4,ARTICLE,CONTAIN,
36/2019/tt-nhnn,36/2019/tt-nhnn_5,ARTICLE,CONTAIN,
36/2019/tt-nhnn,36/2019/tt-nhnn_6,ARTICLE,CONTAIN,
36/2019/tt-nhnn_6,36/2019/tt-nhnn_5,ARTICLE,GUIDE,
36/2019/tt-nhnn,36/2019/tt-nhnn_7,ARTICLE,CONTAIN,
36/2019/tt-nhnn,36/2019/tt-nhnn_8,ARTICLE,CONTAIN,
36/2019/tt-nhnn_8,36/2019/tt-nhnn_7,ARTICLE,GUIDE,
36/2019/tt-nhnn,36/2019/tt-nhnn_9,ARTICLE,CONTAIN,
36/2019/tt-nhnn,36/2019/tt-nhnn_10,ARTICLE,CONTAIN,
01/2020/tt-nhnn,01/2020/tt-nhnn_1,ARTICLE,CONTAIN,
01/2020/tt-nhnn,01/2020/tt-nhnn_2,ARTICLE,CONTAIN,
01/2020/tt-nhnn,01/2020/tt-nhnn_3,ARTICLE,CONTAIN,
01/2020/tt-nhnn,01/2020/tt-nhnn_4,ARTICLE,CONTAIN,
01/2020/tt-nhnn,01/2020/tt-nhnn_5,ARTICLE,CONTAIN,
01/2020/tt-nhnn,01/2020/tt-nhnn_6,ARTICLE,CONTAIN,
01/2020/tt-nhnn_6,01/2020/tt-nhnn_4,ARTICLE,GUIDE,
01/2020/tt-nhnn_6,01/2020/tt-nhnn_5,ARTICLE,GUIDE,
01/2020/tt-nhnn,01/2020/tt-nhnn_7,ARTICLE,CONTAIN,
01/2020/tt-nhnn_7,01/2020/tt-nhnn_4,ARTICLE,GUIDE,
01/2020/tt-nhnn_7,01/2020/tt-nhnn_5,ARTICLE,GUIDE,
01/2020/tt-nhnn_7,01/2020/tt-nhnn_6,ARTICLE,GUIDE,
01/2020/tt-nhnn,01/2020/tt-nhnn_8,ARTICLE,CONTAIN,
01/2020/tt-nhnn_8,01/2020/tt-nhnn_7,ARTICLE,GUIDE,
01/2020/tt-nhnn,01/2020/tt-nhnn_9,ARTICLE,CONTAIN,
01/2020/tt-nhnn,01/2020/tt-nhnn_10,ARTICLE,CONTAIN,
02/2020/tt-nhnn,02/2020/tt-nhnn_1,ARTICLE,CONTAIN,
02/2020/tt-nhnn,02/2020/tt-nhnn_2,ARTICLE,CONTAIN,
02/2020/tt-nhnn,02/2020/tt-nhnn_3,ARTICLE,CONTAIN,
02/2020/tt-nhnn,02/2020/tt-nhnn_4,ARTICLE,CONTAIN,
02/2020/tt-nhnn,02/2020/tt-nhnn_5,ARTICLE,CONTAIN,
02/2020/tt-nhnn,02/2020/tt-nhnn_6,ARTICLE,CONTAIN,
02/2020/tt-nhnn,02/2020/tt-nhnn_7,ARTICLE,CONTAIN,
03/2020/tt-nhnn,03/2020/tt-nhnn_1,ARTICLE,CONTAIN,
03/2020/tt-nhnn,03/2020/tt-nhnn_2,ARTICLE,CONTAIN,
03/2020/tt-nhnn,03/2020/tt-nhnn_3,ARTICLE,CONTAIN,
03/2020/tt-nhnn,03/2020/tt-nhnn_4,ARTICLE,CONTAIN,
03/2020/tt-nhnn,03/2020/tt-nhnn_5,ARTICLE,CONTAIN,
03/2020/tt-nhnn,03/2020/tt-nhnn_6,ARTICLE,CONTAIN,
03/2020/tt-nhnn_6,03/2020/tt-nhnn_10,ARTICLE,GUIDE,
03/2020/tt-nhnn,03/2020/tt-nhnn_7,ARTICLE,CONTAIN,
03/2020/tt-nhnn,03/2020/tt-nhnn_8,ARTICLE,CONTAIN,
03/2020/tt-nhnn_8,03/2020/tt-nhnn_10,ARTICLE,GUIDE,
03/2020/tt-nhnn,03/2020/tt-nhnn_9,ARTICLE,CONTAIN,
03/2020/tt-nhnn,03/2020/tt-nhnn_10,ARTICLE,CONTAIN,
03/2020/tt-nhnn,03/2020/tt-nhnn_11,ARTICLE,CONTAIN,
03/2020/tt-nhnn_11,03/2020/tt-nhnn_10,ARTICLE,GUIDE,
03/2020/tt-nhnn,03/2020/tt-nhnn_12,ARTICLE,CONTAIN,
03/2020/tt-nhnn,03/2020/tt-nhnn_13,ARTICLE,CONTAIN,
03/2020/tt-nhnn,03/2020/tt-nhnn_14,ARTICLE,CONTAIN,
03/2020/tt-nhnn,03/2020/tt-nhnn_15,ARTICLE,CONTAIN,
03/2020/tt-nhnn,03/2020/tt-nhnn_16,ARTICLE,CONTAIN,
03/2020/tt-nhnn,03/2020/tt-nhnn_17,ARTICLE,CONTAIN,
03/2020/tt-nhnn_17,03/2020/tt-nhnn_16,ARTICLE,GUIDE,
03/2020/tt-nhnn,03/2020/tt-nhnn_18,ARTICLE,CONTAIN,
03/2020/tt-nhnn,03/2020/tt-nhnn_19,ARTICLE,CONTAIN,
03/2020/tt-nhnn,03/2020/tt-nhnn_20,ARTICLE,CONTAIN,
03/2020/tt-nhnn,03/2020/tt-nhnn_21,ARTICLE,CONTAIN,
03/2020/tt-nhnn,03/2020/tt-nhnn_22,ARTICLE,CONTAIN,
03/2020/tt-nhnn,03/2020/tt-nhnn_23,ARTICLE,CONTAIN,
03/2020/tt-nhnn,03/2020/tt-nhnn_24,ARTICLE,CONTAIN,
03/2020/tt-nhnn,03/2020/tt-nhnn_25,ARTICLE,CONTAIN,
03/2020/tt-nhnn_25,03/2020/tt-nhnn_2,ARTICLE,GUIDE,
03/2020/tt-nhnn,03/2020/tt-nhnn_26,ARTICLE,CONTAIN,
03/2020/tt-nhnn,03/2020/tt-nhnn_27,ARTICLE,CONTAIN,
03/2020/tt-nhnn,03/2020/tt-nhnn_28,ARTICLE,CONTAIN,
03/2020/tt-nhnn,03/2020/tt-nhnn_29,ARTICLE,CONTAIN,
03/2020/tt-nhnn,03/2020/tt-nhnn_30,ARTICLE,CONTAIN,
03/2020/tt-nhnn,03/2020/tt-nhnn_31,ARTICLE,CONTAIN,
03/2020/tt-nhnn,03/2020/tt-nhnn_32,ARTICLE,CONTAIN,
03/2020/tt-nhnn,03/2020/tt-nhnn_33,ARTICLE,CONTAIN,
05/2020/tt-nhnn,05/2020/tt-nhnn_1,ARTICLE,CONTAIN,
05/2020/tt-nhnn,05/2020/tt-nhnn_2,ARTICLE,CONTAIN,
05/2020/tt-nhnn,05/2020/tt-nhnn_3,ARTICLE,CONTAIN,
05/2020/tt-nhnn,05/2020/tt-nhnn_4,ARTICLE,CONTAIN,
05/2020/tt-nhnn_4,05/2020/tt-nhnn_6,ARTICLE,GUIDE,
05/2020/tt-nhnn,05/2020/tt-nhnn_5,ARTICLE,CONTAIN,
05/2020/tt-nhnn,05/2020/tt-nhnn_6,ARTICLE,CONTAIN,
05/2020/tt-nhnn,05/2020/tt-nhnn_7,ARTICLE,CONTAIN,
05/2020/tt-nhnn_7,05/2020/tt-nhnn_6,ARTICLE,GUIDE,
05/2020/tt-nhnn_7,15/2020/QĐ-TTg_17,ARTICLE,GUIDE,
05/2020/tt-nhnn_7,05/2020/tt-nhnn_9,ARTICLE,GUIDE,
05/2020/tt-nhnn,05/2020/tt-nhnn_8,ARTICLE,CONTAIN,
05/2020/tt-nhnn,05/2020/tt-nhnn_9,ARTICLE,CONTAIN,
05/2020/tt-nhnn_9,05/2020/tt-nhnn_6,ARTICLE,GUIDE,
05/2020/tt-nhnn_9,05/2020/tt-nhnn_7,ARTICLE,GUIDE,
05/2020/tt-nhnn,05/2020/tt-nhnn_10,ARTICLE,CONTAIN,
06/2020/tt-nhnn,06/2020/tt-nhnn_1,ARTICLE,CONTAIN,
06/2020/tt-nhnn,06/2020/tt-nhnn_2,ARTICLE,CONTAIN,
06/2020/tt-nhnn,06/2020/tt-nhnn_3,ARTICLE,CONTAIN,
06/2020/tt-nhnn,06/2020/tt-nhnn_4,ARTICLE,CONTAIN,
06/2020/tt-nhnn,06/2020/tt-nhnn_5,ARTICLE,CONTAIN,
06/2020/tt-nhnn,06/2020/tt-nhnn_6,ARTICLE,CONTAIN,
06/2020/tt-nhnn,06/2020/tt-nhnn_7,ARTICLE,CONTAIN,
06/2020/tt-nhnn,06/2020/tt-nhnn_8,ARTICLE,CONTAIN,
06/2020/tt-nhnn,06/2020/tt-nhnn_9,ARTICLE,CONTAIN,
06/2020/tt-nhnn,06/2020/tt-nhnn_10,ARTICLE,CONTAIN,
06/2020/tt-nhnn_10,06/2020/tt-nhnn_5,ARTICLE,GUIDE,
06/2020/tt-nhnn_10,06/2020/tt-nhnn_6,ARTICLE,GUIDE,
06/2020/tt-nhnn_10,06/2020/tt-nhnn_7,ARTICLE,GUIDE,
06/2020/tt-nhnn_10,06/2020/tt-nhnn_8,ARTICLE,GUIDE,
06/2020/tt-nhnn,06/2020/tt-nhnn_11,ARTICLE,CONTAIN,
06/2020/tt-nhnn,06/2020/tt-nhnn_12,ARTICLE,CONTAIN,
06/2020/tt-nhnn_12,06/2020/tt-nhnn_2,ARTICLE,GUIDE,
06/2020/tt-nhnn,06/2020/tt-nhnn_13,ARTICLE,CONTAIN,
06/2020/tt-nhnn,06/2020/tt-nhnn_14,ARTICLE,CONTAIN,
06/2020/tt-nhnn,06/2020/tt-nhnn_15,ARTICLE,CONTAIN,
06/2020/tt-nhnn,06/2020/tt-nhnn_16,ARTICLE,CONTAIN,
06/2020/tt-nhnn,06/2020/tt-nhnn_17,ARTICLE,CONTAIN,
06/2020/tt-nhnn,06/2020/tt-nhnn_18,ARTICLE,CONTAIN,
06/2020/tt-nhnn,06/2020/tt-nhnn_19,ARTICLE,CONTAIN,
06/2020/tt-nhnn_19,06/2020/tt-nhnn_2,ARTICLE,GUIDE,
06/2020/tt-nhnn,06/2020/tt-nhnn_20,ARTICLE,CONTAIN,
06/2020/tt-nhnn,06/2020/tt-nhnn_21,ARTICLE,CONTAIN,
06/2020/tt-nhnn,06/2020/tt-nhnn_22,ARTICLE,CONTAIN,
06/2020/tt-nhnn,06/2020/tt-nhnn_23,ARTICLE,CONTAIN,
06/2020/tt-nhnn,06/2020/tt-nhnn_24,ARTICLE,CONTAIN,
06/2020/tt-nhnn,06/2020/tt-nhnn_25,ARTICLE,CONTAIN,
06/2020/tt-nhnn,06/2020/tt-nhnn_26,ARTICLE,CONTAIN,
06/2020/tt-nhnn,06/2020/tt-nhnn_27,ARTICLE,CONTAIN,
06/2020/tt-nhnn_27,06/2020/tt-nhnn_15,ARTICLE,GUIDE,
06/2020/tt-nhnn_27,06/2020/tt-nhnn_23,ARTICLE,GUIDE,
06/2020/tt-nhnn_27,06/2020/tt-nhnn_31,ARTICLE,GUIDE,
06/2020/tt-nhnn,06/2020/tt-nhnn_28,ARTICLE,CONTAIN,
06/2020/tt-nhnn,06/2020/tt-nhnn_29,ARTICLE,CONTAIN,
06/2020/tt-nhnn,06/2020/tt-nhnn_30,ARTICLE,CONTAIN,
06/2020/tt-nhnn,06/2020/tt-nhnn_31,ARTICLE,CONTAIN,
06/2020/tt-nhnn,06/2020/tt-nhnn_32,ARTICLE,CONTAIN,
06/2020/tt-nhnn,06/2020/tt-nhnn_33,ARTICLE,CONTAIN,
06/2020/tt-nhnn,06/2020/tt-nhnn_34,ARTICLE,CONTAIN,
06/2020/tt-nhnn,06/2020/tt-nhnn_35,ARTICLE,CONTAIN,
06/2020/tt-nhnn,06/2020/tt-nhnn_36,ARTICLE,CONTAIN,
07/2020/tt-nhnn,07/2020/tt-nhnn_1,ARTICLE,CONTAIN,
07/2020/tt-nhnn,07/2020/tt-nhnn_2,ARTICLE,CONTAIN,
07/2020/tt-nhnn_2,07/2020/tt-nhnn_1,ARTICLE,GUIDE,
07/2020/tt-nhnn,07/2020/tt-nhnn_3,ARTICLE,CONTAIN,
07/2020/tt-nhnn,07/2020/tt-nhnn_4,ARTICLE,CONTAIN,
07/2020/tt-nhnn_4,07/2020/tt-nhnn_1,ARTICLE,GUIDE,
07/2020/tt-nhnn,07/2020/tt-nhnn_5,ARTICLE,CONTAIN,
07/2020/tt-nhnn,07/2020/tt-nhnn_6,ARTICLE,CONTAIN,
07/2020/tt-nhnn_6,07/2020/tt-nhnn_1,ARTICLE,GUIDE,
07/2020/tt-nhnn,07/2020/tt-nhnn_7,ARTICLE,CONTAIN,
07/2020/tt-nhnn_7,07/2020/tt-nhnn_1,ARTICLE,GUIDE,
07/2020/tt-nhnn,07/2020/tt-nhnn_8,ARTICLE,CONTAIN,
07/2020/tt-nhnn_8,07/2020/tt-nhnn_4,ARTICLE,GUIDE,
07/2020/tt-nhnn,07/2020/tt-nhnn_9,ARTICLE,CONTAIN,
07/2020/tt-nhnn_9,07/2020/tt-nhnn_4,ARTICLE,GUIDE,
07/2020/tt-nhnn_9,07/2020/tt-nhnn_6,ARTICLE,GUIDE,
07/2020/tt-nhnn,07/2020/tt-nhnn_10,ARTICLE,CONTAIN,
07/2020/tt-nhnn,07/2020/tt-nhnn_11,ARTICLE,CONTAIN,
07/2020/tt-nhnn_11,07/2020/tt-nhnn_1,ARTICLE,GUIDE,
07/2020/tt-nhnn,07/2020/tt-nhnn_12,ARTICLE,CONTAIN,
07/2020/tt-nhnn_12,07/2020/tt-nhnn_11,ARTICLE,GUIDE,
07/2020/tt-nhnn_12,07/2020/tt-nhnn_1,ARTICLE,GUIDE,
07/2020/tt-nhnn,07/2020/tt-nhnn_13,ARTICLE,CONTAIN,
07/2020/tt-nhnn,07/2020/tt-nhnn_14,ARTICLE,CONTAIN,
07/2020/tt-nhnn,07/2020/tt-nhnn_15,ARTICLE,CONTAIN,
08/2020/tt-nhnn,08/2020/tt-nhnn_1,ARTICLE,CONTAIN,
08/2020/tt-nhnn_1,22/2019/tt-nhnn_16,ARTICLE,AMEND,
08/2020/tt-nhnn,08/2020/tt-nhnn_2,ARTICLE,CONTAIN,
08/2020/tt-nhnn,08/2020/tt-nhnn_3,ARTICLE,CONTAIN,
09/2020/tt-nhnn,09/2020/tt-nhnn_1,ARTICLE,CONTAIN,
09/2020/tt-nhnn,09/2020/tt-nhnn_2,ARTICLE,CONTAIN,
09/2020/tt-nhnn,09/2020/tt-nhnn_3,ARTICLE,CONTAIN,
09/2020/tt-nhnn_3,09/2020/tt-nhnn_5,ARTICLE,GUIDE,
09/2020/tt-nhnn,09/2020/tt-nhnn_4,ARTICLE,CONTAIN,
09/2020/tt-nhnn,09/2020/tt-nhnn_5,ARTICLE,CONTAIN,
09/2020/tt-nhnn,09/2020/tt-nhnn_6,ARTICLE,CONTAIN,
09/2020/tt-nhnn,09/2020/tt-nhnn_7,ARTICLE,CONTAIN,
09/2020/tt-nhnn_7,09/2020/tt-nhnn_5,ARTICLE,GUIDE,
09/2020/tt-nhnn_7,09/2020/tt-nhnn_8,ARTICLE,GUIDE,
09/2020/tt-nhnn_7,09/2020/tt-nhnn_9,ARTICLE,GUIDE,
09/2020/tt-nhnn_7,09/2020/tt-nhnn_10,ARTICLE,GUIDE,
09/2020/tt-nhnn_7,09/2020/tt-nhnn_11,ARTICLE,GUIDE,
09/2020/tt-nhnn_7,09/2020/tt-nhnn_12,ARTICLE,GUIDE,
09/2020/tt-nhnn,09/2020/tt-nhnn_8,ARTICLE,CONTAIN,
09/2020/tt-nhnn_8,09/2020/tt-nhnn_4,ARTICLE,GUIDE,
09/2020/tt-nhnn,09/2020/tt-nhnn_9,ARTICLE,CONTAIN,
09/2020/tt-nhnn_9,09/2020/tt-nhnn_11,ARTICLE,GUIDE,
09/2020/tt-nhnn_9,09/2020/tt-nhnn_12,ARTICLE,GUIDE,
09/2020/tt-nhnn,09/2020/tt-nhnn_10,ARTICLE,CONTAIN,
09/2020/tt-nhnn_10,09/2020/tt-nhnn_12,ARTICLE,GUIDE,
09/2020/tt-nhnn,09/2020/tt-nhnn_11,ARTICLE,CONTAIN,
09/2020/tt-nhnn,09/2020/tt-nhnn_12,ARTICLE,CONTAIN,
09/2020/tt-nhnn,09/2020/tt-nhnn_13,ARTICLE,CONTAIN,
09/2020/tt-nhnn,09/2020/tt-nhnn_14,ARTICLE,CONTAIN,
09/2020/tt-nhnn,09/2020/tt-nhnn_15,ARTICLE,CONTAIN,
09/2020/tt-nhnn,09/2020/tt-nhnn_16,ARTICLE,CONTAIN,
09/2020/tt-nhnn,09/2020/tt-nhnn_17,ARTICLE,CONTAIN,
09/2020/tt-nhnn,09/2020/tt-nhnn_18,ARTICLE,CONTAIN,
09/2020/tt-nhnn_18,09/2020/tt-nhnn_17,ARTICLE,GUIDE,
09/2020/tt-nhnn,09/2020/tt-nhnn_19,ARTICLE,CONTAIN,
09/2020/tt-nhnn,09/2020/tt-nhnn_20,ARTICLE,CONTAIN,
09/2020/tt-nhnn,09/2020/tt-nhnn_21,ARTICLE,CONTAIN,
09/2020/tt-nhnn,09/2020/tt-nhnn_22,ARTICLE,CONTAIN,
09/2020/tt-nhnn,09/2020/tt-nhnn_23,ARTICLE,CONTAIN,
09/2020/tt-nhnn,09/2020/tt-nhnn_24,ARTICLE,CONTAIN,
09/2020/tt-nhnn,09/2020/tt-nhnn_25,ARTICLE,CONTAIN,
09/2020/tt-nhnn,09/2020/tt-nhnn_26,ARTICLE,CONTAIN,
09/2020/tt-nhnn,09/2020/tt-nhnn_27,ARTICLE,CONTAIN,
09/2020/tt-nhnn,09/2020/tt-nhnn_28,ARTICLE,CONTAIN,
09/2020/tt-nhnn,09/2020/tt-nhnn_29,ARTICLE,CONTAIN,
09/2020/tt-nhnn,09/2020/tt-nhnn_30,ARTICLE,CONTAIN,
09/2020/tt-nhnn,09/2020/tt-nhnn_31,ARTICLE,CONTAIN,
09/2020/tt-nhnn,09/2020/tt-nhnn_32,ARTICLE,CONTAIN,
09/2020/tt-nhnn,09/2020/tt-nhnn_33,ARTICLE,CONTAIN,
09/2020/tt-nhnn_33,09/2020/tt-nhnn_34,ARTICLE,GUIDE,
09/2020/tt-nhnn,09/2020/tt-nhnn_34,ARTICLE,CONTAIN,
09/2020/tt-nhnn,09/2020/tt-nhnn_35,ARTICLE,CONTAIN,
09/2020/tt-nhnn,09/2020/tt-nhnn_36,ARTICLE,CONTAIN,
09/2020/tt-nhnn_36,09/2020/tt-nhnn_41,ARTICLE,GUIDE,
09/2020/tt-nhnn,09/2020/tt-nhnn_37,ARTICLE,CONTAIN,
09/2020/tt-nhnn_37,09/2020/tt-nhnn_5,ARTICLE,GUIDE,
09/2020/tt-nhnn_37,09/2020/tt-nhnn_36,ARTICLE,GUIDE,
09/2020/tt-nhnn,09/2020/tt-nhnn_38,ARTICLE,CONTAIN,
09/2020/tt-nhnn,09/2020/tt-nhnn_39,ARTICLE,CONTAIN,
09/2020/tt-nhnn,09/2020/tt-nhnn_40,ARTICLE,CONTAIN,
09/2020/tt-nhnn,09/2020/tt-nhnn_41,ARTICLE,CONTAIN,
09/2020/tt-nhnn,09/2020/tt-nhnn_42,ARTICLE,CONTAIN,
09/2020/tt-nhnn_42,09/2020/tt-nhnn_43,ARTICLE,GUIDE,
09/2020/tt-nhnn,09/2020/tt-nhnn_43,ARTICLE,CONTAIN,
09/2020/tt-nhnn_43,09/2020/tt-nhnn_42,ARTICLE,GUIDE,
09/2020/tt-nhnn,09/2020/tt-nhnn_44,ARTICLE,CONTAIN,
09/2020/tt-nhnn,09/2020/tt-nhnn_45,ARTICLE,CONTAIN,
09/2020/tt-nhnn,09/2020/tt-nhnn_46,ARTICLE,CONTAIN,
09/2020/tt-nhnn,09/2020/tt-nhnn_47,ARTICLE,CONTAIN,
09/2020/tt-nhnn,09/2020/tt-nhnn_48,ARTICLE,CONTAIN,
09/2020/tt-nhnn_48,09/2020/tt-nhnn_54,ARTICLE,GUIDE,
09/2020/tt-nhnn,09/2020/tt-nhnn_49,ARTICLE,CONTAIN,
09/2020/tt-nhnn_49,09/2020/tt-nhnn_51,ARTICLE,GUIDE,
09/2020/tt-nhnn_49,09/2020/tt-nhnn_52,ARTICLE,GUIDE,
09/2020/tt-nhnn,09/2020/tt-nhnn_50,ARTICLE,CONTAIN,
09/2020/tt-nhnn_50,09/2020/tt-nhnn_17,ARTICLE,GUIDE,
09/2020/tt-nhnn,09/2020/tt-nhnn_51,ARTICLE,CONTAIN,
09/2020/tt-nhnn,09/2020/tt-nhnn_52,ARTICLE,CONTAIN,
09/2020/tt-nhnn_52,09/2020/tt-nhnn_49,ARTICLE,GUIDE,
09/2020/tt-nhnn,09/2020/tt-nhnn_53,ARTICLE,CONTAIN,
09/2020/tt-nhnn,09/2020/tt-nhnn_54,ARTICLE,CONTAIN,
09/2020/tt-nhnn_54,09/2020/tt-nhnn_33,ARTICLE,GUIDE,
09/2020/tt-nhnn_54,09/2020/tt-nhnn_16,ARTICLE,GUIDE,
09/2020/tt-nhnn,09/2020/tt-nhnn_55,ARTICLE,CONTAIN,
09/2020/tt-nhnn,09/2020/tt-nhnn_56,ARTICLE,CONTAIN,
09/2020/tt-nhnn_56,09/2020/tt-nhnn_20,ARTICLE,GUIDE,
09/2020/tt-nhnn,09/2020/tt-nhnn_57,ARTICLE,CONTAIN,
12/2020/tt-nhnn,12/2020/tt-nhnn_1,ARTICLE,CONTAIN,
12/2020/tt-nhnn_1,05/2020/tt-nhnn_1,ARTICLE,AMEND,
12/2020/tt-nhnn_1,05/2020/tt-nhnn_2,ARTICLE,AMEND,
12/2020/tt-nhnn_1,05/2020/tt-nhnn_4,ARTICLE,AMEND,
12/2020/tt-nhnn_1,05/2020/tt-nhnn_6,ARTICLE,AMEND,
12/2020/tt-nhnn_1,05/2020/tt-nhnn_7,ARTICLE,AMEND,
12/2020/tt-nhnn_1,05/2020/tt-nhnn_8,ARTICLE,AMEND,
12/2020/tt-nhnn_1,15/2020/qđ-ttg_17,ARTICLE,GUIDE,
12/2020/tt-nhnn,12/2020/tt-nhnn_2,ARTICLE,CONTAIN,
12/2020/tt-nhnn,12/2020/tt-nhnn_3,ARTICLE,CONTAIN,
12/2020/tt-nhnn_3,05/2020/tt-nhnn_6,ARTICLE,AMEND,
12/2020/tt-nhnn,12/2020/tt-nhnn_4,ARTICLE,CONTAIN,
14/2020/tt-nhnn,14/2020/tt-nhnn_1,ARTICLE,CONTAIN,
14/2020/tt-nhnn,14/2020/tt-nhnn_2,ARTICLE,CONTAIN,
14/2020/tt-nhnn,14/2020/tt-nhnn_3,ARTICLE,CONTAIN,
14/2020/tt-nhnn,14/2020/tt-nhnn_4,ARTICLE,CONTAIN,
14/2020/tt-nhnn,14/2020/tt-nhnn_5,ARTICLE,CONTAIN,
14/2020/tt-nhnn_5,48/2015/qh13_7,ARTICLE,GUIDE,
14/2020/tt-nhnn_5,14/2020/tt-nhnn_3,ARTICLE,GUIDE,
14/2020/tt-nhnn,14/2020/tt-nhnn_6,ARTICLE,CONTAIN,
14/2020/tt-nhnn_6,14/2020/tt-nhnn_5,ARTICLE,GUIDE,
14/2020/tt-nhnn,14/2020/tt-nhnn_7,ARTICLE,CONTAIN,
14/2020/tt-nhnn_7,14/2020/tt-nhnn_6,ARTICLE,GUIDE,
14/2020/tt-nhnn,14/2020/tt-nhnn_8,ARTICLE,CONTAIN,
14/2020/tt-nhnn,14/2020/tt-nhnn_9,ARTICLE,CONTAIN,
14/2020/tt-nhnn_9,14/2020/tt-nhnn_3,ARTICLE,GUIDE,
14/2020/tt-nhnn_9,14/2020/tt-nhnn_5,ARTICLE,GUIDE,
14/2020/tt-nhnn_9,14/2020/tt-nhnn_6,ARTICLE,GUIDE,
14/2020/tt-nhnn,14/2020/tt-nhnn_10,ARTICLE,CONTAIN,
14/2020/tt-nhnn,14/2020/tt-nhnn_11,ARTICLE,CONTAIN,
14/2020/tt-nhnn_11,14/2020/tt-nhnn_13,ARTICLE,GUIDE,
14/2020/tt-nhnn_11,14/2020/tt-nhnn_3,ARTICLE,GUIDE,
14/2020/tt-nhnn,14/2020/tt-nhnn_12,ARTICLE,CONTAIN,
14/2020/tt-nhnn,14/2020/tt-nhnn_13,ARTICLE,CONTAIN,
14/2020/tt-nhnn,14/2020/tt-nhnn_14,ARTICLE,CONTAIN,
14/2020/tt-nhnn_14,14/2020/tt-nhnn_11,ARTICLE,GUIDE,
14/2020/tt-nhnn_14,14/2020/tt-nhnn_12,ARTICLE,GUIDE,
14/2020/tt-nhnn_14,14/2020/tt-nhnn_13,ARTICLE,GUIDE,
14/2020/tt-nhnn_14,14/2020/tt-nhnn_17,ARTICLE,GUIDE,
14/2020/tt-nhnn_14,14/2020/tt-nhnn_18,ARTICLE,GUIDE,
14/2020/tt-nhnn_14,14/2020/tt-nhnn_19,ARTICLE,GUIDE,
14/2020/tt-nhnn,14/2020/tt-nhnn_15,ARTICLE,CONTAIN,
14/2020/tt-nhnn_15,14/2020/tt-nhnn_13,ARTICLE,GUIDE,
14/2020/tt-nhnn_15,14/2020/tt-nhnn_17,ARTICLE,GUIDE,
14/2020/tt-nhnn_15,14/2020/tt-nhnn_19,ARTICLE,GUIDE,
14/2020/tt-nhnn_15,14/2020/tt-nhnn_21,ARTICLE,GUIDE,
14/2020/tt-nhnn,14/2020/tt-nhnn_16,ARTICLE,CONTAIN,
14/2020/tt-nhnn,14/2020/tt-nhnn_17,ARTICLE,CONTAIN,
14/2020/tt-nhnn_17,14/2020/tt-nhnn_5,ARTICLE,GUIDE,
14/2020/tt-nhnn_17,14/2020/tt-nhnn_6,ARTICLE,GUIDE,
14/2020/tt-nhnn_17,14/2020/tt-nhnn_7,ARTICLE,GUIDE,
14/2020/tt-nhnn_17,14/2020/tt-nhnn_9,ARTICLE,GUIDE,
14/2020/tt-nhnn_17,14/2020/tt-nhnn_13,ARTICLE,GUIDE,
14/2020/tt-nhnn,14/2020/tt-nhnn_18,ARTICLE,CONTAIN,
14/2020/tt-nhnn_18,14/2020/tt-nhnn_17,ARTICLE,GUIDE,
14/2020/tt-nhnn,14/2020/tt-nhnn_19,ARTICLE,CONTAIN,
14/2020/tt-nhnn,14/2020/tt-nhnn_20,ARTICLE,CONTAIN,
14/2020/tt-nhnn_20,14/2020/tt-nhnn_14,ARTICLE,GUIDE,
14/2020/tt-nhnn_20,14/2020/tt-nhnn_3,ARTICLE,GUIDE,
14/2020/tt-nhnn,14/2020/tt-nhnn_21,ARTICLE,CONTAIN,
14/2020/tt-nhnn_21,14/2020/tt-nhnn_3,ARTICLE,GUIDE,
14/2020/tt-nhnn_21,14/2020/tt-nhnn_10,ARTICLE,GUIDE,
14/2020/tt-nhnn_21,14/2020/tt-nhnn_19,ARTICLE,GUIDE,
14/2020/tt-nhnn_21,14/2020/tt-nhnn_15,ARTICLE,GUIDE,
14/2020/tt-nhnn,14/2020/tt-nhnn_22,ARTICLE,CONTAIN,
14/2020/tt-nhnn,14/2020/tt-nhnn_23,ARTICLE,CONTAIN,
14/2020/tt-nhnn,14/2020/tt-nhnn_24,ARTICLE,CONTAIN,
14/2020/tt-nhnn_24,14/2020/tt-nhnn_23,ARTICLE,GUIDE,
14/2020/tt-nhnn,14/2020/tt-nhnn_25,ARTICLE,CONTAIN,
14/2020/tt-nhnn,14/2020/tt-nhnn_26,ARTICLE,CONTAIN,
14/2020/tt-nhnn_26,14/2020/tt-nhnn_11,ARTICLE,GUIDE,
14/2020/tt-nhnn_26,14/2020/tt-nhnn_23,ARTICLE,GUIDE,
14/2020/tt-nhnn,14/2020/tt-nhnn_27,ARTICLE,CONTAIN,
14/2020/tt-nhnn,14/2020/tt-nhnn_28,ARTICLE,CONTAIN,
14/2020/tt-nhnn_28,14/2020/tt-nhnn_5,ARTICLE,GUIDE,
14/2020/tt-nhnn_28,14/2020/tt-nhnn_6,ARTICLE,GUIDE,
14/2020/tt-nhnn,14/2020/tt-nhnn_29,ARTICLE,CONTAIN,
15/2020/tt-nhnn,15/2020/tt-nhnn_1,ARTICLE,CONTAIN,
15/2020/tt-nhnn_1,26/2013/tt-nhnn_1,ARTICLE,AMEND,
15/2020/tt-nhnn_1,26/2013/tt-nhnn_2,ARTICLE,AMEND,
15/2020/tt-nhnn,15/2020/tt-nhnn_2,ARTICLE,CONTAIN,
15/2020/tt-nhnn,15/2020/tt-nhnn_3,ARTICLE,CONTAIN,
15/2020/tt-nhnn,15/2020/tt-nhnn_4,ARTICLE,CONTAIN,
15/2020/tt-nhnn_4,33/2018/tt-nhnn_1,ARTICLE,REPEAL,
16/2020/tt-nhnn,16/2020/tt-nhnn_1,ARTICLE,CONTAIN,
16/2020/tt-nhnn_1,23/2014/tt-nhnn_3,ARTICLE,AMEND,
16/2020/tt-nhnn_1,23/2014/tt-nhnn_12,ARTICLE,AMEND,
16/2020/tt-nhnn_1,23/2014/tt-nhnn_13,ARTICLE,AMEND,
16/2020/tt-nhnn_1,23/2014/tt-nhnn_14,ARTICLE,AMEND,
16/2020/tt-nhnn_1,16/2020/tt-nhnn_6,ARTICLE,GUIDE,
16/2020/tt-nhnn_1,16/2020/tt-nhnn_11,ARTICLE,GUIDE,
16/2020/tt-nhnn_1,16/2020/tt-nhnn_12,ARTICLE,GUIDE,
16/2020/tt-nhnn_1,16/2020/tt-nhnn_13,ARTICLE,GUIDE,
16/2020/tt-nhnn_1,16/2020/tt-nhnn_14,ARTICLE,GUIDE,
16/2020/tt-nhnn_1,16/2020/tt-nhnn_15,ARTICLE,GUIDE,
16/2020/tt-nhnn,16/2020/tt-nhnn_2,ARTICLE,CONTAIN,
16/2020/tt-nhnn,16/2020/tt-nhnn_3,ARTICLE,CONTAIN,
16/2020/tt-nhnn_3,02/2019/tt-nhnn_1,ARTICLE,REPEAL,
17/2020/tt-nhnn,17/2020/tt-nhnn_1,ARTICLE,CONTAIN,
17/2020/tt-nhnn_1,33/2013/tt-nhnn_3,ARTICLE,AMEND,
17/2020/tt-nhnn,17/2020/tt-nhnn_2,ARTICLE,CONTAIN,
17/2020/tt-nhnn,17/2020/tt-nhnn_3,ARTICLE,CONTAIN,
17/2020/tt-nhnn,17/2020/tt-nhnn_4,ARTICLE,CONTAIN,
18/2020/tt-nhnn,18/2020/tt-nhnn_1,ARTICLE,CONTAIN,
18/2020/tt-nhnn,18/2020/tt-nhnn_2,ARTICLE,CONTAIN,
18/2020/tt-nhnn,18/2020/tt-nhnn_3,ARTICLE,CONTAIN,
20/2020/tt-nhnn,20/2020/tt-nhnn_1,ARTICLE,CONTAIN,
20/2020/tt-nhnn_1,47/2014/tt-nhnn_2,ARTICLE,AMEND,
20/2020/tt-nhnn_1,47/2014/tt-nhnn_3,ARTICLE,AMEND,
20/2020/tt-nhnn_1,47/2014/tt-nhnn_4,ARTICLE,AMEND,
20/2020/tt-nhnn_1,47/2014/tt-nhnn_5,ARTICLE,AMEND,
20/2020/tt-nhnn_1,47/2014/tt-nhnn_6,ARTICLE,AMEND,
20/2020/tt-nhnn_1,47/2014/tt-nhnn_10,ARTICLE,AMEND,
20/2020/tt-nhnn_1,47/2014/tt-nhnn_14,ARTICLE,AMEND,
20/2020/tt-nhnn_1,47/2014/tt-nhnn_15,ARTICLE,AMEND,
20/2020/tt-nhnn_1,47/2014/tt-nhnn_17,ARTICLE,AMEND,
20/2020/tt-nhnn_1,47/2014/tt-nhnn_18,ARTICLE,AMEND,
20/2020/tt-nhnn,20/2020/tt-nhnn_2,ARTICLE,CONTAIN,
20/2020/tt-nhnn_2,47/2014/tt-nhnn_20,ARTICLE,REPLACE,
20/2020/tt-nhnn_2,47/2014/tt-nhnn_22,ARTICLE,REPLACE,
20/2020/tt-nhnn_2,47/2014/tt-nhnn_23,ARTICLE,REPLACE,
20/2020/tt-nhnn,20/2020/tt-nhnn_3,ARTICLE,CONTAIN,
20/2020/tt-nhnn,20/2020/tt-nhnn_4,ARTICLE,CONTAIN,
23/2020/tt-nhnn,23/2020/tt-nhnn_1,ARTICLE,CONTAIN,
23/2020/tt-nhnn_1,32/2024/qh15_146,ARTICLE,GUIDE,
23/2020/tt-nhnn_1,32/2024/qh15_148,ARTICLE,GUIDE,
23/2020/tt-nhnn,23/2020/tt-nhnn_2,ARTICLE,CONTAIN,
23/2020/tt-nhnn,23/2020/tt-nhnn_3,ARTICLE,CONTAIN,
23/2020/tt-nhnn,23/2020/tt-nhnn_4,ARTICLE,CONTAIN,
23/2020/tt-nhnn_4,23/2020/tt-nhnn_3,ARTICLE,GUIDE,
23/2020/tt-nhnn,23/2020/tt-nhnn_5,ARTICLE,CONTAIN,
23/2020/tt-nhnn,23/2020/tt-nhnn_6,ARTICLE,CONTAIN,
23/2020/tt-nhnn,23/2020/tt-nhnn_7,ARTICLE,CONTAIN,
23/2020/tt-nhnn_7,23/2020/tt-nhnn_6,ARTICLE,GUIDE,
23/2020/tt-nhnn_7,46/2010/qh12_59,ARTICLE,GUIDE,
23/2020/tt-nhnn,23/2020/tt-nhnn_8,ARTICLE,CONTAIN,
23/2020/tt-nhnn,23/2020/tt-nhnn_9,ARTICLE,CONTAIN,
23/2020/tt-nhnn,23/2020/tt-nhnn_10,ARTICLE,CONTAIN,
23/2020/tt-nhnn_10,32/2024/qh15_126,ARTICLE,GUIDE,
23/2020/tt-nhnn_10,32/2024/qh15_127,ARTICLE,GUIDE,
23/2020/tt-nhnn_10,32/2024/qh15_128,ARTICLE,GUIDE,
23/2020/tt-nhnn_10,23/2020/tt-nhnn_9,ARTICLE,GUIDE,
23/2020/tt-nhnn,23/2020/tt-nhnn_11,ARTICLE,CONTAIN,
23/2020/tt-nhnn_11,32/2024/qh15_126,ARTICLE,GUIDE,
23/2020/tt-nhnn_11,32/2024/qh15_127,ARTICLE,GUIDE,
23/2020/tt-nhnn,23/2020/tt-nhnn_12,ARTICLE,CONTAIN,
23/2020/tt-nhnn_12,32/2024/qh15_126,ARTICLE,GUIDE,
23/2020/tt-nhnn_12,32/2024/qh15_127,ARTICLE,GUIDE,
23/2020/tt-nhnn,23/2020/tt-nhnn_13,ARTICLE,CONTAIN,
23/2020/tt-nhnn_13,23/2020/tt-nhnn_4,ARTICLE,GUIDE,
23/2020/tt-nhnn_13,32/2024/qh15_127,ARTICLE,GUIDE,
23/2020/tt-nhnn_13,32/2024/qh15_126,ARTICLE,GUIDE,
23/2020/tt-nhnn,23/2020/tt-nhnn_14,ARTICLE,CONTAIN,
23/2020/tt-nhnn_14,23/2020/tt-nhnn_3,ARTICLE,GUIDE,
23/2020/tt-nhnn,23/2020/tt-nhnn_15,ARTICLE,CONTAIN,
23/2020/tt-nhnn_15,23/2020/tt-nhnn_14,ARTICLE,GUIDE,
23/2020/tt-nhnn,23/2020/tt-nhnn_16,ARTICLE,CONTAIN,
23/2020/tt-nhnn_16,23/2020/tt-nhnn_3,ARTICLE,GUIDE,
23/2020/tt-nhnn,23/2020/tt-nhnn_17,ARTICLE,CONTAIN,
23/2020/tt-nhnn,23/2020/tt-nhnn_18,ARTICLE,CONTAIN,
23/2020/tt-nhnn_18,32/2024/qh15_110,ARTICLE,GUIDE,
23/2020/tt-nhnn_18,32/2024/qh15_129,ARTICLE,GUIDE,
23/2020/tt-nhnn_18,32/2024/qh15_135,ARTICLE,GUIDE,
23/2020/tt-nhnn,23/2020/tt-nhnn_19,ARTICLE,CONTAIN,
23/2020/tt-nhnn_19,23/2020/tt-nhnn_9,ARTICLE,GUIDE,
23/2020/tt-nhnn,23/2020/tt-nhnn_20,ARTICLE,CONTAIN,
23/2020/tt-nhnn_20,23/2020/tt-nhnn_19,ARTICLE,GUIDE,
23/2020/tt-nhnn_20,23/2020/tt-nhnn_21,ARTICLE,GUIDE,
23/2020/tt-nhnn,23/2020/tt-nhnn_21,ARTICLE,CONTAIN,
23/2020/tt-nhnn_21,23/2020/tt-nhnn_19,ARTICLE,GUIDE,
23/2020/tt-nhnn,23/2020/tt-nhnn_22,ARTICLE,CONTAIN,
23/2020/tt-nhnn_22,13/2019/TT-NHNN_4,ARTICLE,REPEAL,
23/2020/tt-nhnn,23/2020/tt-nhnn_23,ARTICLE,CONTAIN,
24/2020/tt-nhnn,24/2020/tt-nhnn_1,ARTICLE,CONTAIN,
24/2020/tt-nhnn_1,37/2014/tt-nhnn_2,ARTICLE,AMEND,
24/2020/tt-nhnn_1,37/2014/tt-nhnn_7,ARTICLE,AMEND,
24/2020/tt-nhnn_1,37/2014/tt-nhnn_8,ARTICLE,AMEND,
24/2020/tt-nhnn_1,37/2014/tt-nhnn_11,ARTICLE,AMEND,
24/2020/tt-nhnn_1,37/2014/tt-nhnn_12,ARTICLE,AMEND,
24/2020/tt-nhnn_1,37/2014/tt-nhnn_13,ARTICLE,AMEND,
24/2020/tt-nhnn_1,37/2014/tt-nhnn_15,ARTICLE,AMEND,
24/2020/tt-nhnn_1,37/2014/tt-nhnn_16,ARTICLE,AMEND,
24/2020/tt-nhnn_1,37/2014/tt-nhnn_18,ARTICLE,AMEND,
24/2020/tt-nhnn_1,37/2014/tt-nhnn_19,ARTICLE,AMEND,
24/2020/tt-nhnn_1,37/2014/tt-nhnn_20,ARTICLE,AMEND,
24/2020/tt-nhnn,24/2020/tt-nhnn_2,ARTICLE,CONTAIN,
24/2020/tt-nhnn,24/2020/tt-nhnn_3,ARTICLE,CONTAIN,
25/2020/tt-nhnn,25/2020/tt-nhnn_1,ARTICLE,CONTAIN,
25/2020/tt-nhnn,25/2020/tt-nhnn_2,ARTICLE,CONTAIN,
25/2020/tt-nhnn,25/2020/tt-nhnn_3,ARTICLE,CONTAIN,
25/2020/tt-nhnn,25/2020/tt-nhnn_4,ARTICLE,CONTAIN,
25/2020/tt-nhnn,25/2020/tt-nhnn_5,ARTICLE,CONTAIN,
25/2020/tt-nhnn,25/2020/tt-nhnn_6,ARTICLE,CONTAIN,
25/2020/tt-nhnn_6,25/2020/tt-nhnn_4,ARTICLE,GUIDE,
25/2020/tt-nhnn,25/2020/tt-nhnn_7,ARTICLE,CONTAIN,
25/2020/tt-nhnn_7,25/2020/tt-nhnn_8,ARTICLE,GUIDE,
25/2020/tt-nhnn_7,25/2020/tt-nhnn_4,ARTICLE,GUIDE,
25/2020/tt-nhnn_7,25/2020/tt-nhnn_11,ARTICLE,GUIDE,
25/2020/tt-nhnn,25/2020/tt-nhnn_8,ARTICLE,CONTAIN,
25/2020/tt-nhnn_8,25/2020/tt-nhnn_4,ARTICLE,GUIDE,
25/2020/tt-nhnn_8,25/2020/tt-nhnn_6,ARTICLE,GUIDE,
25/2020/tt-nhnn_8,25/2020/tt-nhnn_7,ARTICLE,GUIDE,
25/2020/tt-nhnn_8,25/2020/tt-nhnn_11,ARTICLE,GUIDE,
25/2020/tt-nhnn,25/2020/tt-nhnn_9,ARTICLE,CONTAIN,
25/2020/tt-nhnn_9,25/2020/tt-nhnn_4,ARTICLE,GUIDE,
25/2020/tt-nhnn_9,25/2020/tt-nhnn_11,ARTICLE,GUIDE,
25/2020/tt-nhnn,25/2020/tt-nhnn_10,ARTICLE,CONTAIN,
25/2020/tt-nhnn_10,25/2020/tt-nhnn_4,ARTICLE,GUIDE,
25/2020/tt-nhnn,25/2020/tt-nhnn_11,ARTICLE,CONTAIN,
25/2020/tt-nhnn,25/2020/tt-nhnn_12,ARTICLE,CONTAIN,
25/2020/tt-nhnn_12,25/2020/tt-nhnn_4,ARTICLE,GUIDE,
25/2020/tt-nhnn,25/2020/tt-nhnn_13,ARTICLE,CONTAIN,
25/2020/tt-nhnn_13,25/2020/tt-nhnn_7,ARTICLE,GUIDE,
25/2020/tt-nhnn_13,25/2020/tt-nhnn_11,ARTICLE,GUIDE,
25/2020/tt-nhnn,25/2020/tt-nhnn_14,ARTICLE,CONTAIN,
25/2020/tt-nhnn_14,25/2020/tt-nhnn_11,ARTICLE,GUIDE,
25/2020/tt-nhnn,25/2020/tt-nhnn_15,ARTICLE,CONTAIN,
25/2020/tt-nhnn_15,25/2020/tt-nhnn_7,ARTICLE,GUIDE,
25/2020/tt-nhnn,25/2020/tt-nhnn_16,ARTICLE,CONTAIN,
25/2020/tt-nhnn_16,25/2020/tt-nhnn_9,ARTICLE,GUIDE,
25/2020/tt-nhnn_16,25/2020/tt-nhnn_10,ARTICLE,GUIDE,
25/2020/tt-nhnn_16,25/2020/tt-nhnn_4,ARTICLE,GUIDE,
25/2020/tt-nhnn,25/2020/tt-nhnn_17,ARTICLE,CONTAIN,
25/2020/tt-nhnn,25/2020/tt-nhnn_18,ARTICLE,CONTAIN,
26/2020/tt-nhnn,26/2020/tt-nhnn_1,ARTICLE,CONTAIN,
26/2020/tt-nhnn,26/2020/tt-nhnn_2,ARTICLE,CONTAIN,
26/2020/tt-nhnn,26/2020/tt-nhnn_3,ARTICLE,CONTAIN,
26/2020/tt-nhnn,26/2020/tt-nhnn_4,ARTICLE,CONTAIN,
26/2020/tt-nhnn,26/2020/tt-nhnn_5,ARTICLE,CONTAIN,
26/2020/tt-nhnn,26/2020/tt-nhnn_6,ARTICLE,CONTAIN,
26/2020/tt-nhnn,26/2020/tt-nhnn_7,ARTICLE,CONTAIN,
26/2020/tt-nhnn_7,26/2020/tt-nhnn_4,ARTICLE,GUIDE,
26/2020/tt-nhnn_7,26/2020/tt-nhnn_6,ARTICLE,GUIDE,
26/2020/tt-nhnn,26/2020/tt-nhnn_8,ARTICLE,CONTAIN,
26/2020/tt-nhnn,26/2020/tt-nhnn_9,ARTICLE,CONTAIN,
26/2020/tt-nhnn,26/2020/tt-nhnn_10,ARTICLE,CONTAIN,
26/2020/tt-nhnn_10,26/2020/tt-nhnn_8,ARTICLE,GUIDE,
26/2020/tt-nhnn,26/2020/tt-nhnn_11,ARTICLE,CONTAIN,
26/2020/tt-nhnn,26/2020/tt-nhnn_12,ARTICLE,CONTAIN,
26/2020/tt-nhnn,26/2020/tt-nhnn_13,ARTICLE,CONTAIN,
26/2020/tt-nhnn,26/2020/tt-nhnn_14,ARTICLE,CONTAIN,
02/2021/tt-nhnn,02/2021/tt-nhnn_1,ARTICLE,CONTAIN,
02/2021/tt-nhnn,02/2021/tt-nhnn_2,ARTICLE,CONTAIN,
02/2021/tt-nhnn,02/2021/tt-nhnn_3,ARTICLE,CONTAIN,
02/2021/tt-nhnn,02/2021/tt-nhnn_4,ARTICLE,CONTAIN,
02/2021/tt-nhnn,02/2021/tt-nhnn_5,ARTICLE,CONTAIN,
02/2021/tt-nhnn,02/2021/tt-nhnn_6,ARTICLE,CONTAIN,
02/2021/tt-nhnn,02/2021/tt-nhnn_7,ARTICLE,CONTAIN,
02/2021/tt-nhnn_7,07/2005/qh11_12,ARTICLE,GUIDE,
02/2021/tt-nhnn,02/2021/tt-nhnn_8,ARTICLE,CONTAIN,
02/2021/tt-nhnn,02/2021/tt-nhnn_9,ARTICLE,CONTAIN,
02/2021/tt-nhnn,02/2021/tt-nhnn_10,ARTICLE,CONTAIN,
02/2021/tt-nhnn,02/2021/tt-nhnn_11,ARTICLE,CONTAIN,
02/2021/tt-nhnn_11,02/2021/tt-nhnn_10,ARTICLE,GUIDE,
02/2021/tt-nhnn,02/2021/tt-nhnn_12,ARTICLE,CONTAIN,
02/2021/tt-nhnn_12,02/2021/tt-nhnn_10,ARTICLE,GUIDE,
02/2021/tt-nhnn,02/2021/tt-nhnn_13,ARTICLE,CONTAIN,
02/2021/tt-nhnn,02/2021/tt-nhnn_14,ARTICLE,CONTAIN,
02/2021/tt-nhnn_14,02/2021/tt-nhnn_10,ARTICLE,GUIDE,
02/2021/tt-nhnn,02/2021/tt-nhnn_15,ARTICLE,CONTAIN,
02/2021/tt-nhnn_15,02/2021/tt-nhnn_10,ARTICLE,GUIDE,
02/2021/tt-nhnn,02/2021/tt-nhnn_16,ARTICLE,CONTAIN,
02/2021/tt-nhnn_16,02/2021/tt-nhnn_4,ARTICLE,GUIDE,
02/2021/tt-nhnn,02/2021/tt-nhnn_17,ARTICLE,CONTAIN,
02/2021/tt-nhnn_17,02/2021/tt-nhnn_16,ARTICLE,GUIDE,
02/2021/tt-nhnn_17,70/2014/NĐ-CP_9,ARTICLE,GUIDE,
02/2021/tt-nhnn_17,20/2011/TT-NHNN_2,ARTICLE,GUIDE,
02/2021/tt-nhnn,02/2021/tt-nhnn_18,ARTICLE,CONTAIN,
02/2021/tt-nhnn,02/2021/tt-nhnn_19,ARTICLE,CONTAIN,
02/2021/tt-nhnn,02/2021/tt-nhnn_20,ARTICLE,CONTAIN,
02/2021/tt-nhnn,02/2021/tt-nhnn_21,ARTICLE,CONTAIN,
02/2021/tt-nhnn,02/2021/tt-nhnn_22,ARTICLE,CONTAIN,
04/2021/tt-nhnn,04/2021/tt-nhnn_1,ARTICLE,CONTAIN,
04/2021/tt-nhnn,04/2021/tt-nhnn_2,ARTICLE,CONTAIN,
04/2021/tt-nhnn,04/2021/tt-nhnn_3,ARTICLE,CONTAIN,
04/2021/tt-nhnn_3,450/QĐ-TTg_3,ARTICLE,GUIDE,
04/2021/tt-nhnn,04/2021/tt-nhnn_4,ARTICLE,CONTAIN,
04/2021/tt-nhnn,04/2021/tt-nhnn_5,ARTICLE,CONTAIN,
04/2021/tt-nhnn,04/2021/tt-nhnn_6,ARTICLE,CONTAIN,
04/2021/tt-nhnn,04/2021/tt-nhnn_7,ARTICLE,CONTAIN,
04/2021/tt-nhnn,04/2021/tt-nhnn_8,ARTICLE,CONTAIN,
04/2021/tt-nhnn_8,04/2021/tt-nhnn_4,ARTICLE,GUIDE,
04/2021/tt-nhnn,04/2021/tt-nhnn_9,ARTICLE,CONTAIN,
04/2021/tt-nhnn_9,04/2021/tt-nhnn_8,ARTICLE,GUIDE,
04/2021/tt-nhnn,04/2021/tt-nhnn_10,ARTICLE,CONTAIN,
04/2021/tt-nhnn,04/2021/tt-nhnn_11,ARTICLE,CONTAIN,
04/2021/tt-nhnn_11,04/2021/tt-nhnn_10,ARTICLE,GUIDE,
04/2021/tt-nhnn_11,04/2021/tt-nhnn_14,ARTICLE,GUIDE,
04/2021/tt-nhnn,04/2021/tt-nhnn_12,ARTICLE,CONTAIN,
04/2021/tt-nhnn,04/2021/tt-nhnn_13,ARTICLE,CONTAIN,
04/2021/tt-nhnn_13,04/2021/tt-nhnn_10,ARTICLE,GUIDE,
04/2021/tt-nhnn,04/2021/tt-nhnn_14,ARTICLE,CONTAIN,
04/2021/tt-nhnn_14,04/2021/tt-nhnn_9,ARTICLE,GUIDE,
04/2021/tt-nhnn_14,04/2021/tt-nhnn_10,ARTICLE,GUIDE,
04/2021/tt-nhnn_14,04/2021/tt-nhnn_11,ARTICLE,GUIDE,
04/2021/tt-nhnn,04/2021/tt-nhnn_15,ARTICLE,CONTAIN,
03/2021/tt-nhnn,03/2021/tt-nhnn_1,ARTICLE,CONTAIN,
03/2021/tt-nhnn_1,01/2020/TT-NHNN_3,ARTICLE,AMEND,
03/2021/tt-nhnn_1,01/2020/TT-NHNN_4,ARTICLE,AMEND,
03/2021/tt-nhnn_1,01/2020/TT-NHNN_5,ARTICLE,AMEND,
03/2021/tt-nhnn_1,01/2020/TT-NHNN_6,ARTICLE,AMEND,
03/2021/tt-nhnn_1,03/2021/tt-nhnn_4,ARTICLE,GUIDE,
03/2021/tt-nhnn_1,03/2021/tt-nhnn_5,ARTICLE,GUIDE,
03/2021/tt-nhnn_1,03/2021/tt-nhnn_6,ARTICLE,GUIDE,
03/2021/tt-nhnn,03/2021/tt-nhnn_2,ARTICLE,CONTAIN,
03/2021/tt-nhnn,03/2021/tt-nhnn_3,ARTICLE,CONTAIN,
03/2021/tt-nhnn,03/2021/tt-nhnn_4,ARTICLE,CONTAIN,
05/2021/tt-nhnn,05/2021/tt-nhnn_1,ARTICLE,CONTAIN,
05/2021/tt-nhnn_1,42/2016/tt-nhnn_3,ARTICLE,AMEND,
05/2021/tt-nhnn_1,42/2016/tt-nhnn_4,ARTICLE,AMEND,
05/2021/tt-nhnn_1,42/2016/tt-nhnn_8,ARTICLE,AMEND,
05/2021/tt-nhnn_1,42/2016/tt-nhnn_13,ARTICLE,AMEND,
05/2021/tt-nhnn_1,42/2016/tt-nhnn_14,ARTICLE,AMEND,
05/2021/tt-nhnn_1,05/2021/tt-nhnn_12,ARTICLE,GUIDE,
05/2021/tt-nhnn_1,05/2021/tt-nhnn_4,ARTICLE,GUIDE,
05/2021/tt-nhnn,05/2021/tt-nhnn_2,ARTICLE,CONTAIN,
05/2021/tt-nhnn,05/2021/tt-nhnn_3,ARTICLE,CONTAIN,
05/2021/tt-nhnn,05/2021/tt-nhnn_4,ARTICLE,CONTAIN,
58/2021/nđ-cp,58/2021/nđ-cp_1,ARTICLE,CONTAIN,
58/2021/nđ-cp,58/2021/nđ-cp_2,ARTICLE,CONTAIN,
58/2021/nđ-cp,58/2021/nđ-cp_3,ARTICLE,CONTAIN,
58/2021/nđ-cp,58/2021/nđ-cp_4,ARTICLE,CONTAIN,
58/2021/nđ-cp_4,58/2021/NĐ-CP_21,ARTICLE,GUIDE,
58/2021/nđ-cp,58/2021/nđ-cp_5,ARTICLE,CONTAIN,
58/2021/nđ-cp_5,58/2021/nđ-cp_21,ARTICLE,GUIDE,
58/2021/nđ-cp,58/2021/nđ-cp_6,ARTICLE,CONTAIN,
58/2021/nđ-cp,58/2021/nđ-cp_7,ARTICLE,CONTAIN,
58/2021/nđ-cp,58/2021/nđ-cp_8,ARTICLE,CONTAIN,
58/2021/nđ-cp,58/2021/nđ-cp_9,ARTICLE,CONTAIN,
58/2021/nđ-cp_9,58/2021/nđ-cp_14,ARTICLE,GUIDE,
58/2021/nđ-cp,58/2021/nđ-cp_10,ARTICLE,CONTAIN,
58/2021/nđ-cp,58/2021/nđ-cp_11,ARTICLE,CONTAIN,
58/2021/nđ-cp,58/2021/nđ-cp_12,ARTICLE,CONTAIN,
58/2021/nđ-cp,58/2021/nđ-cp_13,ARTICLE,CONTAIN,
58/2021/nđ-cp,58/2021/nđ-cp_14,ARTICLE,CONTAIN,
58/2021/nđ-cp_14,58/2021/nđ-cp_6,ARTICLE,GUIDE,
58/2021/nđ-cp_14,58/2021/nđ-cp_9,ARTICLE,GUIDE,
58/2021/nđ-cp_14,58/2021/nđ-cp_15,ARTICLE,GUIDE,
58/2021/nđ-cp_14,58/2021/nđ-cp_16,ARTICLE,GUIDE,
58/2021/nđ-cp,58/2021/nđ-cp_15,ARTICLE,CONTAIN,
58/2021/nđ-cp_15,58/2021/nđ-cp_11,ARTICLE,GUIDE,
58/2021/nđ-cp_15,58/2021/nđ-cp_13,ARTICLE,GUIDE,
58/2021/nđ-cp_15,58/2021/nđ-cp_14,ARTICLE,GUIDE,
58/2021/nđ-cp,58/2021/nđ-cp_16,ARTICLE,CONTAIN,
58/2021/nđ-cp_16,58/2021/NĐ-CP_11,ARTICLE,GUIDE,
58/2021/nđ-cp,58/2021/nđ-cp_17,ARTICLE,CONTAIN,
58/2021/nđ-cp_17,58/2021/nđ-cp_18,ARTICLE,GUIDE,
58/2021/nđ-cp_17,58/2021/nđ-cp_21,ARTICLE,GUIDE,
58/2021/nđ-cp_17,58/2021/nđ-cp_14,ARTICLE,GUIDE,
58/2021/nđ-cp,58/2021/nđ-cp_18,ARTICLE,CONTAIN,
58/2021/nđ-cp,58/2021/nđ-cp_19,ARTICLE,CONTAIN,
58/2021/nđ-cp,58/2021/nđ-cp_20,ARTICLE,CONTAIN,
58/2021/nđ-cp,58/2021/nđ-cp_21,ARTICLE,CONTAIN,
58/2021/nđ-cp_21,58/2021/nđ-cp_18,ARTICLE,GUIDE,
58/2021/nđ-cp,58/2021/nđ-cp_22,ARTICLE,CONTAIN,
58/2021/nđ-cp,58/2021/nđ-cp_23,ARTICLE,CONTAIN,
58/2021/nđ-cp,58/2021/nđ-cp_24,ARTICLE,CONTAIN,
58/2021/nđ-cp,58/2021/nđ-cp_25,ARTICLE,CONTAIN,
58/2021/nđ-cp,58/2021/nđ-cp_26,ARTICLE,CONTAIN,
58/2021/nđ-cp,58/2021/nđ-cp_27,ARTICLE,CONTAIN,
58/2021/nđ-cp_27,58/2021/nđ-cp_4,ARTICLE,REPEAL,
58/2021/nđ-cp_27,58/2021/nđ-cp_9,ARTICLE,GUIDE,
58/2021/nđ-cp_27,58/2021/nđ-cp_14,ARTICLE,GUIDE,
58/2021/nđ-cp_27,58/2021/nđ-cp_17,ARTICLE,GUIDE,
58/2021/nđ-cp,58/2021/nđ-cp_28,ARTICLE,CONTAIN,
58/2021/nđ-cp_28,16/2019/NĐ-CP_4,ARTICLE,REPEAL,
58/2021/nđ-cp,58/2021/nđ-cp_29,ARTICLE,CONTAIN,
07/2021/tt-nhnn,07/2021/tt-nhnn_1,ARTICLE,CONTAIN,
07/2021/tt-nhnn_1,27/2016/tt-nhnn_1,ARTICLE,AMEND,
07/2021/tt-nhnn_1,27/2016/tt-nhnn_10,ARTICLE,AMEND,
07/2021/tt-nhnn_1,27/2016/tt-nhnn_11,ARTICLE,AMEND,
07/2021/tt-nhnn_1,27/2016/tt-nhnn_15,ARTICLE,AMEND,
07/2021/tt-nhnn_1,27/2016/tt-nhnn_17,ARTICLE,AMEND,
07/2021/tt-nhnn_1,27/2016/tt-nhnn_19,ARTICLE,AMEND,
07/2021/tt-nhnn_1,27/2016/tt-nhnn_21,ARTICLE,AMEND,
07/2021/tt-nhnn_1,27/2016/tt-nhnn_23,ARTICLE,AMEND,
07/2021/tt-nhnn_1,27/2016/tt-nhnn_24,ARTICLE,AMEND,
07/2021/tt-nhnn_1,27/2016/tt-nhnn_25,ARTICLE,AMEND,
07/2021/tt-nhnn_1,27/2016/tt-nhnn_26,ARTICLE,AMEND,
07/2021/tt-nhnn_1,27/2016/tt-nhnn_27,ARTICLE,AMEND,
07/2021/tt-nhnn_1,27/2016/tt-nhnn_32,ARTICLE,AMEND,
07/2021/tt-nhnn,07/2021/tt-nhnn_2,ARTICLE,CONTAIN,
07/2021/tt-nhnn_2,27/2016/tt-nhnn_8,ARTICLE,REPEAL,
07/2021/tt-nhnn_2,27/2016/tt-nhnn_21,ARTICLE,REPEAL,
07/2021/tt-nhnn_2,27/2016/tt-nhnn_22,ARTICLE,REPEAL,
07/2021/tt-nhnn_2,27/2016/tt-nhnn_27,ARTICLE,REPEAL,
07/2021/tt-nhnn_2,27/2016/tt-nhnn_8,ARTICLE,REPLACE,
07/2021/tt-nhnn_2,27/2016/tt-nhnn_12,ARTICLE,REPLACE,
07/2021/tt-nhnn_2,27/2016/tt-nhnn_13,ARTICLE,REPLACE,
07/2021/tt-nhnn_2,27/2016/tt-nhnn_18,ARTICLE,REPLACE,
07/2021/tt-nhnn_2,27/2016/tt-nhnn_21,ARTICLE,REPLACE,
07/2021/tt-nhnn_2,27/2016/tt-nhnn_23,ARTICLE,REPLACE,
07/2021/tt-nhnn_2,27/2016/tt-nhnn_24,ARTICLE,REPLACE,
07/2021/tt-nhnn_2,27/2016/tt-nhnn_28,ARTICLE,REPLACE,
07/2021/tt-nhnn_2,27/2016/tt-nhnn_29,ARTICLE,REPLACE,
07/2021/tt-nhnn,07/2021/tt-nhnn_3,ARTICLE,CONTAIN,
07/2021/tt-nhnn,07/2021/tt-nhnn_4,ARTICLE,CONTAIN,
06/2021/tt-nhnn,06/2021/tt-nhnn_1,ARTICLE,CONTAIN,
06/2021/tt-nhnn_1,39/2013/tt-nhnn_6,ARTICLE,AMEND,
06/2021/tt-nhnn_1,39/2013/tt-nhnn_7,ARTICLE,AMEND,
06/2021/tt-nhnn_1,39/2013/tt-nhnn_9,ARTICLE,AMEND,
06/2021/tt-nhnn_1,39/2013/tt-nhnn_10,ARTICLE,AMEND,
06/2021/tt-nhnn_1,39/2013/tt-nhnn_11,ARTICLE,AMEND,
06/2021/tt-nhnn_1,39/2013/tt-nhnn_12,ARTICLE,AMEND,
06/2021/tt-nhnn_1,39/2013/tt-nhnn_14,ARTICLE,AMEND,
06/2021/tt-nhnn,06/2021/tt-nhnn_2,ARTICLE,CONTAIN,
06/2021/tt-nhnn_2,39/2013/tt-nhnn_1,ARTICLE,REPLACE,
06/2021/tt-nhnn_2,39/2013/tt-nhnn_7,ARTICLE,REPLACE,
06/2021/tt-nhnn,06/2021/tt-nhnn_3,ARTICLE,CONTAIN,
06/2021/tt-nhnn,06/2021/tt-nhnn_4,ARTICLE,CONTAIN,
06/2021/tt-nhnn,06/2021/tt-nhnn_5,ARTICLE,CONTAIN,
06/2021/tt-nhnn_5,37/2018/tt-nhnn_1,ARTICLE,REPEAL,
09/2021/tt-nhnn,09/2021/tt-nhnn_1,ARTICLE,CONTAIN,
09/2021/tt-nhnn_1,42/2015/tt-nhnn_14,ARTICLE,AMEND,
09/2021/tt-nhnn_1,42/2015/tt-nhnn_15,ARTICLE,AMEND,
09/2021/tt-nhnn_1,42/2015/tt-nhnn_25,ARTICLE,AMEND,
09/2021/tt-nhnn,09/2021/tt-nhnn_2,ARTICLE,CONTAIN,
09/2021/tt-nhnn,09/2021/tt-nhnn_3,ARTICLE,CONTAIN,
10/2021/tt-nhnn,10/2021/tt-nhnn_1,ARTICLE,CONTAIN,
10/2021/tt-nhnn,10/2021/tt-nhnn_2,ARTICLE,CONTAIN,
10/2021/tt-nhnn,10/2021/tt-nhnn_3,ARTICLE,CONTAIN,
10/2021/tt-nhnn,10/2021/tt-nhnn_4,ARTICLE,CONTAIN,
10/2021/tt-nhnn_4,10/2021/tt-nhnn_6,ARTICLE,GUIDE,
10/2021/tt-nhnn,10/2021/tt-nhnn_5,ARTICLE,CONTAIN,
10/2021/tt-nhnn,10/2021/tt-nhnn_6,ARTICLE,CONTAIN,
10/2021/tt-nhnn,10/2021/tt-nhnn_7,ARTICLE,CONTAIN,
10/2021/tt-nhnn_7,10/2021/tt-nhnn_6,ARTICLE,GUIDE,
10/2021/tt-nhnn_7,23/2021/QĐ-TTg_42,ARTICLE,GUIDE,
10/2021/tt-nhnn_7,10/2021/tt-nhnn_9,ARTICLE,GUIDE,
10/2021/tt-nhnn_7,23/2021/QĐ-TTg_43,ARTICLE,GUIDE,
10/2021/tt-nhnn,10/2021/tt-nhnn_8,ARTICLE,CONTAIN,
10/2021/tt-nhnn,10/2021/tt-nhnn_9,ARTICLE,CONTAIN,
10/2021/tt-nhnn_9,10/2021/tt-nhnn_6,ARTICLE,GUIDE,
10/2021/tt-nhnn_9,10/2021/tt-nhnn_7,ARTICLE,GUIDE,
10/2021/tt-nhnn,10/2021/tt-nhnn_10,ARTICLE,CONTAIN,
12/2021/tt-nhnn,12/2021/tt-nhnn_1,ARTICLE,CONTAIN,
12/2021/tt-nhnn,12/2021/tt-nhnn_2,ARTICLE,CONTAIN,
12/2021/tt-nhnn,12/2021/tt-nhnn_3,ARTICLE,CONTAIN,
12/2021/tt-nhnn_3,12/2021/tt-nhnn_4,ARTICLE,GUIDE,
12/2021/tt-nhnn,12/2021/tt-nhnn_4,ARTICLE,CONTAIN,
12/2021/tt-nhnn,12/2021/tt-nhnn_5,ARTICLE,CONTAIN,
12/2021/tt-nhnn,12/2021/tt-nhnn_6,ARTICLE,CONTAIN,
12/2021/tt-nhnn_6,12/2021/tt-nhnn_4,ARTICLE,AMEND,
12/2021/tt-nhnn,12/2021/tt-nhnn_7,ARTICLE,CONTAIN,
14/2021/tt-nhnn,14/2021/tt-nhnn_1,ARTICLE,CONTAIN,
14/2021/tt-nhnn_1,01/2020/tt-nhnn_4,ARTICLE,AMEND,
14/2021/tt-nhnn_1,01/2020/tt-nhnn_5,ARTICLE,AMEND,
14/2021/tt-nhnn_1,01/2020/tt-nhnn_6,ARTICLE,AMEND,
14/2021/tt-nhnn_1,14/2021/tt-nhnn_4,ARTICLE,GUIDE,
14/2021/tt-nhnn_1,14/2021/tt-nhnn_5,ARTICLE,GUIDE,
14/2021/tt-nhnn,14/2021/tt-nhnn_2,ARTICLE,CONTAIN,
14/2021/tt-nhnn,14/2021/tt-nhnn_3,ARTICLE,CONTAIN,
14/2021/tt-nhnn,14/2021/tt-nhnn_4,ARTICLE,CONTAIN,
14/2021/tt-nhnn_4,03/2021/TT-NHNN_1,ARTICLE,REPEAL,
16/2021/tt-nhnn,16/2021/tt-nhnn_1,ARTICLE,CONTAIN,
16/2021/tt-nhnn,16/2021/tt-nhnn_2,ARTICLE,CONTAIN,
16/2021/tt-nhnn,16/2021/tt-nhnn_3,ARTICLE,CONTAIN,
16/2021/tt-nhnn,16/2021/tt-nhnn_4,ARTICLE,CONTAIN,
16/2021/tt-nhnn_4,16/2021/tt-nhnn_5,ARTICLE,GUIDE,
16/2021/tt-nhnn,16/2021/tt-nhnn_5,ARTICLE,CONTAIN,
16/2021/tt-nhnn,16/2021/tt-nhnn_6,ARTICLE,CONTAIN,
16/2021/tt-nhnn,16/2021/tt-nhnn_7,ARTICLE,CONTAIN,
16/2021/tt-nhnn_7,16/2021/tt-nhnn_4,ARTICLE,GUIDE,
16/2021/tt-nhnn,16/2021/tt-nhnn_8,ARTICLE,CONTAIN,
16/2021/tt-nhnn_8,32/2024/qh15_128,ARTICLE,GUIDE,
16/2021/tt-nhnn,16/2021/tt-nhnn_9,ARTICLE,CONTAIN,
16/2021/tt-nhnn,16/2021/tt-nhnn_10,ARTICLE,CONTAIN,
16/2021/tt-nhnn,16/2021/tt-nhnn_11,ARTICLE,CONTAIN,
16/2021/tt-nhnn,16/2021/tt-nhnn_12,ARTICLE,CONTAIN,
16/2021/tt-nhnn,16/2021/tt-nhnn_13,ARTICLE,CONTAIN,
18/2021/tt-nhnn,18/2021/tt-nhnn_1,ARTICLE,CONTAIN,
18/2021/tt-nhnn,18/2021/tt-nhnn_2,ARTICLE,CONTAIN,
18/2021/tt-nhnn,18/2021/tt-nhnn_3,ARTICLE,CONTAIN,
18/2021/tt-nhnn,18/2021/tt-nhnn_4,ARTICLE,CONTAIN,
18/2021/tt-nhnn,18/2021/tt-nhnn_5,ARTICLE,CONTAIN,
18/2021/tt-nhnn,18/2021/tt-nhnn_6,ARTICLE,CONTAIN,
18/2021/tt-nhnn,18/2021/tt-nhnn_7,ARTICLE,CONTAIN,
18/2021/tt-nhnn,18/2021/tt-nhnn_8,ARTICLE,CONTAIN,
18/2021/tt-nhnn,18/2021/tt-nhnn_9,ARTICLE,CONTAIN,
18/2021/tt-nhnn,18/2021/tt-nhnn_10,ARTICLE,CONTAIN,
18/2021/tt-nhnn,18/2021/tt-nhnn_11,ARTICLE,CONTAIN,
18/2021/tt-nhnn,18/2021/tt-nhnn_12,ARTICLE,CONTAIN,
18/2021/tt-nhnn,18/2021/tt-nhnn_13,ARTICLE,CONTAIN,
18/2021/tt-nhnn,18/2021/tt-nhnn_14,ARTICLE,CONTAIN,
19/2021/tt-nhnn,19/2021/tt-nhnn_1,ARTICLE,CONTAIN,
19/2021/tt-nhnn_1,01/2014/tt-nhnn_11,ARTICLE,AMEND,
19/2021/tt-nhnn_1,01/2014/tt-nhnn_12,ARTICLE,AMEND,
19/2021/tt-nhnn_1,01/2014/tt-nhnn_26,ARTICLE,AMEND,
19/2021/tt-nhnn_1,01/2014/tt-nhnn_48,ARTICLE,AMEND,
19/2021/tt-nhnn_1,19/2021/tt-nhnn_62,ARTICLE,GUIDE,
19/2021/tt-nhnn,19/2021/tt-nhnn_2,ARTICLE,CONTAIN,
19/2021/tt-nhnn,19/2021/tt-nhnn_3,ARTICLE,CONTAIN,
19/2021/tt-nhnn_3,12/2017/TT-NHNN_1,ARTICLE,REPEAL,
32/2021/qđ-ttg,32/2021/qđ-ttg_1,ARTICLE,CONTAIN,
32/2021/qđ-ttg,32/2021/qđ-ttg_2,ARTICLE,CONTAIN,
32/2021/qđ-ttg,32/2021/qđ-ttg_3,ARTICLE,CONTAIN,
32/2021/qđ-ttg,32/2021/qđ-ttg_4,ARTICLE,CONTAIN,
32/2021/qđ-ttg,32/2021/qđ-ttg_5,ARTICLE,CONTAIN,
20/2021/tt-nhnn,20/2021/tt-nhnn_1,ARTICLE,CONTAIN,
20/2021/tt-nhnn_1,25/2015/tt-nhnn_1,ARTICLE,AMEND,
20/2021/tt-nhnn_1,25/2015/tt-nhnn_2,ARTICLE,AMEND,
20/2021/tt-nhnn_1,25/2015/tt-nhnn_6,ARTICLE,AMEND,
20/2021/tt-nhnn_1,25/2015/tt-nhnn_7,ARTICLE,AMEND,
20/2021/tt-nhnn_1,25/2015/tt-nhnn_10,ARTICLE,AMEND,
20/2021/tt-nhnn_1,25/2015/tt-nhnn_16,ARTICLE,AMEND,
20/2021/tt-nhnn_1,100/2015/nd-cp_16,ARTICLE,GUIDE,
20/2021/tt-nhnn,20/2021/tt-nhnn_2,ARTICLE,CONTAIN,
20/2021/tt-nhnn_2,25/2015/tt-nhnn_5,ARTICLE,REPEAL,
20/2021/tt-nhnn_2,25/2015/tt-nhnn_6,ARTICLE,REPEAL,
20/2021/tt-nhnn_2,25/2015/tt-nhnn_13,ARTICLE,REPEAL,
20/2021/tt-nhnn,20/2021/tt-nhnn_3,ARTICLE,CONTAIN,
20/2021/tt-nhnn,20/2021/tt-nhnn_4,ARTICLE,CONTAIN,
21/2021/tt-nhnn,21/2021/tt-nhnn_1,ARTICLE,CONTAIN,
21/2021/tt-nhnn,21/2021/tt-nhnn_2,ARTICLE,CONTAIN,
21/2021/tt-nhnn,21/2021/tt-nhnn_3,ARTICLE,CONTAIN,
21/2021/tt-nhnn,21/2021/tt-nhnn_4,ARTICLE,CONTAIN,
21/2021/tt-nhnn_4,21/2021/tt-nhnn_3,ARTICLE,GUIDE,
21/2021/tt-nhnn,21/2021/tt-nhnn_5,ARTICLE,CONTAIN,
21/2021/tt-nhnn_5,32/2024/qh15_145,ARTICLE,GUIDE,
21/2021/tt-nhnn,21/2021/tt-nhnn_6,ARTICLE,CONTAIN,
21/2021/tt-nhnn,21/2021/tt-nhnn_7,ARTICLE,CONTAIN,
21/2021/tt-nhnn_7,21/2021/tt-nhnn_4,ARTICLE,GUIDE,
21/2021/tt-nhnn,21/2021/tt-nhnn_8,ARTICLE,CONTAIN,
21/2021/tt-nhnn,21/2021/tt-nhnn_9,ARTICLE,CONTAIN,
23/2021/tt-nhnn,23/2021/tt-nhnn_1,ARTICLE,CONTAIN,
23/2021/tt-nhnn_1,23/2021/tt-nhnn_3,ARTICLE,AMEND,
23/2021/tt-nhnn_1,23/2021/tt-nhnn_5,ARTICLE,AMEND,
23/2021/tt-nhnn_1,23/2021/tt-nhnn_8,ARTICLE,AMEND,
23/2021/tt-nhnn_1,23/2021/tt-nhnn_13,ARTICLE,AMEND,
23/2021/tt-nhnn_1,23/2021/tt-nhnn_14,ARTICLE,AMEND,
23/2021/tt-nhnn_1,23/2021/tt-nhnn_15,ARTICLE,AMEND,
23/2021/tt-nhnn_1,23/2021/tt-nhnn_16,ARTICLE,AMEND,
23/2021/tt-nhnn_1,23/2021/tt-nhnn_20,ARTICLE,AMEND,
23/2021/tt-nhnn_1,23/2021/tt-nhnn_21,ARTICLE,AMEND,
23/2021/tt-nhnn_1,23/2021/tt-nhnn_22,ARTICLE,AMEND,
23/2021/tt-nhnn_1,23/2021/tt-nhnn_23,ARTICLE,AMEND,
23/2021/tt-nhnn_1,32/2024/qh15_130,ARTICLE,GUIDE,
23/2021/tt-nhnn,23/2021/tt-nhnn_2,ARTICLE,CONTAIN,
23/2021/tt-nhnn_2,52/2018/tt-nhnn_8,ARTICLE,REPEAL,
23/2021/tt-nhnn_2,52/2018/tt-nhnn_13,ARTICLE,REPEAL,
23/2021/tt-nhnn_2,52/2018/tt-nhnn_14,ARTICLE,REPEAL,
23/2021/tt-nhnn_2,52/2018/tt-nhnn_15,ARTICLE,REPEAL,
23/2021/tt-nhnn,23/2021/tt-nhnn_3,ARTICLE,CONTAIN,
23/2021/tt-nhnn,23/2021/tt-nhnn_4,ARTICLE,CONTAIN,
24/2021/tt-nhnn,24/2021/tt-nhnn_1,ARTICLE,CONTAIN,
24/2021/tt-nhnn_1,24/2021/tt-nhnn_8,ARTICLE,AMEND,
24/2021/tt-nhnn_1,24/2021/tt-nhnn_9,ARTICLE,AMEND,
24/2021/tt-nhnn_1,24/2021/tt-nhnn_10,ARTICLE,AMEND,
24/2021/tt-nhnn_1,24/2021/tt-nhnn_11,ARTICLE,AMEND,
24/2021/tt-nhnn_1,24/2021/tt-nhnn_12,ARTICLE,AMEND,
24/2021/tt-nhnn_1,24/2021/tt-nhnn_15,ARTICLE,AMEND,
24/2021/tt-nhnn_1,24/2021/tt-nhnn_16,ARTICLE,AMEND,
24/2021/tt-nhnn_1,24/2021/tt-nhnn_17,ARTICLE,AMEND,
24/2021/tt-nhnn_1,24/2021/tt-nhnn_8,ARTICLE,GUIDE,
24/2021/tt-nhnn_1,24/2021/tt-nhnn_11,ARTICLE,GUIDE,
24/2021/tt-nhnn_1,24/2021/tt-nhnn_12,ARTICLE,GUIDE,
24/2021/tt-nhnn_1,24/2021/tt-nhnn_13,ARTICLE,GUIDE,
24/2021/tt-nhnn_1,24/2021/tt-nhnn_14,ARTICLE,GUIDE,
24/2021/tt-nhnn_1,24/2021/tt-nhnn_15,ARTICLE,GUIDE,
24/2021/tt-nhnn_1,24/2021/tt-nhnn_16,ARTICLE,GUIDE,
24/2021/tt-nhnn_1,32/2024/qh15_147,ARTICLE,GUIDE,
24/2021/tt-nhnn_1,32/2024/qh15_151,ARTICLE,GUIDE,
24/2021/tt-nhnn,24/2021/tt-nhnn_2,ARTICLE,CONTAIN,
24/2021/tt-nhnn_2,39/2011/tt-nhnn_3,ARTICLE,REPEAL,
24/2021/tt-nhnn_2,39/2011/tt-nhnn_4,ARTICLE,REPEAL,
24/2021/tt-nhnn_2,39/2011/tt-nhnn_6,ARTICLE,REPEAL,
24/2021/tt-nhnn_2,39/2011/tt-nhnn_11,ARTICLE,REPEAL,
24/2021/tt-nhnn_2,39/2011/tt-nhnn_16,ARTICLE,REPEAL,
24/2021/tt-nhnn_2,39/2011/tt-nhnn_17,ARTICLE,REPEAL,
24/2021/tt-nhnn,24/2021/tt-nhnn_3,ARTICLE,CONTAIN,
24/2021/tt-nhnn,24/2021/tt-nhnn_4,ARTICLE,CONTAIN,
25/2021/tt-nhnn,25/2021/tt-nhnn_1,ARTICLE,CONTAIN,
25/2021/tt-nhnn_1,01/2015/tt-nhnn_2,ARTICLE,AMEND,
25/2021/tt-nhnn_1,01/2015/tt-nhnn_3,ARTICLE,AMEND,
25/2021/tt-nhnn_1,01/2015/tt-nhnn_4,ARTICLE,AMEND,
25/2021/tt-nhnn_1,01/2015/tt-nhnn_6,ARTICLE,AMEND,
25/2021/tt-nhnn_1,01/2015/tt-nhnn_7,ARTICLE,AMEND,
25/2021/tt-nhnn_1,01/2015/tt-nhnn_8,ARTICLE,AMEND,
25/2021/tt-nhnn_1,01/2015/tt-nhnn_9,ARTICLE,AMEND,
25/2021/tt-nhnn_1,01/2015/tt-nhnn_12,ARTICLE,AMEND,
25/2021/tt-nhnn_1,01/2015/tt-nhnn_14,ARTICLE,AMEND,
25/2021/tt-nhnn_1,01/2015/tt-nhnn_18,ARTICLE,AMEND,
25/2021/tt-nhnn_1,01/2015/tt-nhnn_19,ARTICLE,AMEND,
25/2021/tt-nhnn_1,01/2015/tt-nhnn_20,ARTICLE,AMEND,
25/2021/tt-nhnn,25/2021/tt-nhnn_2,ARTICLE,CONTAIN,
25/2021/tt-nhnn_2,01/2015/tt-nhnn_16,ARTICLE,REPEAL,
25/2021/tt-nhnn_2,01/2015/tt-nhnn_3,ARTICLE,REPLACE,
25/2021/tt-nhnn_2,01/2015/tt-nhnn_4,ARTICLE,REPLACE,
25/2021/tt-nhnn_2,01/2015/tt-nhnn_5,ARTICLE,REPLACE,
25/2021/tt-nhnn_2,01/2015/tt-nhnn_6,ARTICLE,REPLACE,
25/2021/tt-nhnn_2,01/2015/tt-nhnn_7,ARTICLE,REPLACE,
25/2021/tt-nhnn_2,01/2015/tt-nhnn_20,ARTICLE,REPLACE,
25/2021/tt-nhnn,25/2021/tt-nhnn_3,ARTICLE,CONTAIN,
25/2021/tt-nhnn,25/2021/tt-nhnn_4,ARTICLE,CONTAIN,
26/2021/tt-nhnn,26/2021/tt-nhnn_1,ARTICLE,CONTAIN,
26/2021/tt-nhnn,26/2021/tt-nhnn_2,ARTICLE,CONTAIN,
26/2021/tt-nhnn,26/2021/tt-nhnn_3,ARTICLE,CONTAIN,
26/2021/tt-nhnn,26/2021/tt-nhnn_4,ARTICLE,CONTAIN,
26/2021/tt-nhnn_4,26/2021/tt-nhnn_5,ARTICLE,GUIDE,
26/2021/tt-nhnn,26/2021/tt-nhnn_5,ARTICLE,CONTAIN,
26/2021/tt-nhnn_5,26/2021/tt-nhnn_10,ARTICLE,GUIDE,
26/2021/tt-nhnn,26/2021/tt-nhnn_6,ARTICLE,CONTAIN,
26/2021/tt-nhnn,26/2021/tt-nhnn_7,ARTICLE,CONTAIN,
26/2021/tt-nhnn,26/2021/tt-nhnn_8,ARTICLE,CONTAIN,
26/2021/tt-nhnn,26/2021/tt-nhnn_9,ARTICLE,CONTAIN,
26/2021/tt-nhnn_9,26/2021/tt-nhnn_12,ARTICLE,GUIDE,
26/2021/tt-nhnn,26/2021/tt-nhnn_10,ARTICLE,CONTAIN,
26/2021/tt-nhnn,26/2021/tt-nhnn_11,ARTICLE,CONTAIN,
26/2021/tt-nhnn,26/2021/tt-nhnn_12,ARTICLE,CONTAIN,
26/2021/tt-nhnn_12,26/2021/tt-nhnn_10,ARTICLE,GUIDE,
26/2021/tt-nhnn,26/2021/tt-nhnn_13,ARTICLE,CONTAIN,
26/2021/tt-nhnn_13,26/2021/tt-nhnn_5,ARTICLE,GUIDE,
26/2021/tt-nhnn,26/2021/tt-nhnn_14,ARTICLE,CONTAIN,
26/2021/tt-nhnn_14,26/2021/tt-nhnn_15,ARTICLE,GUIDE,
26/2021/tt-nhnn,26/2021/tt-nhnn_15,ARTICLE,CONTAIN,
26/2021/tt-nhnn,26/2021/tt-nhnn_16,ARTICLE,CONTAIN,
26/2021/tt-nhnn,26/2021/tt-nhnn_17,ARTICLE,CONTAIN,
26/2021/tt-nhnn_17,26/2021/tt-nhnn_13,ARTICLE,GUIDE,
26/2021/tt-nhnn_17,26/2021/tt-nhnn_14,ARTICLE,GUIDE,
26/2021/tt-nhnn,26/2021/tt-nhnn_18,ARTICLE,CONTAIN,
26/2021/tt-nhnn,26/2021/tt-nhnn_19,ARTICLE,CONTAIN,
26/2021/tt-nhnn,26/2021/tt-nhnn_20,ARTICLE,CONTAIN,
26/2021/tt-nhnn,26/2021/tt-nhnn_21,ARTICLE,CONTAIN,
26/2021/tt-nhnn,26/2021/tt-nhnn_22,ARTICLE,CONTAIN,
27/2021/tt-nhnn,27/2021/tt-nhnn_1,ARTICLE,CONTAIN,
27/2021/tt-nhnn,27/2021/tt-nhnn_2,ARTICLE,CONTAIN,
27/2021/tt-nhnn,27/2021/tt-nhnn_3,ARTICLE,CONTAIN,
27/2021/tt-nhnn_3,10/2014/tt-nhnn_3,ARTICLE,REPEAL,
27/2021/tt-nhnn_3,22/2017/tt-nhnn_1,ARTICLE,REPEAL,
27/2021/tt-nhnn,27/2021/tt-nhnn_4,ARTICLE,CONTAIN,
27/2021/tt-nhnn,27/2021/tt-nhnn_5,ARTICLE,CONTAIN,
143/2021/nđ-cp,143/2021/nđ-cp_1,ARTICLE,CONTAIN,
143/2021/nđ-cp,143/2021/nđ-cp_2,ARTICLE,CONTAIN,
143/2021/nđ-cp_2,88/2019/NĐ-CP_3,ARTICLE,REPEAL,
143/2021/nđ-cp_2,88/2019/NĐ-CP_4,ARTICLE,REPEAL,
143/2021/nđ-cp_2,88/2019/NĐ-CP_5,ARTICLE,REPEAL,
143/2021/nđ-cp_2,88/2019/NĐ-CP_18,ARTICLE,REPEAL,
143/2021/nđ-cp,143/2021/nđ-cp_3,ARTICLE,CONTAIN,
143/2021/nđ-cp,143/2021/nđ-cp_4,ARTICLE,CONTAIN,
03/2022/tt-nhnn,03/2022/tt-nhnn_1,ARTICLE,CONTAIN,
03/2022/tt-nhnn_1,31/2022/NĐ-CP_2,ARTICLE,GUIDE,
03/2022/tt-nhnn,03/2022/tt-nhnn_2,ARTICLE,CONTAIN,
03/2022/tt-nhnn,03/2022/tt-nhnn_3,ARTICLE,CONTAIN,
03/2022/tt-nhnn,03/2022/tt-nhnn_4,ARTICLE,CONTAIN,
03/2022/tt-nhnn_4,31/2022/NĐ-CP_7,ARTICLE,GUIDE,
03/2022/tt-nhnn,03/2022/tt-nhnn_5,ARTICLE,CONTAIN,
03/2022/tt-nhnn_5,31/2022/NĐ-CP_3,ARTICLE,GUIDE,
03/2022/tt-nhnn_5,03/2022/tt-nhnn_4,ARTICLE,GUIDE,
03/2022/tt-nhnn,03/2022/tt-nhnn_6,ARTICLE,CONTAIN,
03/2022/tt-nhnn_6,31/2022/NĐ-CP_9,ARTICLE,GUIDE,
03/2022/tt-nhnn,03/2022/tt-nhnn_7,ARTICLE,CONTAIN,
03/2022/tt-nhnn,03/2022/tt-nhnn_8,ARTICLE,CONTAIN,
03/2022/tt-nhnn_8,31/2022/NĐ-CP_9,ARTICLE,GUIDE,
03/2022/tt-nhnn_8,31/2022/NĐ-CP_2,ARTICLE,GUIDE,
03/2022/tt-nhnn,03/2022/tt-nhnn_9,ARTICLE,CONTAIN,
03/2022/tt-nhnn_9,31/2022/NĐ-CP_10,ARTICLE,GUIDE,
03/2022/tt-nhnn_9,31/2022/NĐ-CP_9,ARTICLE,GUIDE,
03/2022/tt-nhnn,03/2022/tt-nhnn_10,ARTICLE,CONTAIN,
03/2022/tt-nhnn,03/2022/tt-nhnn_11,ARTICLE,CONTAIN,
31/2022/nđ-cp,31/2022/nđ-cp_1,ARTICLE,CONTAIN,
31/2022/nđ-cp,31/2022/nđ-cp_2,ARTICLE,CONTAIN,
31/2022/nđ-cp,31/2022/nđ-cp_3,ARTICLE,CONTAIN,
31/2022/nđ-cp,31/2022/nđ-cp_4,ARTICLE,CONTAIN,
31/2022/nđ-cp_4,31/2022/nđ-cp_2,ARTICLE,GUIDE,
31/2022/nđ-cp,31/2022/nđ-cp_5,ARTICLE,CONTAIN,
31/2022/nđ-cp,31/2022/nđ-cp_6,ARTICLE,CONTAIN,
31/2022/nđ-cp,31/2022/nđ-cp_7,ARTICLE,CONTAIN,
31/2022/nđ-cp_7,31/2022/nđ-cp_10,ARTICLE,GUIDE,
31/2022/nđ-cp_7,43/2022/QH15_7,ARTICLE,GUIDE,
31/2022/nđ-cp,31/2022/nđ-cp_8,ARTICLE,CONTAIN,
31/2022/nđ-cp_8,31/2022/nđ-cp_7,ARTICLE,GUIDE,
31/2022/nđ-cp,31/2022/nđ-cp_9,ARTICLE,CONTAIN,
31/2022/nđ-cp,31/2022/nđ-cp_10,ARTICLE,CONTAIN,
31/2022/nđ-cp_10,31/2022/nđ-cp_7,ARTICLE,GUIDE,
31/2022/nđ-cp_10,31/2022/nđ-cp_2,ARTICLE,GUIDE,
31/2022/nđ-cp_10,31/2022/nđ-cp_9,ARTICLE,GUIDE,
31/2022/nđ-cp_10,31/2022/nđ-cp_3,ARTICLE,GUIDE,
31/2022/nđ-cp,31/2022/nđ-cp_11,ARTICLE,CONTAIN,
28/2022/nđ-cp,28/2022/nđ-cp_1,ARTICLE,CONTAIN,
28/2022/nđ-cp,28/2022/nđ-cp_2,ARTICLE,CONTAIN,
28/2022/nđ-cp,28/2022/nđ-cp_3,ARTICLE,CONTAIN,
28/2022/nđ-cp,28/2022/nđ-cp_4,ARTICLE,CONTAIN,
28/2022/nđ-cp,28/2022/nđ-cp_5,ARTICLE,CONTAIN,
28/2022/nđ-cp,28/2022/nđ-cp_6,ARTICLE,CONTAIN,
28/2022/nđ-cp,28/2022/nđ-cp_7,ARTICLE,CONTAIN,
28/2022/nđ-cp_7,28/2022/nđ-cp_2,ARTICLE,GUIDE,
28/2022/nđ-cp,28/2022/nđ-cp_8,ARTICLE,CONTAIN,
28/2022/nđ-cp,28/2022/nđ-cp_9,ARTICLE,CONTAIN,
28/2022/nđ-cp,28/2022/nđ-cp_10,ARTICLE,CONTAIN,
28/2022/nđ-cp,28/2022/nđ-cp_11,ARTICLE,CONTAIN,
28/2022/nđ-cp,28/2022/nđ-cp_12,ARTICLE,CONTAIN,
28/2022/nđ-cp,28/2022/nđ-cp_13,ARTICLE,CONTAIN,
28/2022/nđ-cp,28/2022/nđ-cp_14,ARTICLE,CONTAIN,
28/2022/nđ-cp,28/2022/nđ-cp_15,ARTICLE,CONTAIN,
28/2022/nđ-cp,28/2022/nđ-cp_16,ARTICLE,CONTAIN,
28/2022/nđ-cp,28/2022/nđ-cp_17,ARTICLE,CONTAIN,
28/2022/nđ-cp,28/2022/nđ-cp_18,ARTICLE,CONTAIN,
28/2022/nđ-cp,28/2022/nđ-cp_19,ARTICLE,CONTAIN,
28/2022/nđ-cp,28/2022/nđ-cp_20,ARTICLE,CONTAIN,
28/2022/nđ-cp,28/2022/nđ-cp_21,ARTICLE,CONTAIN,
28/2022/nđ-cp,28/2022/nđ-cp_22,ARTICLE,CONTAIN,
28/2022/nđ-cp,28/2022/nđ-cp_23,ARTICLE,CONTAIN,
28/2022/nđ-cp,28/2022/nđ-cp_24,ARTICLE,CONTAIN,
28/2022/nđ-cp,28/2022/nđ-cp_25,ARTICLE,CONTAIN,
28/2022/nđ-cp,28/2022/nđ-cp_26,ARTICLE,CONTAIN,
28/2022/nđ-cp,28/2022/nđ-cp_27,ARTICLE,CONTAIN,
28/2022/nđ-cp,28/2022/nđ-cp_28,ARTICLE,CONTAIN,
28/2022/nđ-cp,28/2022/nđ-cp_29,ARTICLE,CONTAIN,
28/2022/nđ-cp,28/2022/nđ-cp_30,ARTICLE,CONTAIN,
28/2022/nđ-cp,28/2022/nđ-cp_31,ARTICLE,CONTAIN,
28/2022/nđ-cp,28/2022/nđ-cp_32,ARTICLE,CONTAIN,
28/2022/nđ-cp,28/2022/nđ-cp_33,ARTICLE,CONTAIN,
28/2022/nđ-cp,28/2022/nđ-cp_34,ARTICLE,CONTAIN,
28/2022/nđ-cp,28/2022/nđ-cp_35,ARTICLE,CONTAIN,
28/2022/nđ-cp,28/2022/nđ-cp_36,ARTICLE,CONTAIN,
28/2022/nđ-cp,28/2022/nđ-cp_37,ARTICLE,CONTAIN,
28/2022/nđ-cp,28/2022/nđ-cp_38,ARTICLE,CONTAIN,
28/2022/nđ-cp,28/2022/nđ-cp_39,ARTICLE,CONTAIN,
28/2022/nđ-cp,28/2022/nđ-cp_40,ARTICLE,CONTAIN,
28/2022/nđ-cp,28/2022/nđ-cp_41,ARTICLE,CONTAIN,
28/2022/nđ-cp,28/2022/nđ-cp_42,ARTICLE,CONTAIN,
12/2022/qđ-ttg,12/2022/qđ-ttg_1,ARTICLE,CONTAIN,
12/2022/qđ-ttg,12/2022/qđ-ttg_2,ARTICLE,CONTAIN,
12/2022/qđ-ttg,12/2022/qđ-ttg_3,ARTICLE,CONTAIN,
12/2022/qđ-ttg,12/2022/qđ-ttg_4,ARTICLE,CONTAIN,
12/2022/qđ-ttg_4,12/2022/qđ-ttg_3,ARTICLE,GUIDE,
12/2022/qđ-ttg,12/2022/qđ-ttg_5,ARTICLE,CONTAIN,
12/2022/qđ-ttg_5,12/2022/qđ-ttg_3,ARTICLE,GUIDE,
12/2022/qđ-ttg,12/2022/qđ-ttg_6,ARTICLE,CONTAIN,
12/2022/qđ-ttg_6,12/2022/qđ-ttg_4,ARTICLE,GUIDE,
12/2022/qđ-ttg,12/2022/qđ-ttg_7,ARTICLE,CONTAIN,
12/2022/qđ-ttg,12/2022/qđ-ttg_8,ARTICLE,CONTAIN,
04/2022/tt-nhnn,04/2022/tt-nhnn_1,ARTICLE,CONTAIN,
04/2022/tt-nhnn,04/2022/tt-nhnn_2,ARTICLE,CONTAIN,
04/2022/tt-nhnn,04/2022/tt-nhnn_3,ARTICLE,CONTAIN,
04/2022/tt-nhnn,04/2022/tt-nhnn_4,ARTICLE,CONTAIN,
04/2022/tt-nhnn_4,04/2022/tt-nhnn_5,ARTICLE,GUIDE,
04/2022/tt-nhnn,04/2022/tt-nhnn_5,ARTICLE,CONTAIN,
04/2022/tt-nhnn,04/2022/tt-nhnn_6,ARTICLE,CONTAIN,
04/2022/tt-nhnn,04/2022/tt-nhnn_7,ARTICLE,CONTAIN,
05/2022/tt-nhnn,05/2022/tt-nhnn_1,ARTICLE,CONTAIN,
05/2022/tt-nhnn,05/2022/tt-nhnn_2,ARTICLE,CONTAIN,
05/2022/tt-nhnn,05/2022/tt-nhnn_3,ARTICLE,CONTAIN,
06/2022/tt-nhnn,06/2022/tt-nhnn_1,ARTICLE,CONTAIN,
06/2022/tt-nhnn_1,50/2018/tt-nhnn_3,ARTICLE,AMEND,
06/2022/tt-nhnn_1,50/2018/tt-nhnn_4,ARTICLE,AMEND,
06/2022/tt-nhnn_1,50/2018/tt-nhnn_6,ARTICLE,AMEND,
06/2022/tt-nhnn_1,50/2018/tt-nhnn_7,ARTICLE,AMEND,
06/2022/tt-nhnn_1,50/2018/tt-nhnn_12,ARTICLE,AMEND,
06/2022/tt-nhnn_1,50/2018/tt-nhnn_17,ARTICLE,AMEND,
06/2022/tt-nhnn_1,50/2018/tt-nhnn_18,ARTICLE,AMEND,
06/2022/tt-nhnn_1,50/2018/tt-nhnn_19,ARTICLE,AMEND,
06/2022/tt-nhnn,06/2022/tt-nhnn_2,ARTICLE,CONTAIN,
06/2022/tt-nhnn,06/2022/tt-nhnn_3,ARTICLE,CONTAIN,
06/2022/tt-nhnn,06/2022/tt-nhnn_4,ARTICLE,CONTAIN,
07/2022/tt-nhnn,07/2022/tt-nhnn_1,ARTICLE,CONTAIN,
07/2022/tt-nhnn_1,07/2019/tt-nhnn_1,ARTICLE,AMEND,
07/2022/tt-nhnn_1,07/2019/tt-nhnn_7,ARTICLE,AMEND,
07/2022/tt-nhnn_1,07/2019/tt-nhnn_8,ARTICLE,AMEND,
07/2022/tt-nhnn,07/2022/tt-nhnn_2,ARTICLE,CONTAIN,
07/2022/tt-nhnn,07/2022/tt-nhnn_3,ARTICLE,CONTAIN,
09/2022/tt-nhnn,09/2022/tt-nhnn_1,ARTICLE,CONTAIN,
09/2022/tt-nhnn,09/2022/tt-nhnn_2,ARTICLE,CONTAIN,
09/2022/tt-nhnn,09/2022/tt-nhnn_3,ARTICLE,CONTAIN,
09/2022/tt-nhnn_3,09/2022/tt-nhnn_11,ARTICLE,GUIDE,
09/2022/tt-nhnn_3,09/2022/tt-nhnn_6,ARTICLE,GUIDE,
09/2022/tt-nhnn,09/2022/tt-nhnn_4,ARTICLE,CONTAIN,
09/2022/tt-nhnn_4,09/2022/tt-nhnn_3,ARTICLE,GUIDE,
09/2022/tt-nhnn,09/2022/tt-nhnn_5,ARTICLE,CONTAIN,
09/2022/tt-nhnn,09/2022/tt-nhnn_6,ARTICLE,CONTAIN,
09/2022/tt-nhnn_6,09/2022/tt-nhnn_8,ARTICLE,GUIDE,
09/2022/tt-nhnn_6,09/2022/tt-nhnn_7,ARTICLE,GUIDE,
09/2022/tt-nhnn,09/2022/tt-nhnn_7,ARTICLE,CONTAIN,
09/2022/tt-nhnn_7,09/2022/tt-nhnn_6,ARTICLE,GUIDE,
09/2022/tt-nhnn,09/2022/tt-nhnn_8,ARTICLE,CONTAIN,
09/2022/tt-nhnn_8,09/2022/tt-nhnn_6,ARTICLE,GUIDE,
09/2022/tt-nhnn,09/2022/tt-nhnn_9,ARTICLE,CONTAIN,
09/2022/tt-nhnn,09/2022/tt-nhnn_10,ARTICLE,CONTAIN,
09/2022/tt-nhnn,09/2022/tt-nhnn_11,ARTICLE,CONTAIN,
09/2022/tt-nhnn_11,09/2022/tt-nhnn_12,ARTICLE,GUIDE,
09/2022/tt-nhnn,09/2022/tt-nhnn_12,ARTICLE,CONTAIN,
09/2022/tt-nhnn_12,09/2022/tt-nhnn_3,ARTICLE,GUIDE,
09/2022/tt-nhnn_12,09/2022/tt-nhnn_5,ARTICLE,GUIDE,
09/2022/tt-nhnn,09/2022/tt-nhnn_13,ARTICLE,CONTAIN,
09/2022/tt-nhnn,09/2022/tt-nhnn_14,ARTICLE,CONTAIN,
09/2022/tt-nhnn,09/2022/tt-nhnn_15,ARTICLE,CONTAIN,
08/2022/tt-nhnn,08/2022/tt-nhnn_1,ARTICLE,CONTAIN,
08/2022/tt-nhnn,08/2022/tt-nhnn_2,ARTICLE,CONTAIN,
08/2022/tt-nhnn,08/2022/tt-nhnn_3,ARTICLE,CONTAIN,
08/2022/tt-nhnn,08/2022/tt-nhnn_4,ARTICLE,CONTAIN,
08/2022/tt-nhnn_4,46/2010/qh12_51,ARTICLE,GUIDE,
08/2022/tt-nhnn_4,26/2014/NĐ-CP_4,ARTICLE,GUIDE,
08/2022/tt-nhnn,08/2022/tt-nhnn_5,ARTICLE,CONTAIN,
08/2022/tt-nhnn,08/2022/tt-nhnn_6,ARTICLE,CONTAIN,
08/2022/tt-nhnn,08/2022/tt-nhnn_7,ARTICLE,CONTAIN,
08/2022/tt-nhnn,08/2022/tt-nhnn_8,ARTICLE,CONTAIN,
08/2022/tt-nhnn_8,08/2022/tt-nhnn_7,ARTICLE,GUIDE,
08/2022/tt-nhnn,08/2022/tt-nhnn_9,ARTICLE,CONTAIN,
08/2022/tt-nhnn_9,32/2024/qh15_50,ARTICLE,GUIDE,
08/2022/tt-nhnn_9,32/2024/qh15_89,ARTICLE,GUIDE,
08/2022/tt-nhnn_9,32/2024/qh15_93,ARTICLE,GUIDE,
08/2022/tt-nhnn_9,32/2024/qh15_126,ARTICLE,GUIDE,
08/2022/tt-nhnn_9,32/2024/qh15_127,ARTICLE,GUIDE,
08/2022/tt-nhnn_9,32/2024/qh15_128,ARTICLE,GUIDE,
08/2022/tt-nhnn_9,32/2024/qh15_129,ARTICLE,GUIDE,
08/2022/tt-nhnn_9,32/2024/qh15_130,ARTICLE,GUIDE,
08/2022/tt-nhnn,08/2022/tt-nhnn_10,ARTICLE,CONTAIN,
08/2022/tt-nhnn,08/2022/tt-nhnn_11,ARTICLE,CONTAIN,
08/2022/tt-nhnn,08/2022/tt-nhnn_12,ARTICLE,CONTAIN,
08/2022/tt-nhnn,08/2022/tt-nhnn_13,ARTICLE,CONTAIN,
08/2022/tt-nhnn,08/2022/tt-nhnn_14,ARTICLE,CONTAIN,
08/2022/tt-nhnn_14,08/2022/tt-nhnn_7,ARTICLE,GUIDE,
08/2022/tt-nhnn,08/2022/tt-nhnn_15,ARTICLE,CONTAIN,
08/2022/tt-nhnn,08/2022/tt-nhnn_16,ARTICLE,CONTAIN,
08/2022/tt-nhnn,08/2022/tt-nhnn_17,ARTICLE,CONTAIN,
08/2022/tt-nhnn,08/2022/tt-nhnn_18,ARTICLE,CONTAIN,
08/2022/tt-nhnn,08/2022/tt-nhnn_19,ARTICLE,CONTAIN,
08/2022/tt-nhnn,08/2022/tt-nhnn_20,ARTICLE,CONTAIN,
08/2022/tt-nhnn,08/2022/tt-nhnn_21,ARTICLE,CONTAIN,
08/2022/tt-nhnn_21,26/2014/NĐ-CP_25,ARTICLE,GUIDE,
08/2022/tt-nhnn,08/2022/tt-nhnn_22,ARTICLE,CONTAIN,
08/2022/tt-nhnn_22,08/2022/tt-nhnn_21,ARTICLE,GUIDE,
08/2022/tt-nhnn,08/2022/tt-nhnn_23,ARTICLE,CONTAIN,
08/2022/tt-nhnn_23,32/2024/qh15_130,ARTICLE,GUIDE,
08/2022/tt-nhnn_23,08/2022/tt-nhnn_12,ARTICLE,GUIDE,
08/2022/tt-nhnn,08/2022/tt-nhnn_24,ARTICLE,CONTAIN,
08/2022/tt-nhnn,08/2022/tt-nhnn_25,ARTICLE,CONTAIN,
08/2022/tt-nhnn,08/2022/tt-nhnn_26,ARTICLE,CONTAIN,
08/2022/tt-nhnn,08/2022/tt-nhnn_27,ARTICLE,CONTAIN,
08/2022/tt-nhnn,08/2022/tt-nhnn_28,ARTICLE,CONTAIN,
08/2022/tt-nhnn,08/2022/tt-nhnn_29,ARTICLE,CONTAIN,
08/2022/tt-nhnn_29,08/2022/tt-nhnn_7,ARTICLE,GUIDE,
08/2022/tt-nhnn_29,08/2022/tt-nhnn_14,ARTICLE,GUIDE,
08/2022/tt-nhnn,08/2022/tt-nhnn_30,ARTICLE,CONTAIN,
08/2022/tt-nhnn_30,08/2022/tt-nhnn_8,ARTICLE,GUIDE,
08/2022/tt-nhnn_30,08/2022/tt-nhnn_7,ARTICLE,GUIDE,
08/2022/tt-nhnn,08/2022/tt-nhnn_31,ARTICLE,CONTAIN,
10/2022/tt-nhnn,10/2022/tt-nhnn_1,ARTICLE,CONTAIN,
10/2022/tt-nhnn,10/2022/tt-nhnn_2,ARTICLE,CONTAIN,
10/2022/tt-nhnn,10/2022/tt-nhnn_3,ARTICLE,CONTAIN,
10/2022/tt-nhnn,10/2022/tt-nhnn_4,ARTICLE,CONTAIN,
10/2022/tt-nhnn,10/2022/tt-nhnn_5,ARTICLE,CONTAIN,
10/2022/tt-nhnn,10/2022/tt-nhnn_6,ARTICLE,CONTAIN,
10/2022/tt-nhnn,10/2022/tt-nhnn_7,ARTICLE,CONTAIN,
10/2022/tt-nhnn_7,10/2022/tt-nhnn_6,ARTICLE,GUIDE,
10/2022/tt-nhnn,10/2022/tt-nhnn_8,ARTICLE,CONTAIN,
10/2022/tt-nhnn_8,10/2022/tt-nhnn_7,ARTICLE,GUIDE,
10/2022/tt-nhnn,10/2022/tt-nhnn_9,ARTICLE,CONTAIN,
10/2022/tt-nhnn_9,10/2022/tt-nhnn_10,ARTICLE,GUIDE,
10/2022/tt-nhnn_9,10/2022/tt-nhnn_11,ARTICLE,GUIDE,
10/2022/tt-nhnn,10/2022/tt-nhnn_10,ARTICLE,CONTAIN,
10/2022/tt-nhnn,10/2022/tt-nhnn_11,ARTICLE,CONTAIN,
10/2022/tt-nhnn_11,10/2022/tt-nhnn_10,ARTICLE,GUIDE,
10/2022/tt-nhnn,10/2022/tt-nhnn_12,ARTICLE,CONTAIN,
10/2022/tt-nhnn_12,29/2015/tt-nhnn_12,ARTICLE,REPEAL,
10/2022/tt-nhnn,10/2022/tt-nhnn_13,ARTICLE,CONTAIN,
10/2022/tt-nhnn,10/2022/tt-nhnn_14,ARTICLE,CONTAIN,
12/2022/tt-nhnn,12/2022/tt-nhnn_1,ARTICLE,CONTAIN,
12/2022/tt-nhnn,12/2022/tt-nhnn_2,ARTICLE,CONTAIN,
12/2022/tt-nhnn,12/2022/tt-nhnn_3,ARTICLE,CONTAIN,
12/2022/tt-nhnn,12/2022/tt-nhnn_4,ARTICLE,CONTAIN,
12/2022/tt-nhnn,12/2022/tt-nhnn_5,ARTICLE,CONTAIN,
12/2022/tt-nhnn,12/2022/tt-nhnn_6,ARTICLE,CONTAIN,
12/2022/tt-nhnn,12/2022/tt-nhnn_7,ARTICLE,CONTAIN,
12/2022/tt-nhnn,12/2022/tt-nhnn_8,ARTICLE,CONTAIN,
12/2022/tt-nhnn_8,12/2022/tt-nhnn_10,ARTICLE,GUIDE,
12/2022/tt-nhnn,12/2022/tt-nhnn_9,ARTICLE,CONTAIN,
12/2022/tt-nhnn,12/2022/tt-nhnn_10,ARTICLE,CONTAIN,
12/2022/tt-nhnn,12/2022/tt-nhnn_11,ARTICLE,CONTAIN,
12/2022/tt-nhnn,12/2022/tt-nhnn_12,ARTICLE,CONTAIN,
12/2022/tt-nhnn_12,12/2022/tt-nhnn_11,ARTICLE,GUIDE,
12/2022/tt-nhnn_12,12/2022/tt-nhnn_34,ARTICLE,GUIDE,
12/2022/tt-nhnn,12/2022/tt-nhnn_13,ARTICLE,CONTAIN,
12/2022/tt-nhnn,12/2022/tt-nhnn_14,ARTICLE,CONTAIN,
12/2022/tt-nhnn,12/2022/tt-nhnn_15,ARTICLE,CONTAIN,
12/2022/tt-nhnn_15,12/2022/tt-nhnn_20,ARTICLE,GUIDE,
12/2022/tt-nhnn_15,12/2022/tt-nhnn_11,ARTICLE,GUIDE,
12/2022/tt-nhnn,12/2022/tt-nhnn_16,ARTICLE,CONTAIN,
12/2022/tt-nhnn_16,12/2022/tt-nhnn_11,ARTICLE,GUIDE,
12/2022/tt-nhnn_16,12/2022/tt-nhnn_15,ARTICLE,GUIDE,
12/2022/tt-nhnn_16,12/2022/tt-nhnn_34,ARTICLE,GUIDE,
12/2022/tt-nhnn,12/2022/tt-nhnn_17,ARTICLE,CONTAIN,
12/2022/tt-nhnn,12/2022/tt-nhnn_18,ARTICLE,CONTAIN,
12/2022/tt-nhnn_18,12/2022/tt-nhnn_20,ARTICLE,GUIDE,
12/2022/tt-nhnn,12/2022/tt-nhnn_19,ARTICLE,CONTAIN,
12/2022/tt-nhnn_19,12/2022/tt-nhnn_16,ARTICLE,GUIDE,
12/2022/tt-nhnn_19,12/2022/tt-nhnn_18,ARTICLE,GUIDE,
12/2022/tt-nhnn_19,12/2022/tt-nhnn_34,ARTICLE,GUIDE,
12/2022/tt-nhnn,12/2022/tt-nhnn_20,ARTICLE,CONTAIN,
12/2022/tt-nhnn,12/2022/tt-nhnn_21,ARTICLE,CONTAIN,
12/2022/tt-nhnn,12/2022/tt-nhnn_22,ARTICLE,CONTAIN,
12/2022/tt-nhnn,12/2022/tt-nhnn_23,ARTICLE,CONTAIN,
12/2022/tt-nhnn,12/2022/tt-nhnn_24,ARTICLE,CONTAIN,
12/2022/tt-nhnn,12/2022/tt-nhnn_25,ARTICLE,CONTAIN,
12/2022/tt-nhnn,12/2022/tt-nhnn_26,ARTICLE,CONTAIN,
12/2022/tt-nhnn_26,12/2022/tt-nhnn_28,ARTICLE,GUIDE,
12/2022/tt-nhnn_26,12/2022/tt-nhnn_29,ARTICLE,GUIDE,
12/2022/tt-nhnn,12/2022/tt-nhnn_27,ARTICLE,CONTAIN,
12/2022/tt-nhnn,12/2022/tt-nhnn_28,ARTICLE,CONTAIN,
12/2022/tt-nhnn,12/2022/tt-nhnn_29,ARTICLE,CONTAIN,
12/2022/tt-nhnn,12/2022/tt-nhnn_30,ARTICLE,CONTAIN,
12/2022/tt-nhnn_30,12/2022/tt-nhnn_11,ARTICLE,GUIDE,
12/2022/tt-nhnn,12/2022/tt-nhnn_31,ARTICLE,CONTAIN,
12/2022/tt-nhnn_31,12/2022/tt-nhnn_34,ARTICLE,GUIDE,
12/2022/tt-nhnn,12/2022/tt-nhnn_32,ARTICLE,CONTAIN,
12/2022/tt-nhnn_32,12/2022/tt-nhnn_11,ARTICLE,GUIDE,
12/2022/tt-nhnn_32,12/2022/tt-nhnn_24,ARTICLE,GUIDE,
12/2022/tt-nhnn,12/2022/tt-nhnn_33,ARTICLE,CONTAIN,
12/2022/tt-nhnn,12/2022/tt-nhnn_34,ARTICLE,CONTAIN,
12/2022/tt-nhnn,12/2022/tt-nhnn_35,ARTICLE,CONTAIN,
12/2022/tt-nhnn,12/2022/tt-nhnn_36,ARTICLE,CONTAIN,
12/2022/tt-nhnn,12/2022/tt-nhnn_37,ARTICLE,CONTAIN,
12/2022/tt-nhnn_37,12/2022/tt-nhnn_36,ARTICLE,GUIDE,
12/2022/tt-nhnn,12/2022/tt-nhnn_38,ARTICLE,CONTAIN,
12/2022/tt-nhnn,12/2022/tt-nhnn_39,ARTICLE,CONTAIN,
12/2022/tt-nhnn,12/2022/tt-nhnn_40,ARTICLE,CONTAIN,
12/2022/tt-nhnn,12/2022/tt-nhnn_41,ARTICLE,CONTAIN,
12/2022/tt-nhnn,12/2022/tt-nhnn_42,ARTICLE,CONTAIN,
12/2022/tt-nhnn,12/2022/tt-nhnn_43,ARTICLE,CONTAIN,
12/2022/tt-nhnn,12/2022/tt-nhnn_44,ARTICLE,CONTAIN,
12/2022/tt-nhnn,12/2022/tt-nhnn_45,ARTICLE,CONTAIN,
12/2022/tt-nhnn,12/2022/tt-nhnn_46,ARTICLE,CONTAIN,
12/2022/tt-nhnn_46,12/2022/tt-nhnn_10,ARTICLE,GUIDE,
12/2022/tt-nhnn,12/2022/tt-nhnn_47,ARTICLE,CONTAIN,
12/2022/tt-nhnn,12/2022/tt-nhnn_48,ARTICLE,CONTAIN,
12/2022/tt-nhnn,12/2022/tt-nhnn_49,ARTICLE,CONTAIN,
12/2022/tt-nhnn,12/2022/tt-nhnn_50,ARTICLE,CONTAIN,
12/2022/tt-nhnn,12/2022/tt-nhnn_51,ARTICLE,CONTAIN,
12/2022/tt-nhnn_51,12/2022/tt-nhnn_20,ARTICLE,GUIDE,
12/2022/tt-nhnn,12/2022/tt-nhnn_52,ARTICLE,CONTAIN,
14/2022/tt-nhnn,14/2022/tt-nhnn_1,ARTICLE,CONTAIN,
14/2022/tt-nhnn,14/2022/tt-nhnn_2,ARTICLE,CONTAIN,
14/2022/tt-nhnn,14/2022/tt-nhnn_3,ARTICLE,CONTAIN,
14/2022/tt-nhnn,14/2022/tt-nhnn_4,ARTICLE,CONTAIN,
14/2022/tt-nhnn,14/2022/tt-nhnn_5,ARTICLE,CONTAIN,
14/2022/tt-nhnn,14/2022/tt-nhnn_6,ARTICLE,CONTAIN,
14/2022/tt-nhnn,14/2022/tt-nhnn_7,ARTICLE,CONTAIN,
14/2022/tt-nhnn,14/2022/tt-nhnn_8,ARTICLE,CONTAIN,
14/2022/tt-nhnn,14/2022/tt-nhnn_9,ARTICLE,CONTAIN,
14/2022/tt-nhnn,14/2022/tt-nhnn_10,ARTICLE,CONTAIN,
14/2022/tt-nhnn,14/2022/tt-nhnn_11,ARTICLE,CONTAIN,
14/2022/tt-nhnn_11,14/2022/tt-nhnn_7,ARTICLE,GUIDE,
14/2022/tt-nhnn_11,14/2022/tt-nhnn_8,ARTICLE,GUIDE,
14/2022/tt-nhnn,14/2022/tt-nhnn_12,ARTICLE,CONTAIN,
15/2022/tt-nhnn,15/2022/tt-nhnn_1,ARTICLE,CONTAIN,
15/2022/tt-nhnn,15/2022/tt-nhnn_2,ARTICLE,CONTAIN,
15/2022/tt-nhnn_2,53/2013/NĐ-CP_4,ARTICLE,GUIDE,
15/2022/tt-nhnn,15/2022/tt-nhnn_3,ARTICLE,CONTAIN,
15/2022/tt-nhnn,15/2022/tt-nhnn_4,ARTICLE,CONTAIN,
15/2022/tt-nhnn_4,15/2022/tt-nhnn_10,ARTICLE,GUIDE,
15/2022/tt-nhnn,15/2022/tt-nhnn_5,ARTICLE,CONTAIN,
15/2022/tt-nhnn_5,15/2022/tt-nhnn_15,ARTICLE,GUIDE,
15/2022/tt-nhnn_5,32/2024/qh15_130,ARTICLE,GUIDE,
15/2022/tt-nhnn_5,15/2022/tt-nhnn_4,ARTICLE,GUIDE,
15/2022/tt-nhnn,15/2022/tt-nhnn_6,ARTICLE,CONTAIN,
15/2022/tt-nhnn,15/2022/tt-nhnn_7,ARTICLE,CONTAIN,
15/2022/tt-nhnn_7,15/2022/tt-nhnn_15,ARTICLE,GUIDE,
15/2022/tt-nhnn_7,15/2022/tt-nhnn_4,ARTICLE,GUIDE,
15/2022/tt-nhnn,15/2022/tt-nhnn_8,ARTICLE,CONTAIN,
15/2022/tt-nhnn_8,53/2013/NĐ-CP_20,ARTICLE,GUIDE,
15/2022/tt-nhnn,15/2022/tt-nhnn_9,ARTICLE,CONTAIN,
15/2022/tt-nhnn,15/2022/tt-nhnn_10,ARTICLE,CONTAIN,
15/2022/tt-nhnn_10,15/2022/tt-nhnn_7,ARTICLE,GUIDE,
15/2022/tt-nhnn,15/2022/tt-nhnn_11,ARTICLE,CONTAIN,
15/2022/tt-nhnn_11,15/2022/tt-nhnn_5,ARTICLE,GUIDE,
15/2022/tt-nhnn_11,15/2022/tt-nhnn_7,ARTICLE,GUIDE,
15/2022/tt-nhnn_11,15/2022/tt-nhnn_10,ARTICLE,GUIDE,
15/2022/tt-nhnn,15/2022/tt-nhnn_12,ARTICLE,CONTAIN,
15/2022/tt-nhnn_12,15/2022/tt-nhnn_4,ARTICLE,GUIDE,
15/2022/tt-nhnn_12,15/2022/tt-nhnn_15,ARTICLE,GUIDE,
15/2022/tt-nhnn_12,15/2022/tt-nhnn_18,ARTICLE,GUIDE,
15/2022/tt-nhnn,15/2022/tt-nhnn_13,ARTICLE,CONTAIN,
15/2022/tt-nhnn_13,15/2022/tt-nhnn_12,ARTICLE,GUIDE,
15/2022/tt-nhnn_13,15/2022/tt-nhnn_8,ARTICLE,GUIDE,
15/2022/tt-nhnn,15/2022/tt-nhnn_14,ARTICLE,CONTAIN,
15/2022/tt-nhnn,15/2022/tt-nhnn_15,ARTICLE,CONTAIN,
15/2022/tt-nhnn_15,15/2022/tt-nhnn_18,ARTICLE,GUIDE,
15/2022/tt-nhnn,15/2022/tt-nhnn_16,ARTICLE,CONTAIN,
15/2022/tt-nhnn_16,15/2022/tt-nhnn_12,ARTICLE,GUIDE,
15/2022/tt-nhnn,15/2022/tt-nhnn_17,ARTICLE,CONTAIN,
15/2022/tt-nhnn_17,15/2022/tt-nhnn_12,ARTICLE,GUIDE,
15/2022/tt-nhnn_17,15/2022/tt-nhnn_13,ARTICLE,GUIDE,
15/2022/tt-nhnn_17,15/2022/tt-nhnn_18,ARTICLE,GUIDE,
15/2022/tt-nhnn_17,15/2022/tt-nhnn_4,ARTICLE,GUIDE,
15/2022/tt-nhnn,15/2022/tt-nhnn_18,ARTICLE,CONTAIN,
15/2022/tt-nhnn_18,53/2013/NĐ-CP_20,ARTICLE,GUIDE,
15/2022/tt-nhnn_18,15/2022/tt-nhnn_13,ARTICLE,GUIDE,
15/2022/tt-nhnn_18,15/2022/tt-nhnn_15,ARTICLE,GUIDE,
15/2022/tt-nhnn_18,15/2022/tt-nhnn_12,ARTICLE,GUIDE,
15/2022/tt-nhnn,15/2022/tt-nhnn_19,ARTICLE,CONTAIN,
15/2022/tt-nhnn,15/2022/tt-nhnn_20,ARTICLE,CONTAIN,
16/2022/tt-nhnn,16/2022/tt-nhnn_1,ARTICLE,CONTAIN,
16/2022/tt-nhnn,16/2022/tt-nhnn_2,ARTICLE,CONTAIN,
16/2022/tt-nhnn,16/2022/tt-nhnn_3,ARTICLE,CONTAIN,
16/2022/tt-nhnn,16/2022/tt-nhnn_4,ARTICLE,CONTAIN,
16/2022/tt-nhnn,16/2022/tt-nhnn_5,ARTICLE,CONTAIN,
16/2022/tt-nhnn,16/2022/tt-nhnn_6,ARTICLE,CONTAIN,
16/2022/tt-nhnn_6,16/2022/tt-nhnn,ARTICLE,GUIDE,
16/2022/tt-nhnn,16/2022/tt-nhnn_7,ARTICLE,CONTAIN,
16/2022/tt-nhnn_7,16/2022/tt-nhnn_6,ARTICLE,GUIDE,
16/2022/tt-nhnn,16/2022/tt-nhnn_8,ARTICLE,CONTAIN,
16/2022/tt-nhnn,16/2022/tt-nhnn_9,ARTICLE,CONTAIN,
16/2022/tt-nhnn_9,16/2022/tt-nhnn_11,ARTICLE,GUIDE,
16/2022/tt-nhnn_9,16/2022/tt-nhnn_12,ARTICLE,GUIDE,
16/2022/tt-nhnn_9,16/2022/tt-nhnn_14,ARTICLE,GUIDE,
16/2022/tt-nhnn_9,16/2022/tt-nhnn_15,ARTICLE,GUIDE,
16/2022/tt-nhnn_9,16/2022/tt-nhnn_16,ARTICLE,GUIDE,
16/2022/tt-nhnn_9,16/2022/tt-nhnn_17,ARTICLE,GUIDE,
16/2022/tt-nhnn_9,16/2022/tt-nhnn_18,ARTICLE,GUIDE,
16/2022/tt-nhnn,16/2022/tt-nhnn_10,ARTICLE,CONTAIN,
16/2022/tt-nhnn_10,16/2022/tt-nhnn_11,ARTICLE,GUIDE,
16/2022/tt-nhnn,16/2022/tt-nhnn_11,ARTICLE,CONTAIN,
16/2022/tt-nhnn,16/2022/tt-nhnn_12,ARTICLE,CONTAIN,
16/2022/tt-nhnn,16/2022/tt-nhnn_13,ARTICLE,CONTAIN,
16/2022/tt-nhnn,16/2022/tt-nhnn_14,ARTICLE,CONTAIN,
16/2022/tt-nhnn,16/2022/tt-nhnn_15,ARTICLE,CONTAIN,
16/2022/tt-nhnn,16/2022/tt-nhnn_16,ARTICLE,CONTAIN,
16/2022/tt-nhnn,16/2022/tt-nhnn_17,ARTICLE,CONTAIN,
16/2022/tt-nhnn,16/2022/tt-nhnn_18,ARTICLE,CONTAIN,
16/2022/tt-nhnn,16/2022/tt-nhnn_19,ARTICLE,CONTAIN,
16/2022/tt-nhnn,16/2022/tt-nhnn_20,ARTICLE,CONTAIN,
16/2022/tt-nhnn,16/2022/tt-nhnn_21,ARTICLE,CONTAIN,
16/2022/tt-nhnn_21,16/2022/tt-nhnn_2,ARTICLE,GUIDE,
16/2022/tt-nhnn,16/2022/tt-nhnn_22,ARTICLE,CONTAIN,
14/2022/qh15,14/2022/qh15_1,ARTICLE,CONTAIN,
14/2022/qh15,14/2022/qh15_2,ARTICLE,CONTAIN,
14/2022/qh15,14/2022/qh15_3,ARTICLE,CONTAIN,
14/2022/qh15,14/2022/qh15_4,ARTICLE,CONTAIN,
14/2022/qh15,14/2022/qh15_5,ARTICLE,CONTAIN,
14/2022/qh15,14/2022/qh15_6,ARTICLE,CONTAIN,
14/2022/qh15,14/2022/qh15_7,ARTICLE,CONTAIN,
14/2022/qh15,14/2022/qh15_8,ARTICLE,CONTAIN,
14/2022/qh15,14/2022/qh15_9,ARTICLE,CONTAIN,
14/2022/qh15_9,14/2022/qh15_10,ARTICLE,GUIDE,
14/2022/qh15_9,14/2022/qh15_11,ARTICLE,GUIDE,
14/2022/qh15_9,14/2022/qh15_12,ARTICLE,GUIDE,
14/2022/qh15_9,14/2022/qh15_13,ARTICLE,GUIDE,
14/2022/qh15_9,14/2022/qh15_14,ARTICLE,GUIDE,
14/2022/qh15_9,14/2022/qh15_4,ARTICLE,GUIDE,
14/2022/qh15,14/2022/qh15_10,ARTICLE,CONTAIN,
14/2022/qh15,14/2022/qh15_11,ARTICLE,CONTAIN,
14/2022/qh15,14/2022/qh15_12,ARTICLE,CONTAIN,
14/2022/qh15_12,14/2022/qh15_13,ARTICLE,GUIDE,
14/2022/qh15_12,14/2022/qh15_14,ARTICLE,GUIDE,
14/2022/qh15,14/2022/qh15_13,ARTICLE,CONTAIN,
14/2022/qh15_13,14/2022/qh15_14,ARTICLE,GUIDE,
14/2022/qh15,14/2022/qh15_14,ARTICLE,CONTAIN,
14/2022/qh15_14,14/2022/qh15_9,ARTICLE,GUIDE,
14/2022/qh15_14,14/2022/qh15_17,ARTICLE,GUIDE,
14/2022/qh15_14,14/2022/qh15_38,ARTICLE,GUIDE,
14/2022/qh15_14,14/2022/qh15_40,ARTICLE,GUIDE,
14/2022/qh15,14/2022/qh15_15,ARTICLE,CONTAIN,
14/2022/qh15,14/2022/qh15_16,ARTICLE,CONTAIN,
14/2022/qh15_16,14/2022/qh15_15,ARTICLE,GUIDE,
14/2022/qh15_16,14/2022/qh15_9,ARTICLE,GUIDE,
14/2022/qh15,14/2022/qh15_17,ARTICLE,CONTAIN,
14/2022/qh15,14/2022/qh15_18,ARTICLE,CONTAIN,
14/2022/qh15,14/2022/qh15_19,ARTICLE,CONTAIN,
14/2022/qh15,14/2022/qh15_20,ARTICLE,CONTAIN,
14/2022/qh15_20,14/2022/qh15_16,ARTICLE,GUIDE,
14/2022/qh15,14/2022/qh15_21,ARTICLE,CONTAIN,
14/2022/qh15,14/2022/qh15_22,ARTICLE,CONTAIN,
14/2022/qh15,14/2022/qh15_23,ARTICLE,CONTAIN,
14/2022/qh15,14/2022/qh15_24,ARTICLE,CONTAIN,
14/2022/qh15_24,14/2022/qh15_16,ARTICLE,GUIDE,
14/2022/qh15_24,14/2022/qh15_19,ARTICLE,GUIDE,
14/2022/qh15_24,14/2022/qh15_34,ARTICLE,GUIDE,
14/2022/qh15,14/2022/qh15_25,ARTICLE,CONTAIN,
14/2022/qh15,14/2022/qh15_26,ARTICLE,CONTAIN,
14/2022/qh15,14/2022/qh15_27,ARTICLE,CONTAIN,
14/2022/qh15,14/2022/qh15_28,ARTICLE,CONTAIN,
14/2022/qh15,14/2022/qh15_29,ARTICLE,CONTAIN,
14/2022/qh15,14/2022/qh15_30,ARTICLE,CONTAIN,
14/2022/qh15,14/2022/qh15_31,ARTICLE,CONTAIN,
14/2022/qh15,14/2022/qh15_32,ARTICLE,CONTAIN,
14/2022/qh15,14/2022/qh15_33,ARTICLE,CONTAIN,
14/2022/qh15,14/2022/qh15_34,ARTICLE,CONTAIN,
14/2022/qh15,14/2022/qh15_35,ARTICLE,CONTAIN,
14/2022/qh15,14/2022/qh15_36,ARTICLE,CONTAIN,
14/2022/qh15_36,14/2022/qh15_25,ARTICLE,GUIDE,
14/2022/qh15_36,14/2022/qh15_26,ARTICLE,GUIDE,
14/2022/qh15_36,14/2022/qh15_34,ARTICLE,GUIDE,
14/2022/qh15,14/2022/qh15_37,ARTICLE,CONTAIN,
14/2022/qh15_37,14/2022/qh15_25,ARTICLE,GUIDE,
14/2022/qh15_37,14/2022/qh15_26,ARTICLE,GUIDE,
14/2022/qh15_37,14/2022/qh15_34,ARTICLE,GUIDE,
14/2022/qh15,14/2022/qh15_38,ARTICLE,CONTAIN,
14/2022/qh15_38,14/2022/qh15_25,ARTICLE,GUIDE,
14/2022/qh15_38,14/2022/qh15_26,ARTICLE,GUIDE,
14/2022/qh15_38,14/2022/qh15_34,ARTICLE,GUIDE,
14/2022/qh15,14/2022/qh15_39,ARTICLE,CONTAIN,
14/2022/qh15_39,14/2022/qh15_38,ARTICLE,GUIDE,
14/2022/qh15,14/2022/qh15_40,ARTICLE,CONTAIN,
14/2022/qh15,14/2022/qh15_41,ARTICLE,CONTAIN,
14/2022/qh15,14/2022/qh15_42,ARTICLE,CONTAIN,
14/2022/qh15,14/2022/qh15_43,ARTICLE,CONTAIN,
14/2022/qh15,14/2022/qh15_44,ARTICLE,CONTAIN,
14/2022/qh15,14/2022/qh15_45,ARTICLE,CONTAIN,
14/2022/qh15,14/2022/qh15_46,ARTICLE,CONTAIN,
14/2022/qh15,14/2022/qh15_47,ARTICLE,CONTAIN,
14/2022/qh15,14/2022/qh15_48,ARTICLE,CONTAIN,
14/2022/qh15_48,14/2022/qh15_7,ARTICLE,GUIDE,
14/2022/qh15_48,14/2022/qh15_25,ARTICLE,GUIDE,
14/2022/qh15_48,14/2022/qh15_26,ARTICLE,GUIDE,
14/2022/qh15_48,14/2022/qh15_34,ARTICLE,GUIDE,
14/2022/qh15,14/2022/qh15_49,ARTICLE,CONTAIN,
14/2022/qh15_49,14/2022/qh15_7,ARTICLE,GUIDE,
14/2022/qh15,14/2022/qh15_50,ARTICLE,CONTAIN,
14/2022/qh15_50,14/2022/qh15_7,ARTICLE,GUIDE,
14/2022/qh15,14/2022/qh15_51,ARTICLE,CONTAIN,
14/2022/qh15_51,14/2022/qh15_7,ARTICLE,GUIDE,
14/2022/qh15,14/2022/qh15_52,ARTICLE,CONTAIN,
14/2022/qh15_52,14/2022/qh15_7,ARTICLE,GUIDE,
14/2022/qh15,14/2022/qh15_53,ARTICLE,CONTAIN,
14/2022/qh15_53,14/2022/qh15_7,ARTICLE,GUIDE,
14/2022/qh15,14/2022/qh15_54,ARTICLE,CONTAIN,
14/2022/qh15_54,14/2022/qh15_7,ARTICLE,GUIDE,
14/2022/qh15,14/2022/qh15_55,ARTICLE,CONTAIN,
14/2022/qh15_55,14/2022/qh15_7,ARTICLE,GUIDE,
14/2022/qh15,14/2022/qh15_56,ARTICLE,CONTAIN,
14/2022/qh15_56,14/2022/qh15_7,ARTICLE,GUIDE,
14/2022/qh15,14/2022/qh15_57,ARTICLE,CONTAIN,
14/2022/qh15_57,14/2022/qh15_7,ARTICLE,GUIDE,
14/2022/qh15,14/2022/qh15_58,ARTICLE,CONTAIN,
14/2022/qh15_58,14/2022/qh15_7,ARTICLE,GUIDE,
14/2022/qh15,14/2022/qh15_59,ARTICLE,CONTAIN,
14/2022/qh15_59,14/2022/qh15_7,ARTICLE,GUIDE,
14/2022/qh15,14/2022/qh15_60,ARTICLE,CONTAIN,
14/2022/qh15_60,14/2022/qh15_7,ARTICLE,GUIDE,
14/2022/qh15,14/2022/qh15_61,ARTICLE,CONTAIN,
14/2022/qh15_61,14/2022/qh15_7,ARTICLE,GUIDE,
14/2022/qh15,14/2022/qh15_62,ARTICLE,CONTAIN,
14/2022/qh15,14/2022/qh15_63,ARTICLE,CONTAIN,
14/2022/qh15_63,14/2022/qh15_6,ARTICLE,GUIDE,
14/2022/qh15,14/2022/qh15_64,ARTICLE,CONTAIN,
14/2022/qh15_64,46/2010/qh12_49,ARTICLE,AMEND,
14/2022/qh15_64,28/2013/qh13_34,ARTICLE,AMEND,
14/2022/qh15_64,28/2013/qh13_35,ARTICLE,AMEND,
14/2022/qh15_64,28/2013/qh13_24,ARTICLE,GUIDE,
14/2022/qh15_64,14/2022/qh15_35,ARTICLE,GUIDE,
14/2022/qh15,14/2022/qh15_65,ARTICLE,CONTAIN,
14/2022/qh15,14/2022/qh15_66,ARTICLE,CONTAIN,
14/2022/qh15_66,14/2022/qh15_64,ARTICLE,GUIDE,
17/2022/tt-nhnn,17/2022/tt-nhnn_1,ARTICLE,CONTAIN,
17/2022/tt-nhnn_1,17/2022/tt-nhnn,ARTICLE,GUIDE,
17/2022/tt-nhnn,17/2022/tt-nhnn_2,ARTICLE,CONTAIN,
17/2022/tt-nhnn,17/2022/tt-nhnn_3,ARTICLE,CONTAIN,
17/2022/tt-nhnn,17/2022/tt-nhnn_4,ARTICLE,CONTAIN,
17/2022/tt-nhnn,17/2022/tt-nhnn_5,ARTICLE,CONTAIN,
17/2022/tt-nhnn,17/2022/tt-nhnn_6,ARTICLE,CONTAIN,
17/2022/tt-nhnn,17/2022/tt-nhnn_7,ARTICLE,CONTAIN,
17/2022/tt-nhnn,17/2022/tt-nhnn_8,ARTICLE,CONTAIN,
18/2022/tt-nhnn,18/2022/tt-nhnn_1,ARTICLE,CONTAIN,
18/2022/tt-nhnn_1,09/2015/tt-nhnn_3,ARTICLE,AMEND,
18/2022/tt-nhnn_1,09/2015/tt-nhnn_5,ARTICLE,AMEND,
18/2022/tt-nhnn_1,09/2015/tt-nhnn_7,ARTICLE,AMEND,
18/2022/tt-nhnn_1,09/2015/tt-nhnn_10,ARTICLE,AMEND,
18/2022/tt-nhnn_1,09/2015/tt-nhnn_11,ARTICLE,AMEND,
18/2022/tt-nhnn_1,09/2015/tt-nhnn_12,ARTICLE,AMEND,
18/2022/tt-nhnn_1,09/2015/tt-nhnn_14,ARTICLE,AMEND,
18/2022/tt-nhnn_1,09/2015/tt-nhnn_15,ARTICLE,AMEND,
18/2022/tt-nhnn_1,09/2015/tt-nhnn_20,ARTICLE,AMEND,
18/2022/tt-nhnn_1,09/2015/tt-nhnn_21,ARTICLE,AMEND,
18/2022/tt-nhnn_1,32/2024/qh15_146,ARTICLE,GUIDE,
18/2022/tt-nhnn_1,32/2024/qh15_148,ARTICLE,GUIDE,
18/2022/tt-nhnn,18/2022/tt-nhnn_2,ARTICLE,CONTAIN,
18/2022/tt-nhnn_2,09/2015/tt-nhnn_3,ARTICLE,REPLACE,
18/2022/tt-nhnn_2,09/2015/tt-nhnn_14,ARTICLE,REPLACE,
18/2022/tt-nhnn,18/2022/tt-nhnn_3,ARTICLE,CONTAIN,
18/2022/tt-nhnn,18/2022/tt-nhnn_4,ARTICLE,CONTAIN,
18/2022/tt-nhnn,18/2022/tt-nhnn_5,ARTICLE,CONTAIN,
19/2022/tt-nhnn,19/2022/tt-nhnn_1,ARTICLE,CONTAIN,
19/2022/tt-nhnn,19/2022/tt-nhnn_2,ARTICLE,CONTAIN,
19/2022/tt-nhnn,19/2022/tt-nhnn_3,ARTICLE,CONTAIN,
19/2022/tt-nhnn_3,62/2020/NĐ-CP_3,ARTICLE,GUIDE,
19/2022/tt-nhnn_3,62/2020/NĐ-CP_4,ARTICLE,GUIDE,
19/2022/tt-nhnn,19/2022/tt-nhnn_4,ARTICLE,CONTAIN,
19/2022/tt-nhnn_4,19/2022/tt-nhnn_2,ARTICLE,GUIDE,
19/2022/tt-nhnn,19/2022/tt-nhnn_5,ARTICLE,CONTAIN,
19/2022/tt-nhnn_5,19/2022/tt-nhnn_2,ARTICLE,GUIDE,
19/2022/tt-nhnn,19/2022/tt-nhnn_6,ARTICLE,CONTAIN,
19/2022/tt-nhnn,19/2022/tt-nhnn_7,ARTICLE,CONTAIN,
21/2022/tt-nhnn,21/2022/tt-nhnn_1,ARTICLE,CONTAIN,
21/2022/tt-nhnn,21/2022/tt-nhnn_2,ARTICLE,CONTAIN,
21/2022/tt-nhnn,21/2022/tt-nhnn_3,ARTICLE,CONTAIN,
21/2022/tt-nhnn_3,106/2020/NĐ-CP_3,ARTICLE,GUIDE,
21/2022/tt-nhnn_3,106/2020/NĐ-CP_4,ARTICLE,GUIDE,
21/2022/tt-nhnn,21/2022/tt-nhnn_4,ARTICLE,CONTAIN,
21/2022/tt-nhnn,21/2022/tt-nhnn_5,ARTICLE,CONTAIN,
21/2022/tt-nhnn,21/2022/tt-nhnn_6,ARTICLE,CONTAIN,
21/2022/tt-nhnn,21/2022/tt-nhnn_7,ARTICLE,CONTAIN,
21/2022/tt-nhnn,21/2022/tt-nhnn_8,ARTICLE,CONTAIN,
20/2022/tt-nhnn,20/2022/tt-nhnn_1,ARTICLE,CONTAIN,
20/2022/tt-nhnn_1,70/2014/NĐ-CP_7,ARTICLE,GUIDE,
20/2022/tt-nhnn,20/2022/tt-nhnn_2,ARTICLE,CONTAIN,
20/2022/tt-nhnn,20/2022/tt-nhnn_3,ARTICLE,CONTAIN,
20/2022/tt-nhnn,20/2022/tt-nhnn_4,ARTICLE,CONTAIN,
20/2022/tt-nhnn,20/2022/tt-nhnn_5,ARTICLE,CONTAIN,
20/2022/tt-nhnn_5,20/2022/tt-nhnn_4,ARTICLE,GUIDE,
20/2022/tt-nhnn,20/2022/tt-nhnn_6,ARTICLE,CONTAIN,
20/2022/tt-nhnn_6,20/2022/tt-nhnn_4,ARTICLE,GUIDE,
20/2022/tt-nhnn,20/2022/tt-nhnn_7,ARTICLE,CONTAIN,
20/2022/tt-nhnn_7,20/2022/tt-nhnn_4,ARTICLE,GUIDE,
20/2022/tt-nhnn_7,20/2022/tt-nhnn_6,ARTICLE,GUIDE,
20/2022/tt-nhnn,20/2022/tt-nhnn_8,ARTICLE,CONTAIN,
20/2022/tt-nhnn_8,20/2022/tt-nhnn_4,ARTICLE,GUIDE,
20/2022/tt-nhnn,20/2022/tt-nhnn_9,ARTICLE,CONTAIN,
20/2022/tt-nhnn,20/2022/tt-nhnn_10,ARTICLE,CONTAIN,
20/2022/tt-nhnn_10,20/2022/tt-nhnn_9,ARTICLE,GUIDE,
20/2022/tt-nhnn,20/2022/tt-nhnn_11,ARTICLE,CONTAIN,
20/2022/tt-nhnn_11,70/2014/NĐ-CP_7,ARTICLE,GUIDE,
20/2022/tt-nhnn,20/2022/tt-nhnn_12,ARTICLE,CONTAIN,
20/2022/tt-nhnn_12,70/2014/NĐ-CP_7,ARTICLE,GUIDE,
20/2022/tt-nhnn_12,20/2022/tt-nhnn,ARTICLE,GUIDE,
20/2022/tt-nhnn,20/2022/tt-nhnn_13,ARTICLE,CONTAIN,
20/2022/tt-nhnn_13,70/2014/NĐ-CP_7,ARTICLE,GUIDE,
20/2022/tt-nhnn,20/2022/tt-nhnn_14,ARTICLE,CONTAIN,
20/2022/tt-nhnn,20/2022/tt-nhnn_15,ARTICLE,CONTAIN,
20/2022/tt-nhnn_15,20/2022/tt-nhnn_4,ARTICLE,GUIDE,
20/2022/tt-nhnn,20/2022/tt-nhnn_16,ARTICLE,CONTAIN,
20/2022/tt-nhnn,20/2022/tt-nhnn_17,ARTICLE,CONTAIN,
20/2022/tt-nhnn_17,20/2022/tt-nhnn_16,ARTICLE,GUIDE,
20/2022/tt-nhnn_17,20/2022/tt-nhnn_4,ARTICLE,GUIDE,
20/2022/tt-nhnn,20/2022/tt-nhnn_18,ARTICLE,CONTAIN,
20/2022/tt-nhnn_18,02/2021/tt-nhnn_17,ARTICLE,AMEND,
20/2022/tt-nhnn_18,15/2011/tt-nhnn_5,ARTICLE,AMEND,
20/2022/tt-nhnn_18,16/2014/tt-nhnn_3,ARTICLE,AMEND,
20/2022/tt-nhnn_18,24/2018/tt-nhnn_1,ARTICLE,REPEAL,
20/2022/tt-nhnn_18,70/2014/nd-cp_7,ARTICLE,GUIDE,
20/2022/tt-nhnn,20/2022/tt-nhnn_19,ARTICLE,CONTAIN,
23/2022/tt-nhnn,23/2022/tt-nhnn_1,ARTICLE,CONTAIN,
23/2022/tt-nhnn_1,28/2016/tt-nhnn_12,ARTICLE,AMEND,
23/2022/tt-nhnn_1,28/2016/tt-nhnn_19,ARTICLE,AMEND,
23/2022/tt-nhnn_1,28/2016/tt-nhnn_20,ARTICLE,AMEND,
23/2022/tt-nhnn_1,28/2016/tt-nhnn_36,ARTICLE,AMEND,
23/2022/tt-nhnn_1,23/2022/tt-nhnn_11,ARTICLE,GUIDE,
23/2022/tt-nhnn_1,23/2022/tt-nhnn_12,ARTICLE,GUIDE,
23/2022/tt-nhnn_1,23/2022/tt-nhnn_4,ARTICLE,GUIDE,
23/2022/tt-nhnn,23/2022/tt-nhnn_2,ARTICLE,CONTAIN,
23/2022/tt-nhnn_2,17/2004/QĐ-NHNN_8,ARTICLE,AMEND,
23/2022/tt-nhnn,23/2022/tt-nhnn_3,ARTICLE,CONTAIN,
23/2022/tt-nhnn,23/2022/tt-nhnn_4,ARTICLE,CONTAIN,
24/2022/tt-nhnn,24/2022/tt-nhnn_1,ARTICLE,CONTAIN,
24/2022/tt-nhnn_1,16/2012/tt-nhnn_16,ARTICLE,AMEND,
24/2022/tt-nhnn_1,16/2012/tt-nhnn_17,ARTICLE,AMEND,
24/2022/tt-nhnn_1,16/2012/tt-nhnn_18,ARTICLE,AMEND,
24/2022/tt-nhnn_1,16/2012/tt-nhnn_8,ARTICLE,REPEAL,
24/2022/tt-nhnn_1,16/2012/tt-nhnn_9,ARTICLE,REPEAL,
24/2022/tt-nhnn_1,16/2012/tt-nhnn_10,ARTICLE,REPEAL,
24/2022/tt-nhnn_1,16/2012/tt-nhnn_11,ARTICLE,REPEAL,
24/2022/tt-nhnn_1,16/2012/tt-nhnn_8,ARTICLE,GUIDE,
24/2022/tt-nhnn_1,16/2012/tt-nhnn_10,ARTICLE,GUIDE,
24/2022/tt-nhnn_1,16/2012/tt-nhnn_11,ARTICLE,GUIDE,
24/2022/tt-nhnn,24/2022/tt-nhnn_2,ARTICLE,CONTAIN,
24/2022/tt-nhnn_2,34/2015/tt-nhnn_9,ARTICLE,AMEND,
24/2022/tt-nhnn_2,34/2015/tt-nhnn_12,ARTICLE,AMEND,
24/2022/tt-nhnn_2,34/2015/tt-nhnn_15,ARTICLE,AMEND,
24/2022/tt-nhnn_2,34/2015/tt-nhnn_11,ARTICLE,REPEAL,
24/2022/tt-nhnn_2,34/2015/tt-nhnn_14,ARTICLE,REPEAL,
24/2022/tt-nhnn,24/2022/tt-nhnn_3,ARTICLE,CONTAIN,
24/2022/tt-nhnn_3,12/2016/tt-nhnn_10,ARTICLE,AMEND,
24/2022/tt-nhnn_3,12/2016/tt-nhnn_13,ARTICLE,AMEND,
24/2022/tt-nhnn_3,24/2022/tt-nhnn_8,ARTICLE,GUIDE,
24/2022/tt-nhnn_3,24/2022/tt-nhnn_9,ARTICLE,GUIDE,
24/2022/tt-nhnn_3,24/2022/tt-nhnn_12,ARTICLE,GUIDE,
24/2022/tt-nhnn,24/2022/tt-nhnn_4,ARTICLE,CONTAIN,
24/2022/tt-nhnn,24/2022/tt-nhnn_5,ARTICLE,CONTAIN,
24/2022/tt-nhnn_5,38/2015/tt-nhnn_1,ARTICLE,REPEAL,
24/2022/tt-nhnn_5,15/2021/tt-nhnn_1,ARTICLE,REPEAL,
25/2022/tt-nhnn,25/2022/tt-nhnn_1,ARTICLE,CONTAIN,
25/2022/tt-nhnn,25/2022/tt-nhnn_2,ARTICLE,CONTAIN,
25/2022/tt-nhnn,25/2022/tt-nhnn_3,ARTICLE,CONTAIN,
25/2022/tt-nhnn,25/2022/tt-nhnn_4,ARTICLE,CONTAIN,
25/2022/tt-nhnn,25/2022/tt-nhnn_5,ARTICLE,CONTAIN,
25/2022/tt-nhnn,25/2022/tt-nhnn_6,ARTICLE,CONTAIN,
25/2022/tt-nhnn,25/2022/tt-nhnn_7,ARTICLE,CONTAIN,
25/2022/tt-nhnn,25/2022/tt-nhnn_8,ARTICLE,CONTAIN,
25/2022/tt-nhnn,25/2022/tt-nhnn_9,ARTICLE,CONTAIN,
25/2022/tt-nhnn_9,25/2022/tt-nhnn_5,ARTICLE,GUIDE,
25/2022/tt-nhnn,25/2022/tt-nhnn_10,ARTICLE,CONTAIN,
25/2022/tt-nhnn,25/2022/tt-nhnn_11,ARTICLE,CONTAIN,
25/2022/tt-nhnn,25/2022/tt-nhnn_12,ARTICLE,CONTAIN,
25/2022/tt-nhnn,25/2022/tt-nhnn_13,ARTICLE,CONTAIN,
25/2022/tt-nhnn,25/2022/tt-nhnn_14,ARTICLE,CONTAIN,
25/2022/tt-nhnn,25/2022/tt-nhnn_15,ARTICLE,CONTAIN,
25/2022/tt-nhnn,25/2022/tt-nhnn_16,ARTICLE,CONTAIN,
25/2022/tt-nhnn,25/2022/tt-nhnn_17,ARTICLE,CONTAIN,
25/2022/tt-nhnn,25/2022/tt-nhnn_18,ARTICLE,CONTAIN,
25/2022/tt-nhnn,25/2022/tt-nhnn_19,ARTICLE,CONTAIN,
25/2022/tt-nhnn,25/2022/tt-nhnn_20,ARTICLE,CONTAIN,
25/2022/tt-nhnn_20,25/2022/tt-nhnn_21,ARTICLE,GUIDE,
25/2022/tt-nhnn,25/2022/tt-nhnn_21,ARTICLE,CONTAIN,
25/2022/tt-nhnn_21,25/2022/tt-nhnn_20,ARTICLE,GUIDE,
25/2022/tt-nhnn,25/2022/tt-nhnn_22,ARTICLE,CONTAIN,
25/2022/tt-nhnn_22,25/2022/tt-nhnn_7,ARTICLE,GUIDE,
25/2022/tt-nhnn,25/2022/tt-nhnn_23,ARTICLE,CONTAIN,
25/2022/tt-nhnn,25/2022/tt-nhnn_24,ARTICLE,CONTAIN,
25/2022/tt-nhnn,25/2022/tt-nhnn_25,ARTICLE,CONTAIN,
25/2022/tt-nhnn,25/2022/tt-nhnn_26,ARTICLE,CONTAIN,
25/2022/tt-nhnn,25/2022/tt-nhnn_27,ARTICLE,CONTAIN,
25/2022/tt-nhnn_27,25/2022/tt-nhnn_26,ARTICLE,GUIDE,
25/2022/tt-nhnn,25/2022/tt-nhnn_28,ARTICLE,CONTAIN,
25/2022/tt-nhnn,25/2022/tt-nhnn_29,ARTICLE,CONTAIN,
25/2022/tt-nhnn,25/2022/tt-nhnn_30,ARTICLE,CONTAIN,
25/2022/tt-nhnn,25/2022/tt-nhnn_31,ARTICLE,CONTAIN,
25/2022/tt-nhnn,25/2022/tt-nhnn_32,ARTICLE,CONTAIN,
26/2022/tt-nhnn,26/2022/tt-nhnn_1,ARTICLE,CONTAIN,
26/2022/tt-nhnn_1,22/2019/tt-nhnn_20,ARTICLE,AMEND,
26/2022/tt-nhnn_1,22/2019/tt-nhnn_24,ARTICLE,AMEND,
26/2022/tt-nhnn_1,41/2016/tt-nhnn_23,ARTICLE,AMEND,
26/2022/tt-nhnn,26/2022/tt-nhnn_2,ARTICLE,CONTAIN,
26/2022/tt-nhnn,26/2022/tt-nhnn_3,ARTICLE,CONTAIN,
27/2022/tt-nhnn,27/2022/tt-nhnn_1,ARTICLE,CONTAIN,
27/2022/tt-nhnn_1,43/2015/tt-nhnn_3,ARTICLE,AMEND,
27/2022/tt-nhnn_1,43/2015/tt-nhnn_4,ARTICLE,AMEND,
27/2022/tt-nhnn_1,43/2015/tt-nhnn_14,ARTICLE,AMEND,
27/2022/tt-nhnn_1,43/2015/tt-nhnn_18,ARTICLE,REPEAL,
27/2022/tt-nhnn_1,43/2015/tt-nhnn_8,ARTICLE,REPLACE,
27/2022/tt-nhnn_1,43/2015/tt-nhnn_9,ARTICLE,REPLACE,
27/2022/tt-nhnn_1,43/2015/tt-nhnn_10,ARTICLE,REPLACE,
27/2022/tt-nhnn_1,43/2015/tt-nhnn_15,ARTICLE,REPLACE,
27/2022/tt-nhnn_1,43/2015/tt-nhnn_17,ARTICLE,REPLACE,
27/2022/tt-nhnn,27/2022/tt-nhnn_2,ARTICLE,CONTAIN,
27/2022/tt-nhnn_2,53/2018/tt-nhnn_4,ARTICLE,AMEND,
27/2022/tt-nhnn_2,53/2018/tt-nhnn_13,ARTICLE,AMEND,
27/2022/tt-nhnn_2,53/2018/tt-nhnn_18,ARTICLE,AMEND,
27/2022/tt-nhnn_2,53/2018/tt-nhnn_22,ARTICLE,AMEND,
27/2022/tt-nhnn_2,53/2018/tt-nhnn_3,ARTICLE,REPEAL,
27/2022/tt-nhnn_2,53/2018/tt-nhnn_10,ARTICLE,REPEAL,
27/2022/tt-nhnn_2,53/2018/tt-nhnn_10,ARTICLE,REPLACE,
27/2022/tt-nhnn_2,53/2018/tt-nhnn_13,ARTICLE,REPLACE,
27/2022/tt-nhnn_2,53/2018/tt-nhnn_15,ARTICLE,REPLACE,
27/2022/tt-nhnn_2,53/2018/tt-nhnn_19,ARTICLE,REPLACE,
27/2022/tt-nhnn,27/2022/tt-nhnn_3,ARTICLE,CONTAIN,
27/2022/tt-nhnn_3,25/2017/tt-nhnn_5,ARTICLE,AMEND,
27/2022/tt-nhnn_3,25/2017/tt-nhnn_6,ARTICLE,AMEND,
27/2022/tt-nhnn_3,25/2017/tt-nhnn_5,ARTICLE,REPEAL,
27/2022/tt-nhnn_3,25/2017/tt-nhnn_6,ARTICLE,REPEAL,
27/2022/tt-nhnn_3,25/2017/tt-nhnn_6,ARTICLE,REPLACE,
27/2022/tt-nhnn_3,25/2017/tt-nhnn_7,ARTICLE,REPLACE,
27/2022/tt-nhnn_3,25/2017/tt-nhnn_11,ARTICLE,REPLACE,
27/2022/tt-nhnn_3,25/2017/tt-nhnn_12,ARTICLE,REPLACE,
27/2022/tt-nhnn_3,25/2017/tt-nhnn_14,ARTICLE,REPLACE,
27/2022/tt-nhnn,27/2022/tt-nhnn_4,ARTICLE,CONTAIN,
27/2022/tt-nhnn_4,09/2018/tt-nhnn_4,ARTICLE,AMEND,
27/2022/tt-nhnn_4,09/2018/tt-nhnn_18,ARTICLE,AMEND,
27/2022/tt-nhnn_4,09/2018/tt-nhnn_40,ARTICLE,AMEND,
27/2022/tt-nhnn_4,09/2018/tt-nhnn_44,ARTICLE,AMEND,
27/2022/tt-nhnn_4,09/2018/tt-nhnn_14,ARTICLE,REPEAL,
27/2022/tt-nhnn_4,09/2018/tt-nhnn_15,ARTICLE,REPEAL,
27/2022/tt-nhnn_4,09/2018/tt-nhnn_20,ARTICLE,REPEAL,
27/2022/tt-nhnn_4,09/2018/tt-nhnn_33,ARTICLE,REPEAL,
27/2022/tt-nhnn_4,09/2018/tt-nhnn_41,ARTICLE,REPEAL,
27/2022/tt-nhnn_4,09/2018/tt-nhnn_45,ARTICLE,REPEAL,
27/2022/tt-nhnn_4,09/2018/tt-nhnn_8,ARTICLE,REPLACE,
27/2022/tt-nhnn_4,09/2018/tt-nhnn_15,ARTICLE,REPLACE,
27/2022/tt-nhnn_4,09/2018/tt-nhnn_16,ARTICLE,REPLACE,
27/2022/tt-nhnn_4,09/2018/tt-nhnn_17,ARTICLE,REPLACE,
27/2022/tt-nhnn_4,09/2018/tt-nhnn_18,ARTICLE,REPLACE,
27/2022/tt-nhnn_4,09/2018/tt-nhnn_19,ARTICLE,REPLACE,
27/2022/tt-nhnn_4,09/2018/tt-nhnn_20,ARTICLE,REPLACE,
27/2022/tt-nhnn_4,09/2018/tt-nhnn_21,ARTICLE,REPLACE,
27/2022/tt-nhnn_4,09/2018/tt-nhnn_23,ARTICLE,REPLACE,
27/2022/tt-nhnn_4,09/2018/tt-nhnn_24,ARTICLE,REPLACE,
27/2022/tt-nhnn_4,09/2018/tt-nhnn_27,ARTICLE,REPLACE,
27/2022/tt-nhnn_4,09/2018/tt-nhnn_28,ARTICLE,REPLACE,
27/2022/tt-nhnn_4,09/2018/tt-nhnn_35,ARTICLE,REPLACE,
27/2022/tt-nhnn_4,09/2018/tt-nhnn_45,ARTICLE,REPLACE,
27/2022/tt-nhnn_4,27/2022/tt-nhnn_25,ARTICLE,GUIDE,
27/2022/tt-nhnn,27/2022/tt-nhnn_5,ARTICLE,CONTAIN,
27/2022/tt-nhnn_5,10/2018/tt-nhnn_5,ARTICLE,AMEND,
27/2022/tt-nhnn_5,10/2018/tt-nhnn_6,ARTICLE,AMEND,
27/2022/tt-nhnn_5,10/2018/tt-nhnn_14,ARTICLE,AMEND,
27/2022/tt-nhnn_5,10/2018/tt-nhnn_5,ARTICLE,GUIDE,
27/2022/tt-nhnn_5,10/2018/tt-nhnn_6,ARTICLE,GUIDE,
27/2022/tt-nhnn_5,10/2018/tt-nhnn_7,ARTICLE,GUIDE,
27/2022/tt-nhnn_5,10/2018/tt-nhnn_8,ARTICLE,GUIDE,
27/2022/tt-nhnn_5,10/2018/tt-nhnn_9,ARTICLE,GUIDE,
27/2022/tt-nhnn_5,10/2018/tt-nhnn_10,ARTICLE,GUIDE,
27/2022/tt-nhnn_5,10/2018/tt-nhnn_11,ARTICLE,GUIDE,
27/2022/tt-nhnn_5,10/2018/tt-nhnn_12,ARTICLE,GUIDE,
27/2022/tt-nhnn_5,10/2018/tt-nhnn_13,ARTICLE,GUIDE,
27/2022/tt-nhnn,27/2022/tt-nhnn_6,ARTICLE,CONTAIN,
27/2022/tt-nhnn,27/2022/tt-nhnn_7,ARTICLE,CONTAIN,
02/2023/tt-nhnn,02/2023/tt-nhnn_1,ARTICLE,CONTAIN,
02/2023/tt-nhnn,02/2023/tt-nhnn_2,ARTICLE,CONTAIN,
02/2023/tt-nhnn,02/2023/tt-nhnn_3,ARTICLE,CONTAIN,
02/2023/tt-nhnn,02/2023/tt-nhnn_4,ARTICLE,CONTAIN,
02/2023/tt-nhnn,02/2023/tt-nhnn_5,ARTICLE,CONTAIN,
02/2023/tt-nhnn,02/2023/tt-nhnn_6,ARTICLE,CONTAIN,
02/2023/tt-nhnn_6,02/2023/tt-nhnn_5,ARTICLE,GUIDE,
02/2023/tt-nhnn,02/2023/tt-nhnn_7,ARTICLE,CONTAIN,
02/2023/tt-nhnn,02/2023/tt-nhnn_8,ARTICLE,CONTAIN,
02/2023/tt-nhnn_8,02/2023/tt-nhnn_7,ARTICLE,GUIDE,
02/2023/tt-nhnn,02/2023/tt-nhnn_9,ARTICLE,CONTAIN,
02/2023/tt-nhnn,02/2023/tt-nhnn_10,ARTICLE,CONTAIN,
03/2023/tt-nhnn,03/2023/tt-nhnn_1,ARTICLE,CONTAIN,
03/2023/tt-nhnn_1,16/2021/tt-nhnn_4,ARTICLE,REPEAL,
03/2023/tt-nhnn_1,16/2021/tt-nhnn_4,ARTICLE,GUIDE,
03/2023/tt-nhnn,03/2023/tt-nhnn_2,ARTICLE,CONTAIN,
03/2023/tt-nhnn,03/2023/tt-nhnn_3,ARTICLE,CONTAIN,
19/2023/nđ-cp,19/2023/nđ-cp_1,ARTICLE,CONTAIN,
19/2023/nđ-cp,19/2023/nđ-cp_2,ARTICLE,CONTAIN,
19/2023/nđ-cp,19/2023/nđ-cp_3,ARTICLE,CONTAIN,
19/2023/nđ-cp,19/2023/nđ-cp_4,ARTICLE,CONTAIN,
19/2023/nđ-cp,19/2023/nđ-cp_5,ARTICLE,CONTAIN,
19/2023/nđ-cp_5,19/2023/nđ-cp_4,ARTICLE,GUIDE,
19/2023/nđ-cp,19/2023/nđ-cp_6,ARTICLE,CONTAIN,
19/2023/nđ-cp,19/2023/nđ-cp_7,ARTICLE,CONTAIN,
19/2023/nđ-cp_7,14/2022/qh15_22,ARTICLE,GUIDE,
19/2023/nđ-cp,19/2023/nđ-cp_8,ARTICLE,CONTAIN,
19/2023/nđ-cp,19/2023/nđ-cp_9,ARTICLE,CONTAIN,
19/2023/nđ-cp_9,14/2022/qh15_38,ARTICLE,GUIDE,
19/2023/nđ-cp,19/2023/nđ-cp_10,ARTICLE,CONTAIN,
19/2023/nđ-cp,19/2023/nđ-cp_11,ARTICLE,CONTAIN,
19/2023/nđ-cp,19/2023/nđ-cp_12,ARTICLE,CONTAIN,
19/2023/nđ-cp,19/2023/nđ-cp_13,ARTICLE,CONTAIN,
19/2023/nđ-cp_13,116/2013/NĐ-CP_3,ARTICLE,REPEAL,
19/2023/nđ-cp_13,19/2023/nđ-cp_6,ARTICLE,GUIDE,
19/2023/nđ-cp,19/2023/nđ-cp_14,ARTICLE,CONTAIN,
11/2023/qđ-ttg,11/2023/qđ-ttg_1,ARTICLE,CONTAIN,
11/2023/qđ-ttg_1,14/2022/qh15_25,ARTICLE,GUIDE,
11/2023/qđ-ttg,11/2023/qđ-ttg_2,ARTICLE,CONTAIN,
11/2023/qđ-ttg_2,14/2022/qh15_4,ARTICLE,GUIDE,
11/2023/qđ-ttg,11/2023/qđ-ttg_3,ARTICLE,CONTAIN,
11/2023/qđ-ttg,11/2023/qđ-ttg_4,ARTICLE,CONTAIN,
23/2023/nđ-cp,23/2023/nđ-cp_1,ARTICLE,CONTAIN,
23/2023/nđ-cp_1,89/2016/NĐ-CP_1,ARTICLE,AMEND,
23/2023/nđ-cp_1,89/2016/NĐ-CP_2,ARTICLE,AMEND,
23/2023/nđ-cp_1,89/2016/NĐ-CP_3,ARTICLE,AMEND,
23/2023/nđ-cp,23/2023/nđ-cp_2,ARTICLE,CONTAIN,
23/2023/nđ-cp_2,88/2019/NĐ-CP_3,ARTICLE,AMEND,
23/2023/nđ-cp_2,88/2019/NĐ-CP_23,ARTICLE,AMEND,
23/2023/nđ-cp,23/2023/nđ-cp_3,ARTICLE,CONTAIN,
23/2023/nđ-cp_3,88/2019/NĐ-CP_23,ARTICLE,REPEAL,
23/2023/nđ-cp_3,143/2021/NĐ-CP_1,ARTICLE,REPEAL,
23/2023/nđ-cp_3,88/2019/NĐ-CP_23,ARTICLE,REPLACE,
23/2023/nđ-cp_3,88/2019/NĐ-CP_55,ARTICLE,REPLACE,
23/2023/nđ-cp,23/2023/nđ-cp_4,ARTICLE,CONTAIN,
23/2023/nđ-cp_4,140/2000/QĐ-TTg_7,ARTICLE,REPEAL,
23/2023/nđ-cp,23/2023/nđ-cp_5,ARTICLE,CONTAIN,
04/2023/tt-nhnn,04/2023/tt-nhnn_1,ARTICLE,CONTAIN,
04/2023/tt-nhnn,04/2023/tt-nhnn_2,ARTICLE,CONTAIN,
04/2023/tt-nhnn,04/2023/tt-nhnn_3,ARTICLE,CONTAIN,
04/2023/tt-nhnn_3,04/2023/tt-nhnn_4,ARTICLE,GUIDE,
04/2023/tt-nhnn,04/2023/tt-nhnn_4,ARTICLE,CONTAIN,
04/2023/tt-nhnn,04/2023/tt-nhnn_5,ARTICLE,CONTAIN,
04/2023/tt-nhnn,04/2023/tt-nhnn_6,ARTICLE,CONTAIN,
04/2023/tt-nhnn_6,04/2023/tt-nhnn_9,ARTICLE,GUIDE,
04/2023/tt-nhnn,04/2023/tt-nhnn_7,ARTICLE,CONTAIN,
04/2023/tt-nhnn,04/2023/tt-nhnn_8,ARTICLE,CONTAIN,
04/2023/tt-nhnn_8,04/2023/tt-nhnn_9,ARTICLE,GUIDE,
04/2023/tt-nhnn,04/2023/tt-nhnn_9,ARTICLE,CONTAIN,
04/2023/tt-nhnn,04/2023/tt-nhnn_10,ARTICLE,CONTAIN,
06/2023/tt-nhnn,06/2023/tt-nhnn_1,ARTICLE,CONTAIN,
06/2023/tt-nhnn_1,39/2016/tt-nhnn_2,ARTICLE,AMEND,
06/2023/tt-nhnn_1,39/2016/tt-nhnn_8,ARTICLE,AMEND,
06/2023/tt-nhnn_1,39/2016/tt-nhnn_11,ARTICLE,AMEND,
06/2023/tt-nhnn_1,39/2016/tt-nhnn_13,ARTICLE,AMEND,
06/2023/tt-nhnn_1,39/2016/tt-nhnn_18,ARTICLE,AMEND,
06/2023/tt-nhnn_1,39/2016/tt-nhnn_22,ARTICLE,AMEND,
06/2023/tt-nhnn_1,39/2016/tt-nhnn_23,ARTICLE,AMEND,
06/2023/tt-nhnn_1,39/2016/tt-nhnn_24,ARTICLE,AMEND,
06/2023/tt-nhnn_1,39/2016/tt-nhnn_26,ARTICLE,AMEND,
06/2023/tt-nhnn_1,39/2016/tt-nhnn_27,ARTICLE,AMEND,
06/2023/tt-nhnn_1,39/2016/tt-nhnn_32,ARTICLE,AMEND,
06/2023/tt-nhnn,06/2023/tt-nhnn_2,ARTICLE,CONTAIN,
06/2023/tt-nhnn_2,39/2016/tt-nhnn_7,ARTICLE,REPEAL,
06/2023/tt-nhnn,06/2023/tt-nhnn_3,ARTICLE,CONTAIN,
06/2023/tt-nhnn,06/2023/tt-nhnn_4,ARTICLE,CONTAIN,
07/2023/tt-nhnn,07/2023/tt-nhnn_1,ARTICLE,CONTAIN,
07/2023/tt-nhnn_1,38/2018/tt-nhnn_4,ARTICLE,AMEND,
07/2023/tt-nhnn_1,07/2023/tt-nhnn_3,ARTICLE,GUIDE,
07/2023/tt-nhnn_1,07/2020/tt-nhnn_4,ARTICLE,GUIDE,
07/2023/tt-nhnn,07/2023/tt-nhnn_2,ARTICLE,CONTAIN,
07/2023/tt-nhnn,07/2023/tt-nhnn_3,ARTICLE,CONTAIN,
07/2023/tt-nhnn,07/2023/tt-nhnn_4,ARTICLE,CONTAIN,
08/2023/tt-nhnn,08/2023/tt-nhnn_1,ARTICLE,CONTAIN,
08/2023/tt-nhnn,08/2023/tt-nhnn_2,ARTICLE,CONTAIN,
08/2023/tt-nhnn,08/2023/tt-nhnn_3,ARTICLE,CONTAIN,
08/2023/tt-nhnn,08/2023/tt-nhnn_4,ARTICLE,CONTAIN,
08/2023/tt-nhnn,08/2023/tt-nhnn_5,ARTICLE,CONTAIN,
08/2023/tt-nhnn,08/2023/tt-nhnn_6,ARTICLE,CONTAIN,
08/2023/tt-nhnn,08/2023/tt-nhnn_7,ARTICLE,CONTAIN,
08/2023/tt-nhnn_7,08/2023/tt-nhnn_19,ARTICLE,GUIDE,
08/2023/tt-nhnn,08/2023/tt-nhnn_8,ARTICLE,CONTAIN,
08/2023/tt-nhnn_8,08/2023/tt-nhnn_7,ARTICLE,GUIDE,
08/2023/tt-nhnn,08/2023/tt-nhnn_9,ARTICLE,CONTAIN,
08/2023/tt-nhnn,08/2023/tt-nhnn_10,ARTICLE,CONTAIN,
08/2023/tt-nhnn,08/2023/tt-nhnn_11,ARTICLE,CONTAIN,
08/2023/tt-nhnn,08/2023/tt-nhnn_12,ARTICLE,CONTAIN,
08/2023/tt-nhnn,08/2023/tt-nhnn_13,ARTICLE,CONTAIN,
08/2023/tt-nhnn,08/2023/tt-nhnn_14,ARTICLE,CONTAIN,
08/2023/tt-nhnn_14,08/2023/tt-nhnn_7,ARTICLE,GUIDE,
08/2023/tt-nhnn_14,08/2023/tt-nhnn_8,ARTICLE,GUIDE,
08/2023/tt-nhnn,08/2023/tt-nhnn_15,ARTICLE,CONTAIN,
08/2023/tt-nhnn,08/2023/tt-nhnn_16,ARTICLE,CONTAIN,
08/2023/tt-nhnn,08/2023/tt-nhnn_17,ARTICLE,CONTAIN,
08/2023/tt-nhnn_17,08/2023/tt-nhnn_7,ARTICLE,GUIDE,
08/2023/tt-nhnn_17,08/2023/tt-nhnn_8,ARTICLE,GUIDE,
08/2023/tt-nhnn,08/2023/tt-nhnn_18,ARTICLE,CONTAIN,
08/2023/tt-nhnn,08/2023/tt-nhnn_19,ARTICLE,CONTAIN,
08/2023/tt-nhnn_19,08/2023/tt-nhnn_6,ARTICLE,GUIDE,
08/2023/tt-nhnn_19,08/2023/tt-nhnn_7,ARTICLE,GUIDE,
08/2023/tt-nhnn_19,08/2023/tt-nhnn_14,ARTICLE,GUIDE,
08/2023/tt-nhnn_19,08/2023/tt-nhnn_17,ARTICLE,GUIDE,
08/2023/tt-nhnn,08/2023/tt-nhnn_20,ARTICLE,CONTAIN,
08/2023/tt-nhnn,08/2023/tt-nhnn_21,ARTICLE,CONTAIN,
08/2023/tt-nhnn_21,12/2022/tt-nhnn_15,ARTICLE,REPEAL,
08/2023/tt-nhnn_21,12/2022/tt-nhnn_16,ARTICLE,REPEAL,
08/2023/tt-nhnn_21,12/2022/tt-nhnn_20,ARTICLE,REPEAL,
08/2023/tt-nhnn_21,12/2022/tt-nhnn_16,ARTICLE,REPLACE,
08/2023/tt-nhnn_21,08/2023/tt-nhnn_15,ARTICLE,GUIDE,
08/2023/tt-nhnn,08/2023/tt-nhnn_22,ARTICLE,CONTAIN,
08/2023/tt-nhnn,08/2023/tt-nhnn_23,ARTICLE,CONTAIN,
09/2023/tt-nhnn,09/2023/tt-nhnn_1,ARTICLE,CONTAIN,
09/2023/tt-nhnn,09/2023/tt-nhnn_2,ARTICLE,CONTAIN,
09/2023/tt-nhnn,09/2023/tt-nhnn_3,ARTICLE,CONTAIN,
09/2023/tt-nhnn,09/2023/tt-nhnn_4,ARTICLE,CONTAIN,
09/2023/tt-nhnn_4,09/2023/tt-nhnn_3,ARTICLE,GUIDE,
09/2023/tt-nhnn,09/2023/tt-nhnn_5,ARTICLE,CONTAIN,
09/2023/tt-nhnn_5,14/2022/qh15_24,ARTICLE,GUIDE,
09/2023/tt-nhnn_5,14/2022/qh15_38,ARTICLE,GUIDE,
09/2023/tt-nhnn_5,14/2022/qh15_40,ARTICLE,GUIDE,
09/2023/tt-nhnn_5,14/2022/qh15_44,ARTICLE,GUIDE,
09/2023/tt-nhnn_5,09/2023/tt-nhnn_4,ARTICLE,GUIDE,
09/2023/tt-nhnn,09/2023/tt-nhnn_6,ARTICLE,CONTAIN,
09/2023/tt-nhnn_6,14/2022/qh15_25,ARTICLE,GUIDE,
09/2023/tt-nhnn_6,09/2023/tt-nhnn_10,ARTICLE,GUIDE,
09/2023/tt-nhnn,09/2023/tt-nhnn_7,ARTICLE,CONTAIN,
09/2023/tt-nhnn_7,14/2022/qh15_26,ARTICLE,GUIDE,
09/2023/tt-nhnn_7,09/2023/tt-nhnn_10,ARTICLE,GUIDE,
09/2023/tt-nhnn_7,14/2022/qh15_37,ARTICLE,GUIDE,
09/2023/tt-nhnn_7,09/2023/tt-nhnn_5,ARTICLE,GUIDE,
09/2023/tt-nhnn,09/2023/tt-nhnn_8,ARTICLE,CONTAIN,
09/2023/tt-nhnn,09/2023/tt-nhnn_9,ARTICLE,CONTAIN,
09/2023/tt-nhnn_9,09/2023/tt-nhnn_8,ARTICLE,GUIDE,
09/2023/tt-nhnn_9,09/2023/tt-nhnn_10,ARTICLE,GUIDE,
09/2023/tt-nhnn,09/2023/tt-nhnn_10,ARTICLE,CONTAIN,
09/2023/tt-nhnn_10,14/2022/qh15_3,ARTICLE,GUIDE,
09/2023/tt-nhnn_10,14/2022/qh15_17,ARTICLE,GUIDE,
09/2023/tt-nhnn,09/2023/tt-nhnn_11,ARTICLE,CONTAIN,
09/2023/tt-nhnn_11,35/2013/tt-nhnn_5,ARTICLE,REPEAL,
09/2023/tt-nhnn_11,35/2013/tt-nhnn_7,ARTICLE,REPEAL,
09/2023/tt-nhnn_11,35/2013/tt-nhnn_10,ARTICLE,REPEAL,
09/2023/tt-nhnn_11,31/2014/tt-nhnn_1,ARTICLE,REPEAL,
09/2023/tt-nhnn_11,20/2019/tt-nhnn_1,ARTICLE,REPEAL,
09/2023/tt-nhnn_11,09/2023/tt-nhnn_5,ARTICLE,GUIDE,
09/2023/tt-nhnn_11,09/2023/tt-nhnn_6,ARTICLE,GUIDE,
09/2023/tt-nhnn_11,09/2023/tt-nhnn_9,ARTICLE,GUIDE,
09/2023/tt-nhnn_11,09/2023/tt-nhnn_3,ARTICLE,GUIDE,
09/2023/tt-nhnn_11,09/2023/tt-nhnn_7,ARTICLE,GUIDE,
09/2023/tt-nhnn_11,09/2023/tt-nhnn_10,ARTICLE,GUIDE,
09/2023/tt-nhnn,09/2023/tt-nhnn_12,ARTICLE,CONTAIN,
10/2023/tt-nhnn,10/2023/tt-nhnn_1,ARTICLE,CONTAIN,
10/2023/tt-nhnn_1,06/2023/TT-NHNN_1,ARTICLE,AMEND,
10/2023/tt-nhnn_1,39/2016/TT-NHNN_8,ARTICLE,REPEAL,
10/2023/tt-nhnn,10/2023/tt-nhnn_2,ARTICLE,CONTAIN,
10/2023/tt-nhnn,10/2023/tt-nhnn_3,ARTICLE,CONTAIN,
11/2023/tt-nhnn,11/2023/tt-nhnn_1,ARTICLE,CONTAIN,
11/2023/tt-nhnn_1,11/2023/tt-nhnn_4,ARTICLE,AMEND,
11/2023/tt-nhnn_1,11/2023/tt-nhnn_6,ARTICLE,AMEND,
11/2023/tt-nhnn_1,11/2023/tt-nhnn_7,ARTICLE,AMEND,
11/2023/tt-nhnn_1,11/2023/tt-nhnn_8,ARTICLE,AMEND,
11/2023/tt-nhnn_1,11/2023/tt-nhnn_10,ARTICLE,AMEND,
11/2023/tt-nhnn_1,11/2023/tt-nhnn_11,ARTICLE,AMEND,
11/2023/tt-nhnn_1,11/2023/tt-nhnn_15,ARTICLE,AMEND,
11/2023/tt-nhnn_1,11/2023/tt-nhnn_17,ARTICLE,AMEND,
11/2023/tt-nhnn_1,11/2023/tt-nhnn_19,ARTICLE,AMEND,
11/2023/tt-nhnn,11/2023/tt-nhnn_2,ARTICLE,CONTAIN,
11/2023/tt-nhnn_2,43/2015/tt-nhnn_17,ARTICLE,AMEND,
11/2023/tt-nhnn_2,43/2015/tt-nhnn_8,ARTICLE,REPEAL,
11/2023/tt-nhnn_2,43/2015/tt-nhnn_5,ARTICLE,REPEAL,
11/2023/tt-nhnn_2,43/2015/tt-nhnn_9,ARTICLE,REPEAL,
11/2023/tt-nhnn_2,43/2015/tt-nhnn_17,ARTICLE,REPEAL,
11/2023/tt-nhnn_2,43/2015/tt-nhnn_18,ARTICLE,REPEAL,
11/2023/tt-nhnn_2,43/2015/tt-nhnn_3,ARTICLE,REPLACE,
11/2023/tt-nhnn_2,43/2015/tt-nhnn_7,ARTICLE,REPLACE,
11/2023/tt-nhnn,11/2023/tt-nhnn_3,ARTICLE,CONTAIN,
11/2023/tt-nhnn,11/2023/tt-nhnn_4,ARTICLE,CONTAIN,
11/2023/tt-nhnn_4,27/2022/tt-nhnn_1,ARTICLE,REPEAL,
12/2023/tt-nhnn,12/2023/tt-nhnn_1,ARTICLE,CONTAIN,
12/2023/tt-nhnn_1,12/2023/tt-nhnn_3,ARTICLE,AMEND,
12/2023/tt-nhnn_1,12/2023/tt-nhnn_4,ARTICLE,AMEND,
12/2023/tt-nhnn_1,12/2023/tt-nhnn_5,ARTICLE,AMEND,
12/2023/tt-nhnn_1,12/2023/tt-nhnn_6,ARTICLE,AMEND,
12/2023/tt-nhnn_1,12/2023/tt-nhnn_7,ARTICLE,AMEND,
12/2023/tt-nhnn_1,12/2023/tt-nhnn_8,ARTICLE,AMEND,
12/2023/tt-nhnn_1,12/2023/tt-nhnn_9,ARTICLE,AMEND,
12/2023/tt-nhnn_1,12/2023/tt-nhnn_10,ARTICLE,AMEND,
12/2023/tt-nhnn_1,12/2023/tt-nhnn_11,ARTICLE,AMEND,
12/2023/tt-nhnn_1,12/2023/tt-nhnn_14,ARTICLE,AMEND,
12/2023/tt-nhnn_1,12/2023/tt-nhnn_15,ARTICLE,AMEND,
12/2023/tt-nhnn_1,12/2023/tt-nhnn_23,ARTICLE,AMEND,
12/2023/tt-nhnn_1,12/2023/tt-nhnn_25,ARTICLE,AMEND,
12/2023/tt-nhnn_1,12/2023/tt-nhnn_27,ARTICLE,AMEND,
12/2023/tt-nhnn_1,12/2023/tt-nhnn_28,ARTICLE,AMEND,
12/2023/tt-nhnn_1,12/2023/tt-nhnn_29,ARTICLE,AMEND,
12/2023/tt-nhnn_1,12/2023/tt-nhnn_32,ARTICLE,AMEND,
12/2023/tt-nhnn_1,12/2023/tt-nhnn_13,ARTICLE,REPLACE,
12/2023/tt-nhnn_1,12/2023/tt-nhnn_22,ARTICLE,REPLACE,
12/2023/tt-nhnn_1,12/2023/tt-nhnn_4,ARTICLE,REPLACE,
12/2023/tt-nhnn_1,12/2023/tt-nhnn_6,ARTICLE,REPLACE,
12/2023/tt-nhnn_1,12/2023/tt-nhnn_7,ARTICLE,REPLACE,
12/2023/tt-nhnn_1,12/2023/tt-nhnn_9,ARTICLE,REPLACE,
12/2023/tt-nhnn_1,12/2023/tt-nhnn_12,ARTICLE,REPLACE,
12/2023/tt-nhnn_1,12/2023/tt-nhnn_15,ARTICLE,REPLACE,
12/2023/tt-nhnn_1,12/2023/tt-nhnn_16,ARTICLE,REPLACE,
12/2023/tt-nhnn_1,12/2023/tt-nhnn_17,ARTICLE,REPLACE,
12/2023/tt-nhnn_1,12/2023/tt-nhnn_18,ARTICLE,REPLACE,
12/2023/tt-nhnn_1,12/2023/tt-nhnn_26,ARTICLE,REPLACE,
12/2023/tt-nhnn_1,12/2023/tt-nhnn_19,ARTICLE,REPLACE,
12/2023/tt-nhnn_1,12/2023/tt-nhnn_30,ARTICLE,REPLACE,
12/2023/tt-nhnn_1,12/2023/tt-nhnn_31,ARTICLE,REPLACE,
12/2023/tt-nhnn_1,50/2014/NĐ-CP_10,ARTICLE,GUIDE,
12/2023/tt-nhnn_1,50/2014/NĐ-CP_7,ARTICLE,GUIDE,
12/2023/tt-nhnn,12/2023/tt-nhnn_2,ARTICLE,CONTAIN,
12/2023/tt-nhnn_2,06/2013/tt-nhnn_14,ARTICLE,AMEND,
12/2023/tt-nhnn_2,06/2013/tt-nhnn_15,ARTICLE,AMEND,
12/2023/tt-nhnn_2,06/2013/tt-nhnn_20,ARTICLE,AMEND,
12/2023/tt-nhnn_2,06/2013/tt-nhnn_23,ARTICLE,AMEND,
12/2023/tt-nhnn_2,06/2013/tt-nhnn_25,ARTICLE,AMEND,
12/2023/tt-nhnn_2,06/2013/tt-nhnn_3,ARTICLE,REPLACE,
12/2023/tt-nhnn_2,06/2013/tt-nhnn_4,ARTICLE,REPLACE,
12/2023/tt-nhnn_2,06/2013/tt-nhnn_11,ARTICLE,REPLACE,
12/2023/tt-nhnn_2,06/2013/tt-nhnn_12,ARTICLE,REPLACE,
12/2023/tt-nhnn_2,06/2013/tt-nhnn_19,ARTICLE,REPLACE,
12/2023/tt-nhnn_2,06/2013/tt-nhnn_21,ARTICLE,REPLACE,
12/2023/tt-nhnn_2,06/2013/tt-nhnn_22,ARTICLE,REPLACE,
12/2023/tt-nhnn_2,12/2023/tt-nhnn_5,ARTICLE,GUIDE,
12/2023/tt-nhnn_2,12/2023/tt-nhnn_13,ARTICLE,GUIDE,
12/2023/tt-nhnn_2,12/2023/tt-nhnn_16,ARTICLE,GUIDE,
12/2023/tt-nhnn,12/2023/tt-nhnn_3,ARTICLE,CONTAIN,
12/2023/tt-nhnn_3,26/2021/tt-nhnn_12,ARTICLE,REPLACE,
12/2023/tt-nhnn_3,26/2021/tt-nhnn_15,ARTICLE,REPLACE,
12/2023/tt-nhnn_3,26/2021/tt-nhnn_17,ARTICLE,REPLACE,
12/2023/tt-nhnn_3,26/2021/tt-nhnn_18,ARTICLE,REPLACE,
12/2023/tt-nhnn_3,26/2021/tt-nhnn_19,ARTICLE,REPLACE,
12/2023/tt-nhnn,12/2023/tt-nhnn_4,ARTICLE,CONTAIN,
12/2023/tt-nhnn_4,32/2018/tt-nhnn_6,ARTICLE,REPEAL,
12/2023/tt-nhnn_4,32/2018/tt-nhnn_4,ARTICLE,REPLACE,
12/2023/tt-nhnn_4,32/2018/tt-nhnn_5,ARTICLE,REPLACE,
12/2023/tt-nhnn_4,32/2018/tt-nhnn_6,ARTICLE,REPLACE,
12/2023/tt-nhnn_4,32/2018/tt-nhnn_9,ARTICLE,REPLACE,
12/2023/tt-nhnn_4,32/2018/tt-nhnn_10,ARTICLE,REPLACE,
12/2023/tt-nhnn,12/2023/tt-nhnn_5,ARTICLE,CONTAIN,
12/2023/tt-nhnn_5,38/2013/tt-nhnn_8,ARTICLE,AMEND,
12/2023/tt-nhnn_5,38/2013/tt-nhnn_9,ARTICLE,AMEND,
12/2023/tt-nhnn,12/2023/tt-nhnn_6,ARTICLE,CONTAIN,
12/2023/tt-nhnn_6,39/2013/TT-NHNN_1,ARTICLE,AMEND,
12/2023/tt-nhnn,12/2023/tt-nhnn_7,ARTICLE,CONTAIN,
12/2023/tt-nhnn_7,25/2020/tt-nhnn_12,ARTICLE,AMEND,
12/2023/tt-nhnn_7,12/2023/tt-nhnn_4,ARTICLE,GUIDE,
12/2023/tt-nhnn,12/2023/tt-nhnn_8,ARTICLE,CONTAIN,
12/2023/tt-nhnn_8,12/2023/tt-nhnn_2,ARTICLE,AMEND,
12/2023/tt-nhnn_8,12/2023/tt-nhnn_1,ARTICLE,GUIDE,
12/2023/tt-nhnn_8,15/2020/tt-nhnn_1,ARTICLE,GUIDE,
12/2023/tt-nhnn,12/2023/tt-nhnn_9,ARTICLE,CONTAIN,
12/2023/tt-nhnn_9,15/2020/tt-nhnn_3,ARTICLE,AMEND,
12/2023/tt-nhnn_9,15/2020/tt-nhnn_1,ARTICLE,REPEAL,
12/2023/tt-nhnn,12/2023/tt-nhnn_10,ARTICLE,CONTAIN,
12/2023/tt-nhnn_10,1710/2005/QĐ-NHNN_1,ARTICLE,AMEND,
12/2023/tt-nhnn_10,1710/2005/QĐ-NHNN_1,ARTICLE,REPLACE,
12/2023/tt-nhnn_10,1710/2005/QĐ-NHNN_3,ARTICLE,REPLACE,
12/2023/tt-nhnn_10,1710/2005/QĐ-NHNN_5,ARTICLE,REPLACE,
12/2023/tt-nhnn_10,1710/2005/QĐ-NHNN_6,ARTICLE,REPLACE,
12/2023/tt-nhnn_10,1710/2005/QĐ-NHNN_7,ARTICLE,REPLACE,
12/2023/tt-nhnn_10,1710/2005/QĐ-NHNN_8,ARTICLE,REPLACE,
12/2023/tt-nhnn_10,1710/2005/QĐ-NHNN_9,ARTICLE,REPLACE,
12/2023/tt-nhnn_10,1710/2005/QĐ-NHNN_10,ARTICLE,REPLACE,
12/2023/tt-nhnn_10,1710/2005/QĐ-NHNN_15,ARTICLE,REPLACE,
12/2023/tt-nhnn_10,1710/2005/QĐ-NHNN_16,ARTICLE,REPLACE,
12/2023/tt-nhnn_10,1710/2005/QĐ-NHNN_17,ARTICLE,REPLACE,
12/2023/tt-nhnn_10,1710/2005/QĐ-NHNN_20,ARTICLE,REPLACE,
12/2023/tt-nhnn,12/2023/tt-nhnn_11,ARTICLE,CONTAIN,
12/2023/tt-nhnn_11,12/2023/tt-nhnn_2,ARTICLE,AMEND,
12/2023/tt-nhnn_11,12/2023/tt-nhnn_7,ARTICLE,REPLACE,
12/2023/tt-nhnn_11,12/2023/tt-nhnn_8,ARTICLE,REPLACE,
12/2023/tt-nhnn_11,12/2023/tt-nhnn_13,ARTICLE,REPLACE,
12/2023/tt-nhnn_11,12/2023/tt-nhnn_15,ARTICLE,REPLACE,
12/2023/tt-nhnn_11,12/2023/tt-nhnn_19,ARTICLE,REPLACE,
12/2023/tt-nhnn,12/2023/tt-nhnn_12,ARTICLE,CONTAIN,
12/2023/tt-nhnn,12/2023/tt-nhnn_13,ARTICLE,CONTAIN,
12/2023/tt-nhnn,12/2023/tt-nhnn_14,ARTICLE,CONTAIN,
12/2023/tt-nhnn_14,01/2020/tt-nhnn_1,ARTICLE,REPEAL,
12/2023/tt-nhnn_14,12/2015/tt-nhnn_1,ARTICLE,REPEAL,
12/2023/tt-nhnn_14,37/2018/tt-nhnn_1,ARTICLE,REPEAL,
14/2023/tt-nhnn,14/2023/tt-nhnn_1,ARTICLE,CONTAIN,
14/2023/tt-nhnn,14/2023/tt-nhnn_2,ARTICLE,CONTAIN,
14/2023/tt-nhnn,14/2023/tt-nhnn_3,ARTICLE,CONTAIN,
14/2023/tt-nhnn,14/2023/tt-nhnn_4,ARTICLE,CONTAIN,
14/2023/tt-nhnn_4,14/2023/tt-nhnn_16,ARTICLE,GUIDE,
14/2023/tt-nhnn_4,14/2023/tt-nhnn_18,ARTICLE,GUIDE,
14/2023/tt-nhnn,14/2023/tt-nhnn_5,ARTICLE,CONTAIN,
14/2023/tt-nhnn,14/2023/tt-nhnn_6,ARTICLE,CONTAIN,
14/2023/tt-nhnn,14/2023/tt-nhnn_7,ARTICLE,CONTAIN,
14/2023/tt-nhnn_7,14/2023/tt-nhnn_14,ARTICLE,GUIDE,
14/2023/tt-nhnn_7,14/2023/tt-nhnn_20,ARTICLE,GUIDE,
14/2023/tt-nhnn,14/2023/tt-nhnn_8,ARTICLE,CONTAIN,
14/2023/tt-nhnn,14/2023/tt-nhnn_9,ARTICLE,CONTAIN,
14/2023/tt-nhnn,14/2023/tt-nhnn_10,ARTICLE,CONTAIN,
14/2023/tt-nhnn_10,14/2023/tt-nhnn_3,ARTICLE,GUIDE,
14/2023/tt-nhnn_10,14/2023/tt-nhnn_14,ARTICLE,GUIDE,
14/2023/tt-nhnn_10,14/2023/tt-nhnn_17,ARTICLE,GUIDE,
14/2023/tt-nhnn,14/2023/tt-nhnn_11,ARTICLE,CONTAIN,
14/2023/tt-nhnn,14/2023/tt-nhnn_12,ARTICLE,CONTAIN,
14/2023/tt-nhnn,14/2023/tt-nhnn_13,ARTICLE,CONTAIN,
14/2023/tt-nhnn,14/2023/tt-nhnn_14,ARTICLE,CONTAIN,
14/2023/tt-nhnn,14/2023/tt-nhnn_15,ARTICLE,CONTAIN,
14/2023/tt-nhnn_15,14/2023/tt-nhnn_14,ARTICLE,GUIDE,
14/2023/tt-nhnn,14/2023/tt-nhnn_16,ARTICLE,CONTAIN,
14/2023/tt-nhnn_16,14/2023/tt-nhnn_4,ARTICLE,GUIDE,
14/2023/tt-nhnn,14/2023/tt-nhnn_17,ARTICLE,CONTAIN,
14/2023/tt-nhnn,14/2023/tt-nhnn_19,ARTICLE,CONTAIN,
14/2023/tt-nhnn,14/2023/tt-nhnn_20,ARTICLE,CONTAIN,
14/2023/tt-nhnn,14/2023/tt-nhnn_21,ARTICLE,CONTAIN,
14/2023/tt-nhnn,14/2023/tt-nhnn_22,ARTICLE,CONTAIN,
14/2023/tt-nhnn,14/2023/tt-nhnn_23,ARTICLE,CONTAIN,
14/2023/tt-nhnn,14/2023/tt-nhnn_24,ARTICLE,CONTAIN,
14/2023/tt-nhnn,14/2023/tt-nhnn_25,ARTICLE,CONTAIN,
14/2023/tt-nhnn,14/2023/tt-nhnn_26,ARTICLE,CONTAIN,
14/2023/tt-nhnn_26,14/2023/tt-nhnn_14,ARTICLE,GUIDE,
14/2023/tt-nhnn,14/2023/tt-nhnn_27,ARTICLE,CONTAIN,
14/2023/tt-nhnn_27,14/2023/tt-nhnn_26,ARTICLE,GUIDE,
14/2023/tt-nhnn,14/2023/tt-nhnn_28,ARTICLE,CONTAIN,
14/2023/tt-nhnn_28,14/2023/tt-nhnn_26,ARTICLE,GUIDE,
14/2023/tt-nhnn,14/2023/tt-nhnn_29,ARTICLE,CONTAIN,
14/2023/tt-nhnn,14/2023/tt-nhnn_30,ARTICLE,CONTAIN,
14/2023/tt-nhnn_30,14/2023/tt-nhnn_32,ARTICLE,GUIDE,
14/2023/tt-nhnn_30,14/2023/tt-nhnn_1,ARTICLE,GUIDE,
14/2023/tt-nhnn,14/2023/tt-nhnn_31,ARTICLE,CONTAIN,
14/2023/tt-nhnn,14/2023/tt-nhnn_32,ARTICLE,CONTAIN,
14/2023/tt-nhnn,14/2023/tt-nhnn_33,ARTICLE,CONTAIN,
14/2023/tt-nhnn,14/2023/tt-nhnn_34,ARTICLE,CONTAIN,
14/2023/tt-nhnn_34,14/2023/tt-nhnn_33,ARTICLE,GUIDE,
14/2023/tt-nhnn_34,14/2023/tt-nhnn_7,ARTICLE,GUIDE,
14/2023/tt-nhnn,14/2023/tt-nhnn_35,ARTICLE,CONTAIN,
14/2023/tt-nhnn,14/2023/tt-nhnn_36,ARTICLE,CONTAIN,
14/2023/tt-nhnn,14/2023/tt-nhnn_37,ARTICLE,CONTAIN,
14/2023/tt-nhnn,14/2023/tt-nhnn_38,ARTICLE,CONTAIN,
14/2023/tt-nhnn_38,44/2011/tt-nhnn_1,ARTICLE,AMEND,
14/2023/tt-nhnn_38,13/2018/tt-nhnn_73,ARTICLE,REPEAL,
14/2023/tt-nhnn,14/2023/tt-nhnn_39,ARTICLE,CONTAIN,
15/2023/tt-nhnn,15/2023/tt-nhnn_1,ARTICLE,CONTAIN,
15/2023/tt-nhnn,15/2023/tt-nhnn_2,ARTICLE,CONTAIN,
15/2023/tt-nhnn,15/2023/tt-nhnn_3,ARTICLE,CONTAIN,
15/2023/tt-nhnn_3,15/2023/tt-nhnn_8,ARTICLE,GUIDE,
15/2023/tt-nhnn,15/2023/tt-nhnn_4,ARTICLE,CONTAIN,
15/2023/tt-nhnn,15/2023/tt-nhnn_5,ARTICLE,CONTAIN,
15/2023/tt-nhnn_5,15/2023/tt-nhnn_8,ARTICLE,GUIDE,
15/2023/tt-nhnn_5,15/2023/tt-nhnn_9,ARTICLE,GUIDE,
15/2023/tt-nhnn_5,15/2023/tt-nhnn_10,ARTICLE,GUIDE,
15/2023/tt-nhnn,15/2023/tt-nhnn_6,ARTICLE,CONTAIN,
15/2023/tt-nhnn,15/2023/tt-nhnn_7,ARTICLE,CONTAIN,
15/2023/tt-nhnn,15/2023/tt-nhnn_8,ARTICLE,CONTAIN,
15/2023/tt-nhnn,15/2023/tt-nhnn_9,ARTICLE,CONTAIN,
15/2023/tt-nhnn,15/2023/tt-nhnn_10,ARTICLE,CONTAIN,
15/2023/tt-nhnn_10,15/2023/tt-nhnn_9,ARTICLE,GUIDE,
15/2023/tt-nhnn,15/2023/tt-nhnn_11,ARTICLE,CONTAIN,
15/2023/tt-nhnn,15/2023/tt-nhnn_12,ARTICLE,CONTAIN,
15/2023/tt-nhnn,15/2023/tt-nhnn_13,ARTICLE,CONTAIN,
15/2023/tt-nhnn_13,15/2023/tt-nhnn_5,ARTICLE,GUIDE,
15/2023/tt-nhnn_13,15/2023/tt-nhnn_6,ARTICLE,GUIDE,
15/2023/tt-nhnn_13,15/2023/tt-nhnn_7,ARTICLE,GUIDE,
15/2023/tt-nhnn,15/2023/tt-nhnn_14,ARTICLE,CONTAIN,
15/2023/tt-nhnn_14,15/2023/tt-nhnn_12,ARTICLE,GUIDE,
15/2023/tt-nhnn,15/2023/tt-nhnn_15,ARTICLE,CONTAIN,
15/2023/tt-nhnn,15/2023/tt-nhnn_16,ARTICLE,CONTAIN,
15/2023/tt-nhnn,15/2023/tt-nhnn_17,ARTICLE,CONTAIN,
15/2023/tt-nhnn,15/2023/tt-nhnn_18,ARTICLE,CONTAIN,
15/2023/tt-nhnn_18,15/2023/tt-nhnn_9,ARTICLE,GUIDE,
15/2023/tt-nhnn_18,15/2023/tt-nhnn_12,ARTICLE,GUIDE,
15/2023/tt-nhnn,15/2023/tt-nhnn_19,ARTICLE,CONTAIN,
15/2023/tt-nhnn,15/2023/tt-nhnn_20,ARTICLE,CONTAIN,
15/2023/tt-nhnn,15/2023/tt-nhnn_21,ARTICLE,CONTAIN,
15/2023/tt-nhnn,15/2023/tt-nhnn_22,ARTICLE,CONTAIN,
15/2023/tt-nhnn,15/2023/tt-nhnn_23,ARTICLE,CONTAIN,
87/2023/nđ-cp,87/2023/nđ-cp_1,ARTICLE,CONTAIN,
87/2023/nđ-cp,87/2023/nđ-cp_2,ARTICLE,CONTAIN,
87/2023/nđ-cp,87/2023/nđ-cp_3,ARTICLE,CONTAIN,
87/2023/nđ-cp,87/2023/nđ-cp_4,ARTICLE,CONTAIN,
87/2023/nđ-cp_4,87/2023/nđ-cp_5,ARTICLE,GUIDE,
87/2023/nđ-cp,87/2023/nđ-cp_5,ARTICLE,CONTAIN,
87/2023/nđ-cp,87/2023/nđ-cp_6,ARTICLE,CONTAIN,
87/2023/nđ-cp_6,87/2023/nđ-cp_7,ARTICLE,GUIDE,
87/2023/nđ-cp_6,87/2023/nđ-cp_8,ARTICLE,GUIDE,
87/2023/nđ-cp_6,87/2023/nđ-cp_9,ARTICLE,GUIDE,
87/2023/nđ-cp_6,87/2023/nđ-cp_4,ARTICLE,GUIDE,
87/2023/nđ-cp,87/2023/nđ-cp_7,ARTICLE,CONTAIN,
87/2023/nđ-cp,87/2023/nđ-cp_8,ARTICLE,CONTAIN,
87/2023/nđ-cp,87/2023/nđ-cp_9,ARTICLE,CONTAIN,
87/2023/nđ-cp,87/2023/nđ-cp_10,ARTICLE,CONTAIN,
87/2023/nđ-cp,87/2023/nđ-cp_11,ARTICLE,CONTAIN,
87/2023/nđ-cp,87/2023/nđ-cp_12,ARTICLE,CONTAIN,
87/2023/nđ-cp,87/2023/nđ-cp_13,ARTICLE,CONTAIN,
87/2023/nđ-cp,87/2023/nđ-cp_14,ARTICLE,CONTAIN,
87/2023/nđ-cp,87/2023/nđ-cp_15,ARTICLE,CONTAIN,
87/2023/nđ-cp,87/2023/nđ-cp_16,ARTICLE,CONTAIN,
87/2023/nđ-cp_16,87/2023/nđ-cp_15,ARTICLE,GUIDE,
87/2023/nđ-cp,87/2023/nđ-cp_17,ARTICLE,CONTAIN,
87/2023/nđ-cp_17,87/2023/nđ-cp_19,ARTICLE,GUIDE,
87/2023/nđ-cp,87/2023/nđ-cp_18,ARTICLE,CONTAIN,
87/2023/nđ-cp_18,87/2023/NĐ-CP_17,ARTICLE,GUIDE,
87/2023/nđ-cp,87/2023/nđ-cp_19,ARTICLE,CONTAIN,
87/2023/nđ-cp_19,87/2023/nđ-cp_18,ARTICLE,GUIDE,
87/2023/nđ-cp,87/2023/nđ-cp_20,ARTICLE,CONTAIN,
87/2023/nđ-cp_20,87/2023/nđ-cp_5,ARTICLE,GUIDE,
87/2023/nđ-cp,87/2023/nđ-cp_21,ARTICLE,CONTAIN,
87/2023/nđ-cp,87/2023/nđ-cp_22,ARTICLE,CONTAIN,
87/2023/nđ-cp,87/2023/nđ-cp_23,ARTICLE,CONTAIN,
87/2023/nđ-cp,87/2023/nđ-cp_24,ARTICLE,CONTAIN,
87/2023/nđ-cp,87/2023/nđ-cp_25,ARTICLE,CONTAIN,
87/2023/nđ-cp,87/2023/nđ-cp_26,ARTICLE,CONTAIN,
87/2023/nđ-cp,87/2023/nđ-cp_27,ARTICLE,CONTAIN,
16/2023/tt-nhnn,16/2023/tt-nhnn_1,ARTICLE,CONTAIN,
16/2023/tt-nhnn_1,28/2015/tt-nhnn_1,ARTICLE,AMEND,
16/2023/tt-nhnn_1,28/2015/tt-nhnn_2,ARTICLE,AMEND,
16/2023/tt-nhnn_1,28/2015/tt-nhnn_3,ARTICLE,AMEND,
16/2023/tt-nhnn_1,28/2015/tt-nhnn_4,ARTICLE,AMEND,
16/2023/tt-nhnn_1,28/2015/tt-nhnn_5,ARTICLE,AMEND,
16/2023/tt-nhnn_1,28/2015/tt-nhnn_6,ARTICLE,AMEND,
16/2023/tt-nhnn_1,28/2015/tt-nhnn_7,ARTICLE,AMEND,
16/2023/tt-nhnn_1,28/2015/tt-nhnn_8,ARTICLE,AMEND,
16/2023/tt-nhnn_1,28/2015/tt-nhnn_9,ARTICLE,AMEND,
16/2023/tt-nhnn_1,28/2015/tt-nhnn_10,ARTICLE,AMEND,
16/2023/tt-nhnn_1,28/2015/tt-nhnn_11,ARTICLE,AMEND,
16/2023/tt-nhnn_1,28/2015/tt-nhnn_13,ARTICLE,AMEND,
16/2023/tt-nhnn_1,28/2015/tt-nhnn_14,ARTICLE,AMEND,
16/2023/tt-nhnn_1,28/2015/tt-nhnn_15,ARTICLE,AMEND,
16/2023/tt-nhnn_1,28/2015/tt-nhnn_16,ARTICLE,AMEND,
16/2023/tt-nhnn_1,28/2015/tt-nhnn_17,ARTICLE,AMEND,
16/2023/tt-nhnn_1,28/2015/tt-nhnn_4,ARTICLE,GUIDE,
16/2023/tt-nhnn_1,28/2015/tt-nhnn_7,ARTICLE,GUIDE,
16/2023/tt-nhnn,16/2023/tt-nhnn_2,ARTICLE,CONTAIN,
16/2023/tt-nhnn,16/2023/tt-nhnn_3,ARTICLE,CONTAIN,
16/2023/tt-nhnn,16/2023/tt-nhnn_4,ARTICLE,CONTAIN,
17/2023/tt-nhnn,17/2023/tt-nhnn_1,ARTICLE,CONTAIN,
17/2023/tt-nhnn,17/2023/tt-nhnn_2,ARTICLE,CONTAIN,
17/2023/tt-nhnn,17/2023/tt-nhnn_3,ARTICLE,CONTAIN,
17/2023/tt-nhnn_3,17/2023/tt-nhnn_2,ARTICLE,GUIDE,
17/2023/tt-nhnn,17/2023/tt-nhnn_4,ARTICLE,CONTAIN,
17/2023/tt-nhnn,17/2023/tt-nhnn_5,ARTICLE,CONTAIN,
17/2023/tt-nhnn,17/2023/tt-nhnn_6,ARTICLE,CONTAIN,
17/2023/tt-nhnn,17/2023/tt-nhnn_7,ARTICLE,CONTAIN,
17/2023/tt-nhnn,17/2023/tt-nhnn_8,ARTICLE,CONTAIN,
17/2023/tt-nhnn,17/2023/tt-nhnn_9,ARTICLE,CONTAIN,
17/2023/tt-nhnn,17/2023/tt-nhnn_10,ARTICLE,CONTAIN,
17/2023/tt-nhnn,17/2023/tt-nhnn_11,ARTICLE,CONTAIN,
17/2023/tt-nhnn,17/2023/tt-nhnn_12,ARTICLE,CONTAIN,
17/2023/tt-nhnn,17/2023/tt-nhnn_13,ARTICLE,CONTAIN,
17/2023/tt-nhnn_13,17/2023/tt-nhnn_5,ARTICLE,GUIDE,
17/2023/tt-nhnn_13,17/2023/tt-nhnn_12,ARTICLE,GUIDE,
17/2023/tt-nhnn,17/2023/tt-nhnn_14,ARTICLE,CONTAIN,
17/2023/tt-nhnn,17/2023/tt-nhnn_15,ARTICLE,CONTAIN,
17/2023/tt-nhnn,17/2023/tt-nhnn_16,ARTICLE,CONTAIN,
17/2023/tt-nhnn,17/2023/tt-nhnn_17,ARTICLE,CONTAIN,
17/2023/tt-nhnn_17,17/2023/tt-nhnn_6,ARTICLE,GUIDE,
17/2023/tt-nhnn,17/2023/tt-nhnn_18,ARTICLE,CONTAIN,
17/2023/tt-nhnn,17/2023/tt-nhnn_19,ARTICLE,CONTAIN,
17/2023/tt-nhnn,17/2023/tt-nhnn_20,ARTICLE,CONTAIN,
17/2023/tt-nhnn,17/2023/tt-nhnn_21,ARTICLE,CONTAIN,
19/2023/tt-nhnn,19/2023/tt-nhnn_1,ARTICLE,CONTAIN,
19/2023/tt-nhnn,19/2023/tt-nhnn_2,ARTICLE,CONTAIN,
19/2023/tt-nhnn,19/2023/tt-nhnn_3,ARTICLE,CONTAIN,
19/2023/tt-nhnn,19/2023/tt-nhnn_4,ARTICLE,CONTAIN,
19/2023/tt-nhnn,19/2023/tt-nhnn_5,ARTICLE,CONTAIN,
19/2023/tt-nhnn_5,19/2023/tt-nhnn_9,ARTICLE,GUIDE,
19/2023/tt-nhnn,19/2023/tt-nhnn_6,ARTICLE,CONTAIN,
19/2023/tt-nhnn,19/2023/tt-nhnn_7,ARTICLE,CONTAIN,
19/2023/tt-nhnn_7,19/2023/tt-nhnn_6,ARTICLE,GUIDE,
19/2023/tt-nhnn,19/2023/tt-nhnn_8,ARTICLE,CONTAIN,
19/2023/tt-nhnn_8,19/2023/tt-nhnn_9,ARTICLE,GUIDE,
19/2023/tt-nhnn,19/2023/tt-nhnn_9,ARTICLE,CONTAIN,
19/2023/tt-nhnn,19/2023/tt-nhnn_10,ARTICLE,CONTAIN,
19/2023/tt-nhnn,19/2023/tt-nhnn_11,ARTICLE,CONTAIN,
19/2023/tt-nhnn,19/2023/tt-nhnn_12,ARTICLE,CONTAIN,
19/2023/tt-nhnn_12,19/2023/tt-nhnn_11,ARTICLE,GUIDE,
19/2023/tt-nhnn,19/2023/tt-nhnn_13,ARTICLE,CONTAIN,
19/2023/tt-nhnn,19/2023/tt-nhnn_14,ARTICLE,CONTAIN,
19/2023/tt-nhnn,19/2023/tt-nhnn_15,ARTICLE,CONTAIN,
19/2023/tt-nhnn,19/2023/tt-nhnn_16,ARTICLE,CONTAIN,
19/2023/tt-nhnn,19/2023/tt-nhnn_17,ARTICLE,CONTAIN,
19/2023/tt-nhnn,19/2023/tt-nhnn_18,ARTICLE,CONTAIN,
19/2023/tt-nhnn,19/2023/tt-nhnn_19,ARTICLE,CONTAIN,
19/2023/tt-nhnn,19/2023/tt-nhnn_20,ARTICLE,CONTAIN,
19/2023/tt-nhnn,19/2023/tt-nhnn_21,ARTICLE,CONTAIN,
19/2023/tt-nhnn,19/2023/tt-nhnn_22,ARTICLE,CONTAIN,
19/2023/tt-nhnn,19/2023/tt-nhnn_23,ARTICLE,CONTAIN,
19/2023/tt-nhnn,19/2023/tt-nhnn_24,ARTICLE,CONTAIN,
19/2023/tt-nhnn,19/2023/tt-nhnn_25,ARTICLE,CONTAIN,
19/2023/tt-nhnn,19/2023/tt-nhnn_26,ARTICLE,CONTAIN,
19/2023/tt-nhnn,19/2023/tt-nhnn_27,ARTICLE,CONTAIN,
19/2023/tt-nhnn,19/2023/tt-nhnn_28,ARTICLE,CONTAIN,
19/2023/tt-nhnn,19/2023/tt-nhnn_29,ARTICLE,CONTAIN,
19/2023/tt-nhnn,19/2023/tt-nhnn_30,ARTICLE,CONTAIN,
21/2023/tt-nhnn,21/2023/tt-nhnn_1,ARTICLE,CONTAIN,
21/2023/tt-nhnn_1,36/2012/tt-nhnn_10,ARTICLE,AMEND,
21/2023/tt-nhnn,21/2023/tt-nhnn_2,ARTICLE,CONTAIN,
21/2023/tt-nhnn_2,03/2014/tt-nhnn_9,ARTICLE,AMEND,
21/2023/tt-nhnn,21/2023/tt-nhnn_3,ARTICLE,CONTAIN,
21/2023/tt-nhnn_3,12/2022/tt-nhnn_7,ARTICLE,AMEND,
21/2023/tt-nhnn_3,12/2022/tt-nhnn_10,ARTICLE,AMEND,
21/2023/tt-nhnn,21/2023/tt-nhnn_4,ARTICLE,CONTAIN,
21/2023/tt-nhnn_4,14/2019/tt-nhnn_2,ARTICLE,AMEND,
21/2023/tt-nhnn,21/2023/tt-nhnn_5,ARTICLE,CONTAIN,
21/2023/tt-nhnn,21/2023/tt-nhnn_6,ARTICLE,CONTAIN,
21/2023/tt-nhnn_6,14/2019/tt-nhnn_1,ARTICLE,REPEAL,
21/2023/tt-nhnn_6,14/2019/tt-nhnn_2,ARTICLE,REPEAL,
21/2023/tt-nhnn_6,21/2023/tt-nhnn_3,ARTICLE,GUIDE,
22/2023/tt-nhnn,22/2023/tt-nhnn_1,ARTICLE,CONTAIN,
22/2023/tt-nhnn_1,41/2016/tt-nhnn_2,ARTICLE,AMEND,
22/2023/tt-nhnn_1,41/2016/tt-nhnn_8,ARTICLE,AMEND,
22/2023/tt-nhnn_1,41/2016/tt-nhnn_9,ARTICLE,AMEND,
22/2023/tt-nhnn_1,41/2016/tt-nhnn_11,ARTICLE,AMEND,
22/2023/tt-nhnn_1,41/2016/tt-nhnn_12,ARTICLE,AMEND,
22/2023/tt-nhnn_1,41/2016/tt-nhnn_14,ARTICLE,AMEND,
22/2023/tt-nhnn_1,41/2016/tt-nhnn_17,ARTICLE,AMEND,
22/2023/tt-nhnn_1,41/2016/tt-nhnn_18,ARTICLE,AMEND,
22/2023/tt-nhnn_1,41/2016/tt-nhnn_21,ARTICLE,AMEND,
22/2023/tt-nhnn_1,41/2016/tt-nhnn_22,ARTICLE,AMEND,
22/2023/tt-nhnn,22/2023/tt-nhnn_2,ARTICLE,CONTAIN,
22/2023/tt-nhnn,22/2023/tt-nhnn_3,ARTICLE,CONTAIN,
22/2023/tt-nhnn,22/2023/tt-nhnn_4,ARTICLE,CONTAIN,
20/2023/tt-nhnn,20/2023/tt-nhnn_1,ARTICLE,CONTAIN,
20/2023/tt-nhnn,20/2023/tt-nhnn_2,ARTICLE,CONTAIN,
20/2023/tt-nhnn,20/2023/tt-nhnn_3,ARTICLE,CONTAIN,
20/2023/tt-nhnn,20/2023/tt-nhnn_4,ARTICLE,CONTAIN,
20/2023/tt-nhnn,20/2023/tt-nhnn_5,ARTICLE,CONTAIN,
20/2023/tt-nhnn_5,20/2023/tt-nhnn_4,ARTICLE,GUIDE,
20/2023/tt-nhnn,20/2023/tt-nhnn_6,ARTICLE,CONTAIN,
20/2023/tt-nhnn,20/2023/tt-nhnn_7,ARTICLE,CONTAIN,
23/2023/tt-nhnn,23/2023/tt-nhnn_1,ARTICLE,CONTAIN,
23/2023/tt-nhnn,23/2023/tt-nhnn_2,ARTICLE,CONTAIN,
23/2023/tt-nhnn,23/2023/tt-nhnn_3,ARTICLE,CONTAIN,
23/2023/tt-nhnn,23/2023/tt-nhnn_4,ARTICLE,CONTAIN,
23/2023/tt-nhnn,23/2023/tt-nhnn_5,ARTICLE,CONTAIN,
23/2023/tt-nhnn,23/2023/tt-nhnn_6,ARTICLE,CONTAIN,
23/2023/tt-nhnn,23/2023/tt-nhnn_7,ARTICLE,CONTAIN,
23/2023/tt-nhnn,23/2023/tt-nhnn_8,ARTICLE,CONTAIN,
23/2023/tt-nhnn,23/2023/tt-nhnn_9,ARTICLE,CONTAIN,
23/2023/tt-nhnn,23/2023/tt-nhnn_10,ARTICLE,CONTAIN,
23/2023/tt-nhnn,23/2023/tt-nhnn_11,ARTICLE,CONTAIN,
23/2023/tt-nhnn,23/2023/tt-nhnn_12,ARTICLE,CONTAIN,
23/2023/tt-nhnn,23/2023/tt-nhnn_13,ARTICLE,CONTAIN,
24/2023/tt-nhnn,24/2023/tt-nhnn_1,ARTICLE,CONTAIN,
24/2023/tt-nhnn_1,31/2012/TT-NHNN_9,ARTICLE,AMEND,
24/2023/tt-nhnn_1,31/2012/TT-NHNN_9,ARTICLE,REPEAL,
24/2023/tt-nhnn,24/2023/tt-nhnn_2,ARTICLE,CONTAIN,
24/2023/tt-nhnn,24/2023/tt-nhnn_3,ARTICLE,CONTAIN,
24/2023/tt-nhnn_3,03/2018/TT-NHNN_9,ARTICLE,AMEND,
24/2023/tt-nhnn_3,03/2018/TT-NHNN_11,ARTICLE,AMEND,
24/2023/tt-nhnn_3,03/2018/TT-NHNN_24,ARTICLE,AMEND,
24/2023/tt-nhnn_3,03/2018/TT-NHNN_11,ARTICLE,REPEAL,
24/2023/tt-nhnn,24/2023/tt-nhnn_4,ARTICLE,CONTAIN,
24/2023/tt-nhnn,24/2023/tt-nhnn_5,ARTICLE,CONTAIN,
24/2023/tt-nhnn_5,10/2018/tt-nhnn_11,ARTICLE,REPEAL,
24/2023/tt-nhnn_5,10/2018/tt-nhnn_11,ARTICLE,REPLACE,
24/2023/tt-nhnn,24/2023/tt-nhnn_6,ARTICLE,CONTAIN,
24/2023/tt-nhnn_6,23/2018/tt-nhnn_11,ARTICLE,AMEND,
24/2023/tt-nhnn,24/2023/tt-nhnn_7,ARTICLE,CONTAIN,
24/2023/tt-nhnn_7,25/2017/tt-nhnn_9,ARTICLE,AMEND,
24/2023/tt-nhnn_7,25/2017/tt-nhnn_10,ARTICLE,AMEND,
24/2023/tt-nhnn_7,25/2017/tt-nhnn_11,ARTICLE,AMEND,
24/2023/tt-nhnn,24/2023/tt-nhnn_8,ARTICLE,CONTAIN,
24/2023/tt-nhnn_8,22/2018/tt-nhnn_7,ARTICLE,AMEND,
24/2023/tt-nhnn,24/2023/tt-nhnn_9,ARTICLE,CONTAIN,
24/2023/tt-nhnn,24/2023/tt-nhnn_10,ARTICLE,CONTAIN,
24/2023/tt-nhnn_10,13/2019/tt-nhnn_2,ARTICLE,REPEAL,
18/2023/tt-nhnn,18/2023/tt-nhnn_1,ARTICLE,CONTAIN,
18/2023/tt-nhnn_1,18/2023/tt-nhnn_3,ARTICLE,AMEND,
18/2023/tt-nhnn_1,18/2023/tt-nhnn_9,ARTICLE,AMEND,
18/2023/tt-nhnn_1,18/2023/tt-nhnn_10,ARTICLE,AMEND,
18/2023/tt-nhnn_1,18/2023/tt-nhnn_11,ARTICLE,AMEND,
18/2023/tt-nhnn_1,18/2023/tt-nhnn_12,ARTICLE,AMEND,
18/2023/tt-nhnn_1,18/2023/tt-nhnn_8,ARTICLE,GUIDE,
18/2023/tt-nhnn_1,18/2023/tt-nhnn_9,ARTICLE,GUIDE,
18/2023/tt-nhnn_1,18/2023/tt-nhnn_10,ARTICLE,GUIDE,
18/2023/tt-nhnn_1,18/2023/tt-nhnn_11,ARTICLE,GUIDE,
18/2023/tt-nhnn,18/2023/tt-nhnn_2,ARTICLE,CONTAIN,
18/2023/tt-nhnn_2,17/2015/tt-nhnn_5,ARTICLE,REPLACE,
18/2023/tt-nhnn_2,17/2015/tt-nhnn_6,ARTICLE,REPLACE,
18/2023/tt-nhnn_2,17/2015/tt-nhnn_12,ARTICLE,REPLACE,
18/2023/tt-nhnn,18/2023/tt-nhnn_3,ARTICLE,CONTAIN,
18/2023/tt-nhnn,18/2023/tt-nhnn_4,ARTICLE,CONTAIN,
18/2023/tt-nhnn_4,18/2023/tt-nhnn_9,ARTICLE,GUIDE,
25/2023/tt-nhnn,25/2023/tt-nhnn_1,ARTICLE,CONTAIN,
25/2023/tt-nhnn,25/2023/tt-nhnn_2,ARTICLE,CONTAIN,
25/2023/tt-nhnn,25/2023/tt-nhnn_3,ARTICLE,CONTAIN,
25/2023/tt-nhnn,25/2023/tt-nhnn_4,ARTICLE,CONTAIN,
25/2023/tt-nhnn,25/2023/tt-nhnn_5,ARTICLE,CONTAIN,
25/2023/tt-nhnn,25/2023/tt-nhnn_6,ARTICLE,CONTAIN,
25/2023/tt-nhnn_6,57/2012/qh13_24,ARTICLE,GUIDE,
25/2023/tt-nhnn,25/2023/tt-nhnn_7,ARTICLE,CONTAIN,
25/2023/tt-nhnn_7,54/2005/QH11_28,ARTICLE,GUIDE,
25/2023/tt-nhnn,25/2023/tt-nhnn_8,ARTICLE,CONTAIN,
25/2023/tt-nhnn_8,61/2013/qh13_27,ARTICLE,GUIDE,
25/2023/tt-nhnn,25/2023/tt-nhnn_9,ARTICLE,CONTAIN,
25/2023/tt-nhnn,25/2023/tt-nhnn_10,ARTICLE,CONTAIN,
25/2023/tt-nhnn_10,53/2009/qh12_74,ARTICLE,GUIDE,
25/2023/tt-nhnn,25/2023/tt-nhnn_11,ARTICLE,CONTAIN,
25/2023/tt-nhnn,25/2023/tt-nhnn_12,ARTICLE,CONTAIN,
25/2023/tt-nhnn,25/2023/tt-nhnn_13,ARTICLE,CONTAIN,
25/2023/tt-nhnn,25/2023/tt-nhnn_14,ARTICLE,CONTAIN,
25/2023/tt-nhnn_14,25/2023/tt-nhnn_3,ARTICLE,GUIDE,
25/2023/tt-nhnn,25/2023/tt-nhnn_15,ARTICLE,CONTAIN,
25/2023/tt-nhnn,25/2023/tt-nhnn_16,ARTICLE,CONTAIN,
25/2023/tt-nhnn_16,25/2023/tt-nhnn_3,ARTICLE,GUIDE,
25/2023/tt-nhnn_16,25/2023/tt-nhnn_10,ARTICLE,GUIDE,
25/2023/tt-nhnn,25/2023/tt-nhnn_19,ARTICLE,CONTAIN,
25/2023/tt-nhnn,25/2023/tt-nhnn_20,ARTICLE,CONTAIN,
25/2023/tt-nhnn,25/2023/tt-nhnn_21,ARTICLE,CONTAIN,
25/2023/tt-nhnn,25/2023/tt-nhnn_22,ARTICLE,CONTAIN,
25/2023/tt-nhnn,25/2023/tt-nhnn_23,ARTICLE,CONTAIN,
25/2023/tt-nhnn,25/2023/tt-nhnn_24,ARTICLE,CONTAIN,
25/2023/tt-nhnn,25/2023/tt-nhnn_25,ARTICLE,CONTAIN,
25/2023/tt-nhnn,25/2023/tt-nhnn_26,ARTICLE,CONTAIN,
25/2023/tt-nhnn,25/2023/tt-nhnn_27,ARTICLE,CONTAIN,
25/2023/tt-nhnn,25/2023/tt-nhnn_28,ARTICLE,CONTAIN,
25/2023/tt-nhnn,25/2023/tt-nhnn_29,ARTICLE,CONTAIN,
25/2023/tt-nhnn,25/2023/tt-nhnn_30,ARTICLE,CONTAIN,
25/2023/tt-nhnn_30,25/2023/tt-nhnn_3,ARTICLE,GUIDE,
25/2023/tt-nhnn,25/2023/tt-nhnn_31,ARTICLE,CONTAIN,
25/2023/tt-nhnn,25/2023/tt-nhnn_32,ARTICLE,CONTAIN,
32/2024/qh15,32/2024/qh15_1,ARTICLE,CONTAIN,
32/2024/qh15,32/2024/qh15_2,ARTICLE,CONTAIN,
32/2024/qh15,32/2024/qh15_3,ARTICLE,CONTAIN,
32/2024/qh15,32/2024/qh15_4,ARTICLE,CONTAIN,
32/2024/qh15,32/2024/qh15_5,ARTICLE,CONTAIN,
32/2024/qh15,32/2024/qh15_6,ARTICLE,CONTAIN,
32/2024/qh15,32/2024/qh15_7,ARTICLE,CONTAIN,
32/2024/qh15,32/2024/qh15_8,ARTICLE,CONTAIN,
32/2024/qh15,32/2024/qh15_9,ARTICLE,CONTAIN,
32/2024/qh15,32/2024/qh15_10,ARTICLE,CONTAIN,
32/2024/qh15,32/2024/qh15_11,ARTICLE,CONTAIN,
32/2024/qh15,32/2024/qh15_12,ARTICLE,CONTAIN,
32/2024/qh15,32/2024/qh15_13,ARTICLE,CONTAIN,
32/2024/qh15,32/2024/qh15_14,ARTICLE,CONTAIN,
32/2024/qh15,32/2024/qh15_15,ARTICLE,CONTAIN,
32/2024/qh15,32/2024/qh15_16,ARTICLE,CONTAIN,
32/2024/qh15,32/2024/qh15_17,ARTICLE,CONTAIN,
32/2024/qh15,32/2024/qh15_18,ARTICLE,CONTAIN,
32/2024/qh15,32/2024/qh15_19,ARTICLE,CONTAIN,
32/2024/qh15,32/2024/qh15_20,ARTICLE,CONTAIN,
32/2024/qh15,32/2024/qh15_21,ARTICLE,CONTAIN,
32/2024/qh15,32/2024/qh15_22,ARTICLE,CONTAIN,
32/2024/qh15,32/2024/qh15_23,ARTICLE,CONTAIN,
32/2024/qh15,32/2024/qh15_24,ARTICLE,CONTAIN,
32/2024/qh15,32/2024/qh15_25,ARTICLE,CONTAIN,
32/2024/qh15,32/2024/qh15_26,ARTICLE,CONTAIN,
32/2024/qh15,32/2024/qh15_27,ARTICLE,CONTAIN,
32/2024/qh15,32/2024/qh15_28,ARTICLE,CONTAIN,
32/2024/qh15,32/2024/qh15_29,ARTICLE,CONTAIN,
32/2024/qh15_29,32/2024/qh15_1,ARTICLE,GUIDE,
32/2024/qh15_29,32/2024/qh15_41,ARTICLE,GUIDE,
32/2024/qh15,32/2024/qh15_30,ARTICLE,CONTAIN,
32/2024/qh15,32/2024/qh15_31,ARTICLE,CONTAIN,
32/2024/qh15,32/2024/qh15_32,ARTICLE,CONTAIN,
32/2024/qh15,32/2024/qh15_33,ARTICLE,CONTAIN,
32/2024/qh15,32/2024/qh15_34,ARTICLE,CONTAIN,
32/2024/qh15_34,32/2024/qh15_33,ARTICLE,GUIDE,
32/2024/qh15,32/2024/qh15_35,ARTICLE,CONTAIN,
32/2024/qh15,32/2024/qh15_36,ARTICLE,CONTAIN,
32/2024/qh15,32/2024/qh15_37,ARTICLE,CONTAIN,
32/2024/qh15_37,32/2024/qh15_29,ARTICLE,GUIDE,
32/2024/qh15_37,32/2024/qh15_78,ARTICLE,GUIDE,
32/2024/qh15_37,32/2024/qh15_77,ARTICLE,GUIDE,
32/2024/qh15,32/2024/qh15_38,ARTICLE,CONTAIN,
32/2024/qh15,32/2024/qh15_39,ARTICLE,CONTAIN,
32/2024/qh15,32/2024/qh15_40,ARTICLE,CONTAIN,
32/2024/qh15_40,32/2024/qh15_82,ARTICLE,GUIDE,
32/2024/qh15,32/2024/qh15_41,ARTICLE,CONTAIN,
32/2024/qh15,32/2024/qh15_42,ARTICLE,CONTAIN,
32/2024/qh15_42,32/2024/qh15_47,ARTICLE,GUIDE,
32/2024/qh15_42,32/2024/qh15_69,ARTICLE,GUIDE,
32/2024/qh15_42,32/2024/qh15_73,ARTICLE,GUIDE,
32/2024/qh15_42,32/2024/qh15_77,ARTICLE,GUIDE,
32/2024/qh15,32/2024/qh15_43,ARTICLE,CONTAIN,
32/2024/qh15,32/2024/qh15_44,ARTICLE,CONTAIN,
32/2024/qh15,32/2024/qh15_45,ARTICLE,CONTAIN,
32/2024/qh15_45,32/2024/qh15_42,ARTICLE,GUIDE,
32/2024/qh15,32/2024/qh15_46,ARTICLE,CONTAIN,
32/2024/qh15_46,32/2024/qh15_45,ARTICLE,GUIDE,
32/2024/qh15_46,32/2024/qh15_41,ARTICLE,GUIDE,
32/2024/qh15_46,32/2024/qh15_43,ARTICLE,GUIDE,
32/2024/qh15,32/2024/qh15_47,ARTICLE,CONTAIN,
32/2024/qh15_47,32/2024/qh15_43,ARTICLE,GUIDE,
32/2024/qh15_47,32/2024/qh15_48,ARTICLE,GUIDE,
32/2024/qh15_47,32/2024/qh15_41,ARTICLE,GUIDE,
32/2024/qh15,32/2024/qh15_48,ARTICLE,CONTAIN,
32/2024/qh15,32/2024/qh15_49,ARTICLE,CONTAIN,
32/2024/qh15,32/2024/qh15_50,ARTICLE,CONTAIN,
32/2024/qh15_50,32/2024/qh15_69,ARTICLE,GUIDE,
32/2024/qh15_50,32/2024/qh15_73,ARTICLE,GUIDE,
32/2024/qh15_50,32/2024/qh15_166,ARTICLE,GUIDE,
32/2024/qh15,32/2024/qh15_51,ARTICLE,CONTAIN,
32/2024/qh15_51,32/2024/qh15_166,ARTICLE,GUIDE,
32/2024/qh15,32/2024/qh15_52,ARTICLE,CONTAIN,
32/2024/qh15,32/2024/qh15_53,ARTICLE,CONTAIN,
32/2024/qh15_53,32/2024/qh15_52,ARTICLE,GUIDE,
32/2024/qh15,32/2024/qh15_54,ARTICLE,CONTAIN,
32/2024/qh15_54,32/2024/qh15_73,ARTICLE,GUIDE,
32/2024/qh15,32/2024/qh15_55,ARTICLE,CONTAIN,
32/2024/qh15,32/2024/qh15_56,ARTICLE,CONTAIN,
32/2024/qh15,32/2024/qh15_57,ARTICLE,CONTAIN,
32/2024/qh15,32/2024/qh15_58,ARTICLE,CONTAIN,
32/2024/qh15,32/2024/qh15_59,ARTICLE,CONTAIN,
32/2024/qh15,32/2024/qh15_60,ARTICLE,CONTAIN,
32/2024/qh15,32/2024/qh15_61,ARTICLE,CONTAIN,
32/2024/qh15,32/2024/qh15_62,ARTICLE,CONTAIN,
32/2024/qh15_62,32/2024/qh15_65,ARTICLE,GUIDE,
32/2024/qh15,32/2024/qh15_63,ARTICLE,CONTAIN,
32/2024/qh15_63,32/2024/qh15_111,ARTICLE,GUIDE,
32/2024/qh15_63,32/2024/qh15_4,ARTICLE,GUIDE,
32/2024/qh15,32/2024/qh15_64,ARTICLE,CONTAIN,
32/2024/qh15_64,32/2024/qh15_63,ARTICLE,GUIDE,
32/2024/qh15,32/2024/qh15_65,ARTICLE,CONTAIN,
32/2024/qh15,32/2024/qh15_66,ARTICLE,CONTAIN,
32/2024/qh15,32/2024/qh15_67,ARTICLE,CONTAIN,
32/2024/qh15_67,32/2024/qh15_69,ARTICLE,GUIDE,
32/2024/qh15_67,32/2024/qh15_51,ARTICLE,GUIDE,
32/2024/qh15_67,32/2024/qh15_143,ARTICLE,GUIDE,
32/2024/qh15_67,32/2024/qh15_59,ARTICLE,GUIDE,
32/2024/qh15,32/2024/qh15_68,ARTICLE,CONTAIN,
32/2024/qh15,32/2024/qh15_69,ARTICLE,CONTAIN,
32/2024/qh15,32/2024/qh15_70,ARTICLE,CONTAIN,
32/2024/qh15_70,32/2024/qh15_67,ARTICLE,GUIDE,
32/2024/qh15_70,32/2024/qh15_136,ARTICLE,GUIDE,
32/2024/qh15,32/2024/qh15_71,ARTICLE,CONTAIN,
32/2024/qh15,32/2024/qh15_72,ARTICLE,CONTAIN,
32/2024/qh15,32/2024/qh15_73,ARTICLE,CONTAIN,
32/2024/qh15_73,32/2024/qh15_41,ARTICLE,GUIDE,
32/2024/qh15,32/2024/qh15_74,ARTICLE,CONTAIN,
32/2024/qh15,32/2024/qh15_75,ARTICLE,CONTAIN,
32/2024/qh15,32/2024/qh15_76,ARTICLE,CONTAIN,
32/2024/qh15,32/2024/qh15_77,ARTICLE,CONTAIN,
32/2024/qh15,32/2024/qh15_78,ARTICLE,CONTAIN,
32/2024/qh15,32/2024/qh15_79,ARTICLE,CONTAIN,
32/2024/qh15_79,32/2024/qh15_74,ARTICLE,GUIDE,
32/2024/qh15_79,32/2024/qh15_75,ARTICLE,GUIDE,
32/2024/qh15_79,32/2024/qh15_76,ARTICLE,GUIDE,
32/2024/qh15,32/2024/qh15_80,ARTICLE,CONTAIN,
32/2024/qh15,32/2024/qh15_81,ARTICLE,CONTAIN,
32/2024/qh15,32/2024/qh15_82,ARTICLE,CONTAIN,
32/2024/qh15,32/2024/qh15_83,ARTICLE,CONTAIN,
32/2024/qh15,32/2024/qh15_84,ARTICLE,CONTAIN,
32/2024/qh15,32/2024/qh15_85,ARTICLE,CONTAIN,
32/2024/qh15,32/2024/qh15_86,ARTICLE,CONTAIN,
32/2024/qh15_86,32/2024/qh15_82,ARTICLE,GUIDE,
32/2024/qh15,32/2024/qh15_87,ARTICLE,CONTAIN,
32/2024/qh15_87,32/2024/qh15_166,ARTICLE,GUIDE,
32/2024/qh15,32/2024/qh15_88,ARTICLE,CONTAIN,
32/2024/qh15,32/2024/qh15_89,ARTICLE,CONTAIN,
32/2024/qh15,32/2024/qh15_90,ARTICLE,CONTAIN,
32/2024/qh15,32/2024/qh15_91,ARTICLE,CONTAIN,
32/2024/qh15_91,32/2024/qh15_166,ARTICLE,GUIDE,
32/2024/qh15,32/2024/qh15_92,ARTICLE,CONTAIN,
32/2024/qh15,32/2024/qh15_93,ARTICLE,CONTAIN,
32/2024/qh15_93,32/2024/qh15_92,ARTICLE,GUIDE,
32/2024/qh15,32/2024/qh15_94,ARTICLE,CONTAIN,
32/2024/qh15,32/2024/qh15_95,ARTICLE,CONTAIN,
32/2024/qh15,32/2024/qh15_96,ARTICLE,CONTAIN,
32/2024/qh15,32/2024/qh15_97,ARTICLE,CONTAIN,
32/2024/qh15_97,32/2024/qh15_57,ARTICLE,GUIDE,
32/2024/qh15_97,32/2024/qh15_59,ARTICLE,GUIDE,
32/2024/qh15,32/2024/qh15_98,ARTICLE,CONTAIN,
32/2024/qh15_98,32/2024/qh15_41,ARTICLE,GUIDE,
32/2024/qh15_98,32/2024/qh15_44,ARTICLE,GUIDE,
32/2024/qh15,32/2024/qh15_99,ARTICLE,CONTAIN,
32/2024/qh15,32/2024/qh15_100,ARTICLE,CONTAIN,
32/2024/qh15,32/2024/qh15_101,ARTICLE,CONTAIN,
32/2024/qh15,32/2024/qh15_102,ARTICLE,CONTAIN,
32/2024/qh15,32/2024/qh15_103,ARTICLE,CONTAIN,
32/2024/qh15,32/2024/qh15_104,ARTICLE,CONTAIN,
32/2024/qh15,32/2024/qh15_105,ARTICLE,CONTAIN,
32/2024/qh15,32/2024/qh15_106,ARTICLE,CONTAIN,
32/2024/qh15,32/2024/qh15_107,ARTICLE,CONTAIN,
32/2024/qh15,32/2024/qh15_108,ARTICLE,CONTAIN,
32/2024/qh15,32/2024/qh15_109,ARTICLE,CONTAIN,
32/2024/qh15,32/2024/qh15_110,ARTICLE,CONTAIN,
32/2024/qh15,32/2024/qh15_111,ARTICLE,CONTAIN,
32/2024/qh15,32/2024/qh15_112,ARTICLE,CONTAIN,
32/2024/qh15,32/2024/qh15_113,ARTICLE,CONTAIN,
32/2024/qh15,32/2024/qh15_114,ARTICLE,CONTAIN,
32/2024/qh15,32/2024/qh15_115,ARTICLE,CONTAIN,
32/2024/qh15,32/2024/qh15_116,ARTICLE,CONTAIN,
32/2024/qh15,32/2024/qh15_117,ARTICLE,CONTAIN,
32/2024/qh15,32/2024/qh15_118,ARTICLE,CONTAIN,
32/2024/qh15,32/2024/qh15_119,ARTICLE,CONTAIN,
32/2024/qh15,32/2024/qh15_120,ARTICLE,CONTAIN,
32/2024/qh15,32/2024/qh15_121,ARTICLE,CONTAIN,
32/2024/qh15_121,32/2024/qh15_116,ARTICLE,GUIDE,
32/2024/qh15,32/2024/qh15_122,ARTICLE,CONTAIN,
32/2024/qh15,32/2024/qh15_123,ARTICLE,CONTAIN,
32/2024/qh15,32/2024/qh15_124,ARTICLE,CONTAIN,
32/2024/qh15,32/2024/qh15_125,ARTICLE,CONTAIN,
32/2024/qh15,32/2024/qh15_126,ARTICLE,CONTAIN,
32/2024/qh15,32/2024/qh15_127,ARTICLE,CONTAIN,
32/2024/qh15,32/2024/qh15_128,ARTICLE,CONTAIN,
32/2024/qh15,32/2024/qh15_129,ARTICLE,CONTAIN,
32/2024/qh15,32/2024/qh15_130,ARTICLE,CONTAIN,
32/2024/qh15,32/2024/qh15_131,ARTICLE,CONTAIN,
32/2024/qh15_131,32/2024/qh15_111,ARTICLE,GUIDE,
32/2024/qh15,32/2024/qh15_132,ARTICLE,CONTAIN,
32/2024/qh15,32/2024/qh15_133,ARTICLE,CONTAIN,
32/2024/qh15,32/2024/qh15_134,ARTICLE,CONTAIN,
32/2024/qh15,32/2024/qh15_135,ARTICLE,CONTAIN,
32/2024/qh15_135,32/2024/qh15_134,ARTICLE,GUIDE,
32/2024/qh15,32/2024/qh15_136,ARTICLE,CONTAIN,
32/2024/qh15_136,32/2024/qh15_134,ARTICLE,GUIDE,
32/2024/qh15_136,32/2024/qh15_135,ARTICLE,GUIDE,
32/2024/qh15,32/2024/qh15_137,ARTICLE,CONTAIN,
32/2024/qh15_137,32/2024/qh15_111,ARTICLE,GUIDE,
32/2024/qh15_137,32/2024/qh15_118,ARTICLE,GUIDE,
32/2024/qh15_137,32/2024/qh15_123,ARTICLE,GUIDE,
32/2024/qh15,32/2024/qh15_138,ARTICLE,CONTAIN,
32/2024/qh15,32/2024/qh15_139,ARTICLE,CONTAIN,
32/2024/qh15_139,32/2024/qh15_144,ARTICLE,GUIDE,
32/2024/qh15,32/2024/qh15_140,ARTICLE,CONTAIN,
32/2024/qh15,32/2024/qh15_141,ARTICLE,CONTAIN,
32/2024/qh15,32/2024/qh15_142,ARTICLE,CONTAIN,
32/2024/qh15,32/2024/qh15_143,ARTICLE,CONTAIN,
32/2024/qh15_143,32/2024/qh15_156,ARTICLE,GUIDE,
32/2024/qh15_143,32/2024/qh15_157,ARTICLE,GUIDE,
32/2024/qh15_143,32/2024/qh15_159,ARTICLE,GUIDE,
32/2024/qh15,32/2024/qh15_144,ARTICLE,CONTAIN,
32/2024/qh15,32/2024/qh15_145,ARTICLE,CONTAIN,
32/2024/qh15,32/2024/qh15_146,ARTICLE,CONTAIN,
32/2024/qh15,32/2024/qh15_147,ARTICLE,CONTAIN,
32/2024/qh15,32/2024/qh15_148,ARTICLE,CONTAIN,
32/2024/qh15,32/2024/qh15_149,ARTICLE,CONTAIN,
32/2024/qh15,32/2024/qh15_150,ARTICLE,CONTAIN,
32/2024/qh15,32/2024/qh15_151,ARTICLE,CONTAIN,
32/2024/qh15,32/2024/qh15_152,ARTICLE,CONTAIN,
32/2024/qh15,32/2024/qh15_153,ARTICLE,CONTAIN,
32/2024/qh15,32/2024/qh15_154,ARTICLE,CONTAIN,
32/2024/qh15,32/2024/qh15_155,ARTICLE,CONTAIN,
32/2024/qh15,32/2024/qh15_156,ARTICLE,CONTAIN,
32/2024/qh15_156,32/2024/qh15_138,ARTICLE,GUIDE,
32/2024/qh15_156,32/2024/qh15_143,ARTICLE,GUIDE,
32/2024/qh15_156,32/2024/qh15_157,ARTICLE,GUIDE,
32/2024/qh15_156,32/2024/qh15_158,ARTICLE,GUIDE,
32/2024/qh15,32/2024/qh15_157,ARTICLE,CONTAIN,
32/2024/qh15,32/2024/qh15_158,ARTICLE,CONTAIN,
32/2024/qh15_158,32/2024/qh15_143,ARTICLE,GUIDE,
32/2024/qh15_158,32/2024/qh15_156,ARTICLE,GUIDE,
32/2024/qh15_158,32/2024/qh15_159,ARTICLE,GUIDE,
32/2024/qh15,32/2024/qh15_159,ARTICLE,CONTAIN,
32/2024/qh15_159,32/2024/qh15_136,ARTICLE,GUIDE,
32/2024/qh15_159,32/2024/qh15_138,ARTICLE,GUIDE,
32/2024/qh15_159,32/2024/qh15_63,ARTICLE,GUIDE,
32/2024/qh15_159,32/2024/qh15_77,ARTICLE,GUIDE,
32/2024/qh15_159,32/2024/qh15_156,ARTICLE,GUIDE,
32/2024/qh15,32/2024/qh15_160,ARTICLE,CONTAIN,
32/2024/qh15_160,32/2024/qh15_156,ARTICLE,GUIDE,
32/2024/qh15_160,32/2024/qh15_158,ARTICLE,GUIDE,
32/2024/qh15_160,32/2024/qh15_159,ARTICLE,GUIDE,
32/2024/qh15_160,32/2024/qh15_201,ARTICLE,GUIDE,
32/2024/qh15,32/2024/qh15_161,ARTICLE,CONTAIN,
32/2024/qh15_161,32/2024/qh15_156,ARTICLE,GUIDE,
32/2024/qh15_161,32/2024/qh15_201,ARTICLE,GUIDE,
32/2024/qh15_161,32/2024/qh15_162,ARTICLE,GUIDE,
32/2024/qh15,32/2024/qh15_162,ARTICLE,CONTAIN,
32/2024/qh15,32/2024/qh15_163,ARTICLE,CONTAIN,
32/2024/qh15,32/2024/qh15_164,ARTICLE,CONTAIN,
32/2024/qh15,32/2024/qh15_165,ARTICLE,CONTAIN,
32/2024/qh15_165,32/2024/qh15_163,ARTICLE,GUIDE,
32/2024/qh15_165,32/2024/qh15_164,ARTICLE,GUIDE,
32/2024/qh15,32/2024/qh15_166,ARTICLE,CONTAIN,
32/2024/qh15,32/2024/qh15_167,ARTICLE,CONTAIN,
32/2024/qh15_167,32/2024/qh15_162,ARTICLE,GUIDE,
32/2024/qh15,32/2024/qh15_168,ARTICLE,CONTAIN,
32/2024/qh15_168,32/2024/qh15_138,ARTICLE,GUIDE,
32/2024/qh15,32/2024/qh15_169,ARTICLE,CONTAIN,
32/2024/qh15_169,32/2024/qh15_167,ARTICLE,GUIDE,
32/2024/qh15,32/2024/qh15_170,ARTICLE,CONTAIN,
32/2024/qh15_170,32/2024/qh15_162,ARTICLE,GUIDE,
32/2024/qh15_170,32/2024/qh15_171,ARTICLE,GUIDE,
32/2024/qh15,32/2024/qh15_171,ARTICLE,CONTAIN,
32/2024/qh15_171,32/2024/qh15_192,ARTICLE,GUIDE,
32/2024/qh15_171,32/2024/qh15_63,ARTICLE,GUIDE,
32/2024/qh15_171,32/2024/qh15_77,ARTICLE,GUIDE,
32/2024/qh15,32/2024/qh15_172,ARTICLE,CONTAIN,
32/2024/qh15_172,32/2024/qh15_169,ARTICLE,GUIDE,
32/2024/qh15,32/2024/qh15_173,ARTICLE,CONTAIN,
32/2024/qh15_173,32/2024/qh15_138,ARTICLE,GUIDE,
32/2024/qh15_173,32/2024/qh15_57,ARTICLE,GUIDE,
32/2024/qh15_173,32/2024/qh15_58,ARTICLE,GUIDE,
32/2024/qh15,32/2024/qh15_174,ARTICLE,CONTAIN,
32/2024/qh15_174,32/2024/qh15_169,ARTICLE,GUIDE,
32/2024/qh15_174,32/2024/qh15_138,ARTICLE,GUIDE,
32/2024/qh15,32/2024/qh15_175,ARTICLE,CONTAIN,
32/2024/qh15_175,32/2024/qh15_138,ARTICLE,GUIDE,
32/2024/qh15,32/2024/qh15_176,ARTICLE,CONTAIN,
32/2024/qh15_176,32/2024/qh15_167,ARTICLE,GUIDE,
32/2024/qh15_176,32/2024/qh15_169,ARTICLE,GUIDE,
32/2024/qh15,32/2024/qh15_177,ARTICLE,CONTAIN,
32/2024/qh15_177,32/2024/qh15_138,ARTICLE,GUIDE,
32/2024/qh15_177,32/2024/qh15_162,ARTICLE,GUIDE,
32/2024/qh15_177,32/2024/qh15_171,ARTICLE,GUIDE,
32/2024/qh15_177,32/2024/qh15_63,ARTICLE,GUIDE,
32/2024/qh15_177,32/2024/qh15_77,ARTICLE,GUIDE,
32/2024/qh15_177,32/2024/qh15_137,ARTICLE,GUIDE,
32/2024/qh15,32/2024/qh15_178,ARTICLE,CONTAIN,
32/2024/qh15,32/2024/qh15_179,ARTICLE,CONTAIN,
32/2024/qh15_179,32/2024/qh15_184,ARTICLE,GUIDE,
32/2024/qh15_179,32/2024/qh15_167,ARTICLE,GUIDE,
32/2024/qh15_179,32/2024/qh15_172,ARTICLE,GUIDE,
32/2024/qh15_179,32/2024/qh15_178,ARTICLE,GUIDE,
32/2024/qh15_179,32/2024/qh15_180,ARTICLE,GUIDE,
32/2024/qh15,32/2024/qh15_180,ARTICLE,CONTAIN,
32/2024/qh15_180,32/2024/qh15_179,ARTICLE,GUIDE,
32/2024/qh15_180,32/2024/qh15_184,ARTICLE,GUIDE,
32/2024/qh15,32/2024/qh15_181,ARTICLE,CONTAIN,
32/2024/qh15_181,32/2024/qh15_162,ARTICLE,GUIDE,
32/2024/qh15_181,32/2024/qh15_186,ARTICLE,GUIDE,
32/2024/qh15_181,32/2024/qh15_182,ARTICLE,GUIDE,
32/2024/qh15_181,32/2024/qh15_136,ARTICLE,GUIDE,
32/2024/qh15_181,32/2024/qh15_137,ARTICLE,GUIDE,
32/2024/qh15_181,32/2024/qh15_138,ARTICLE,GUIDE,
32/2024/qh15_181,32/2024/qh15_144,ARTICLE,GUIDE,
32/2024/qh15,32/2024/qh15_182,ARTICLE,CONTAIN,
32/2024/qh15_182,32/2024/qh15_192,ARTICLE,GUIDE,
32/2024/qh15,32/2024/qh15_183,ARTICLE,CONTAIN,
32/2024/qh15,32/2024/qh15_184,ARTICLE,CONTAIN,
32/2024/qh15_184,32/2024/qh15_138,ARTICLE,GUIDE,
32/2024/qh15,32/2024/qh15_185,ARTICLE,CONTAIN,
32/2024/qh15_185,32/2024/qh15_63,ARTICLE,GUIDE,
32/2024/qh15_185,32/2024/qh15_77,ARTICLE,GUIDE,
32/2024/qh15_185,32/2024/qh15_137,ARTICLE,GUIDE,
32/2024/qh15_185,32/2024/qh15_135,ARTICLE,GUIDE,
32/2024/qh15_185,32/2024/qh15_136,ARTICLE,GUIDE,
32/2024/qh15_185,32/2024/qh15_138,ARTICLE,GUIDE,
32/2024/qh15,32/2024/qh15_186,ARTICLE,CONTAIN,
32/2024/qh15_186,32/2024/qh15_63,ARTICLE,GUIDE,
32/2024/qh15_186,32/2024/qh15_77,ARTICLE,GUIDE,
32/2024/qh15_186,32/2024/qh15_137,ARTICLE,GUIDE,
32/2024/qh15,32/2024/qh15_187,ARTICLE,CONTAIN,
32/2024/qh15_187,32/2024/qh15_138,ARTICLE,GUIDE,
32/2024/qh15_187,32/2024/qh15_204,ARTICLE,GUIDE,
32/2024/qh15,32/2024/qh15_188,ARTICLE,CONTAIN,
32/2024/qh15_188,32/2024/qh15_169,ARTICLE,GUIDE,
32/2024/qh15_188,32/2024/qh15_176,ARTICLE,GUIDE,
32/2024/qh15_188,32/2024/qh15_179,ARTICLE,GUIDE,
32/2024/qh15_188,32/2024/qh15_180,ARTICLE,GUIDE,
32/2024/qh15_188,32/2024/qh15_187,ARTICLE,GUIDE,
32/2024/qh15_188,32/2024/qh15_183,ARTICLE,GUIDE,
32/2024/qh15_188,32/2024/qh15_204,ARTICLE,GUIDE,
32/2024/qh15_188,32/2024/qh15_167,ARTICLE,GUIDE,
32/2024/qh15_188,32/2024/qh15_172,ARTICLE,GUIDE,
32/2024/qh15_188,32/2024/qh15_178,ARTICLE,GUIDE,
32/2024/qh15,32/2024/qh15_189,ARTICLE,CONTAIN,
32/2024/qh15,32/2024/qh15_190,ARTICLE,CONTAIN,
32/2024/qh15_190,32/2024/qh15_203,ARTICLE,GUIDE,
32/2024/qh15,32/2024/qh15_191,ARTICLE,CONTAIN,
32/2024/qh15_191,32/2024/qh15_143,ARTICLE,GUIDE,
32/2024/qh15_191,32/2024/qh15_158,ARTICLE,GUIDE,
32/2024/qh15_191,32/2024/qh15_160,ARTICLE,GUIDE,
32/2024/qh15,32/2024/qh15_192,ARTICLE,CONTAIN,
32/2024/qh15_192,32/2024/qh15_191,ARTICLE,GUIDE,
32/2024/qh15,32/2024/qh15_193,ARTICLE,CONTAIN,
32/2024/qh15,32/2024/qh15_194,ARTICLE,CONTAIN,
32/2024/qh15,32/2024/qh15_195,ARTICLE,CONTAIN,
32/2024/qh15,32/2024/qh15_196,ARTICLE,CONTAIN,
32/2024/qh15,32/2024/qh15_197,ARTICLE,CONTAIN,
32/2024/qh15,32/2024/qh15_198,ARTICLE,CONTAIN,
32/2024/qh15,32/2024/qh15_199,ARTICLE,CONTAIN,
32/2024/qh15,32/2024/qh15_200,ARTICLE,CONTAIN,
32/2024/qh15_200,32/2024/qh15_199,ARTICLE,GUIDE,
32/2024/qh15,32/2024/qh15_201,ARTICLE,CONTAIN,
32/2024/qh15,32/2024/qh15_202,ARTICLE,CONTAIN,
32/2024/qh15,32/2024/qh15_203,ARTICLE,CONTAIN,
32/2024/qh15,32/2024/qh15_204,ARTICLE,CONTAIN,
32/2024/qh15,32/2024/qh15_205,ARTICLE,CONTAIN,
32/2024/qh15,32/2024/qh15_206,ARTICLE,CONTAIN,
32/2024/qh15,32/2024/qh15_207,ARTICLE,CONTAIN,
32/2024/qh15,32/2024/qh15_208,ARTICLE,CONTAIN,
32/2024/qh15,32/2024/qh15_209,ARTICLE,CONTAIN,
32/2024/qh15_209,32/2024/qh15_200,ARTICLE,GUIDE,
32/2024/qh15_209,32/2024/qh15_210,ARTICLE,GUIDE,
32/2024/qh15,32/2024/qh15_210,ARTICLE,CONTAIN,
32/2024/qh15_210,32/2024/qh15_137,ARTICLE,GUIDE,
32/2024/qh15_210,47/2010/qh12_55,ARTICLE,GUIDE,
32/2024/qh15_210,42/2017/qh14_7,ARTICLE,GUIDE,
32/2024/qh15_210,42/2017/qh14_10,ARTICLE,GUIDE,
32/2024/qh15_210,42/2017/qh14_16,ARTICLE,GUIDE,
32/2024/qh15_210,32/2024/qh15_41,ARTICLE,GUIDE,
32/2024/qh15_210,32/2024/qh15_42,ARTICLE,GUIDE,
32/2024/qh15_210,32/2024/qh15_43,ARTICLE,GUIDE,
32/2024/qh15_210,32/2024/qh15_69,ARTICLE,GUIDE,
32/2024/qh15_210,32/2024/qh15_73,ARTICLE,GUIDE,
32/2024/qh15_210,32/2024/qh15_51,ARTICLE,GUIDE,
32/2024/qh15_210,47/2010/qh12_44,ARTICLE,GUIDE,
32/2024/qh15_210,32/2024/qh15_202,ARTICLE,GUIDE,
32/2024/qh15_210,32/2024/qh15_203,ARTICLE,GUIDE,
32/2024/qh15_210,32/2024/qh15_63,ARTICLE,GUIDE,
32/2024/qh15_210,32/2024/qh15_107,ARTICLE,GUIDE,
32/2024/qh15_210,32/2024/qh15_114,ARTICLE,GUIDE,
32/2024/qh15_210,32/2024/qh15_115,ARTICLE,GUIDE,
32/2024/qh15_210,32/2024/qh15_119,ARTICLE,GUIDE,
32/2024/qh15_210,32/2024/qh15_120,ARTICLE,GUIDE,
32/2024/qh15_210,32/2024/qh15_124,ARTICLE,GUIDE,
32/2024/qh15_210,29/2023/qh15_40,ARTICLE,GUIDE,
01/2024/tt-nhnn,01/2024/tt-nhnn_1,ARTICLE,CONTAIN,
01/2024/tt-nhnn,01/2024/tt-nhnn_2,ARTICLE,CONTAIN,
01/2024/tt-nhnn,01/2024/tt-nhnn_3,ARTICLE,CONTAIN,
01/2024/tt-nhnn_3,01/2024/tt-nhnn_5,ARTICLE,GUIDE,
01/2024/tt-nhnn,01/2024/tt-nhnn_4,ARTICLE,CONTAIN,
01/2024/tt-nhnn_4,01/2024/tt-nhnn_9,ARTICLE,GUIDE,
01/2024/tt-nhnn,01/2024/tt-nhnn_5,ARTICLE,CONTAIN,
01/2024/tt-nhnn_5,01/2024/tt-nhnn_9,ARTICLE,GUIDE,
01/2024/tt-nhnn,01/2024/tt-nhnn_6,ARTICLE,CONTAIN,
01/2024/tt-nhnn,01/2024/tt-nhnn_7,ARTICLE,CONTAIN,
01/2024/tt-nhnn,01/2024/tt-nhnn_8,ARTICLE,CONTAIN,
01/2024/tt-nhnn,01/2024/tt-nhnn_9,ARTICLE,CONTAIN,
01/2024/tt-nhnn,01/2024/tt-nhnn_10,ARTICLE,CONTAIN,
01/2024/tt-nhnn,01/2024/tt-nhnn_11,ARTICLE,CONTAIN,
02/2024/tt-nhnn,02/2024/tt-nhnn_1,ARTICLE,CONTAIN,
02/2024/tt-nhnn_1,02/2024/tt-nhnn_2,ARTICLE,AMEND,
02/2024/tt-nhnn_1,02/2024/tt-nhnn_3,ARTICLE,AMEND,
02/2024/tt-nhnn_1,02/2024/tt-nhnn_5,ARTICLE,AMEND,
02/2024/tt-nhnn_1,02/2024/tt-nhnn_6,ARTICLE,AMEND,
02/2024/tt-nhnn,02/2024/tt-nhnn_2,ARTICLE,CONTAIN,
02/2024/tt-nhnn_2,17/2016/tt-nhnn_3,ARTICLE,REPEAL,
02/2024/tt-nhnn_2,17/2016/tt-nhnn_4,ARTICLE,REPEAL,
02/2024/tt-nhnn,02/2024/tt-nhnn_3,ARTICLE,CONTAIN,
02/2024/tt-nhnn,02/2024/tt-nhnn_4,ARTICLE,CONTAIN,
52/2024/nđ-cp,52/2024/nđ-cp_1,ARTICLE,CONTAIN,
52/2024/nđ-cp,52/2024/nđ-cp_2,ARTICLE,CONTAIN,
52/2024/nđ-cp,52/2024/nđ-cp_3,ARTICLE,CONTAIN,
52/2024/nđ-cp,52/2024/nđ-cp_4,ARTICLE,CONTAIN,
52/2024/nđ-cp,52/2024/nđ-cp_5,ARTICLE,CONTAIN,
52/2024/nđ-cp_5,32/2024/qh15_3,ARTICLE,GUIDE,
52/2024/nđ-cp_5,52/2024/nđ-cp_21,ARTICLE,GUIDE,
52/2024/nđ-cp_5,52/2024/nđ-cp_22,ARTICLE,GUIDE,
52/2024/nđ-cp,52/2024/nđ-cp_6,ARTICLE,CONTAIN,
52/2024/nđ-cp,52/2024/nđ-cp_7,ARTICLE,CONTAIN,
52/2024/nđ-cp,52/2024/nđ-cp_8,ARTICLE,CONTAIN,
52/2024/nđ-cp,52/2024/nđ-cp_9,ARTICLE,CONTAIN,
52/2024/nđ-cp,52/2024/nđ-cp_10,ARTICLE,CONTAIN,
52/2024/nđ-cp_10,52/2024/nđ-cp_8,ARTICLE,GUIDE,
52/2024/nđ-cp,52/2024/nđ-cp_11,ARTICLE,CONTAIN,
52/2024/nđ-cp,52/2024/nđ-cp_12,ARTICLE,CONTAIN,
52/2024/nđ-cp_12,52/2024/NĐ-CP_8,ARTICLE,GUIDE,
52/2024/nđ-cp,52/2024/nđ-cp_13,ARTICLE,CONTAIN,
52/2024/nđ-cp,52/2024/nđ-cp_14,ARTICLE,CONTAIN,
52/2024/nđ-cp_14,52/2024/nđ-cp_12,ARTICLE,GUIDE,
52/2024/nđ-cp,52/2024/nđ-cp_15,ARTICLE,CONTAIN,
52/2024/nđ-cp,52/2024/nđ-cp_16,ARTICLE,CONTAIN,
52/2024/nđ-cp,52/2024/nđ-cp_17,ARTICLE,CONTAIN,
52/2024/nđ-cp,52/2024/nđ-cp_18,ARTICLE,CONTAIN,
52/2024/nđ-cp_18,52/2024/nđ-cp_19,ARTICLE,GUIDE,
52/2024/nđ-cp,52/2024/nđ-cp_19,ARTICLE,CONTAIN,
52/2024/nđ-cp,52/2024/nđ-cp_20,ARTICLE,CONTAIN,
52/2024/nđ-cp,52/2024/nđ-cp_21,ARTICLE,CONTAIN,
52/2024/nđ-cp,52/2024/nđ-cp_22,ARTICLE,CONTAIN,
52/2024/nđ-cp,52/2024/nđ-cp_23,ARTICLE,CONTAIN,
52/2024/nđ-cp,52/2024/nđ-cp_24,ARTICLE,CONTAIN,
52/2024/nđ-cp_24,52/2024/nđ-cp_22,ARTICLE,GUIDE,
52/2024/nđ-cp_24,52/2024/nđ-cp_27,ARTICLE,GUIDE,
52/2024/nđ-cp,52/2024/nđ-cp_25,ARTICLE,CONTAIN,
52/2024/nđ-cp,52/2024/nđ-cp_26,ARTICLE,CONTAIN,
52/2024/nđ-cp_26,52/2024/nđ-cp_24,ARTICLE,GUIDE,
52/2024/nđ-cp,52/2024/nđ-cp_27,ARTICLE,CONTAIN,
52/2024/nđ-cp_27,52/2024/nđ-cp_22,ARTICLE,GUIDE,
52/2024/nđ-cp_27,52/2024/nđ-cp_23,ARTICLE,GUIDE,
52/2024/nđ-cp_27,52/2024/nđ-cp_24,ARTICLE,GUIDE,
52/2024/nđ-cp,52/2024/nđ-cp_28,ARTICLE,CONTAIN,
52/2024/nđ-cp_28,52/2024/nđ-cp_24,ARTICLE,GUIDE,
52/2024/nđ-cp_28,52/2024/nđ-cp_25,ARTICLE,GUIDE,
52/2024/nđ-cp_28,52/2024/nđ-cp_26,ARTICLE,GUIDE,
52/2024/nđ-cp_28,52/2024/nđ-cp_27,ARTICLE,GUIDE,
52/2024/nđ-cp,52/2024/nđ-cp_29,ARTICLE,CONTAIN,
52/2024/nđ-cp_29,52/2024/NĐ-CP_5,ARTICLE,GUIDE,
52/2024/nđ-cp,52/2024/nđ-cp_30,ARTICLE,CONTAIN,
52/2024/nđ-cp,52/2024/nđ-cp_31,ARTICLE,CONTAIN,
52/2024/nđ-cp,52/2024/nđ-cp_32,ARTICLE,CONTAIN,
52/2024/nđ-cp,52/2024/nđ-cp_33,ARTICLE,CONTAIN,
52/2024/nđ-cp,52/2024/nđ-cp_34,ARTICLE,CONTAIN,
52/2024/nđ-cp,52/2024/nđ-cp_35,ARTICLE,CONTAIN,
52/2024/nđ-cp,52/2024/nđ-cp_36,ARTICLE,CONTAIN,
52/2024/nđ-cp_36,52/2024/nđ-cp_21,ARTICLE,GUIDE,
52/2024/nđ-cp_36,39/2014/tt-nhnn_3,ARTICLE,GUIDE,
52/2024/nđ-cp,52/2024/nđ-cp_37,ARTICLE,CONTAIN,
52/2024/nđ-cp_37,16/2019/NĐ-CP_3,ARTICLE,REPEAL,
52/2024/nđ-cp,52/2024/nđ-cp_38,ARTICLE,CONTAIN,
03/2024/tt-nhnn,03/2024/tt-nhnn_1,ARTICLE,CONTAIN,
03/2024/tt-nhnn_1,19/2013/tt-nhnn_2,ARTICLE,AMEND,
03/2024/tt-nhnn_1,19/2013/tt-nhnn_3,ARTICLE,AMEND,
03/2024/tt-nhnn_1,19/2013/tt-nhnn_8,ARTICLE,AMEND,
03/2024/tt-nhnn_1,19/2013/tt-nhnn_9,ARTICLE,AMEND,
03/2024/tt-nhnn_1,19/2013/tt-nhnn_23,ARTICLE,AMEND,
03/2024/tt-nhnn_1,19/2013/tt-nhnn_26,ARTICLE,AMEND,
03/2024/tt-nhnn_1,19/2013/tt-nhnn_34,ARTICLE,AMEND,
03/2024/tt-nhnn_1,19/2013/tt-nhnn_36,ARTICLE,AMEND,
03/2024/tt-nhnn_1,19/2013/tt-nhnn_38,ARTICLE,AMEND,
03/2024/tt-nhnn_1,19/2013/tt-nhnn_41,ARTICLE,AMEND,
03/2024/tt-nhnn_1,19/2013/tt-nhnn_46,ARTICLE,AMEND,
03/2024/tt-nhnn_1,19/2013/tt-nhnn_47,ARTICLE,AMEND,
03/2024/tt-nhnn_1,19/2013/tt-nhnn_50,ARTICLE,AMEND,
03/2024/tt-nhnn_1,19/2013/tt-nhnn_54,ARTICLE,AMEND,
03/2024/tt-nhnn_1,03/2024/tt-nhnn_16,ARTICLE,GUIDE,
03/2024/tt-nhnn_1,03/2024/tt-nhnn_23,ARTICLE,GUIDE,
03/2024/tt-nhnn_1,32/2024/qh15_137,ARTICLE,GUIDE,
03/2024/tt-nhnn_1,32/2024/qh15_138,ARTICLE,GUIDE,
03/2024/tt-nhnn,03/2024/tt-nhnn_2,ARTICLE,CONTAIN,
03/2024/tt-nhnn_2,19/2013/tt-nhnn_47,ARTICLE,REPEAL,
03/2024/tt-nhnn_2,19/2013/tt-nhnn_50,ARTICLE,REPEAL,
03/2024/tt-nhnn_2,19/2013/tt-nhnn_1,ARTICLE,REPLACE,
03/2024/tt-nhnn_2,19/2013/tt-nhnn_2,ARTICLE,REPLACE,
03/2024/tt-nhnn_2,19/2013/tt-nhnn_3,ARTICLE,REPLACE,
03/2024/tt-nhnn_2,19/2013/tt-nhnn_4,ARTICLE,REPLACE,
03/2024/tt-nhnn_2,19/2013/tt-nhnn_5,ARTICLE,REPLACE,
03/2024/tt-nhnn_2,19/2013/tt-nhnn_6,ARTICLE,REPLACE,
03/2024/tt-nhnn_2,19/2013/tt-nhnn_7,ARTICLE,REPLACE,
03/2024/tt-nhnn_2,19/2013/tt-nhnn_8,ARTICLE,REPLACE,
03/2024/tt-nhnn_2,19/2013/tt-nhnn_10,ARTICLE,REPLACE,
03/2024/tt-nhnn_2,19/2013/tt-nhnn_11,ARTICLE,REPLACE,
03/2024/tt-nhnn_2,19/2013/tt-nhnn_12,ARTICLE,REPLACE,
03/2024/tt-nhnn_2,19/2013/tt-nhnn_13,ARTICLE,REPLACE,
03/2024/tt-nhnn_2,19/2013/tt-nhnn_15,ARTICLE,REPLACE,
03/2024/tt-nhnn_2,19/2013/tt-nhnn_16,ARTICLE,REPLACE,
03/2024/tt-nhnn_2,19/2013/tt-nhnn_17,ARTICLE,REPLACE,
03/2024/tt-nhnn_2,19/2013/tt-nhnn_18,ARTICLE,REPLACE,
03/2024/tt-nhnn_2,19/2013/tt-nhnn_19,ARTICLE,REPLACE,
03/2024/tt-nhnn_2,19/2013/tt-nhnn_20,ARTICLE,REPLACE,
03/2024/tt-nhnn_2,19/2013/tt-nhnn_21,ARTICLE,REPLACE,
03/2024/tt-nhnn_2,19/2013/tt-nhnn_22,ARTICLE,REPLACE,
03/2024/tt-nhnn_2,19/2013/tt-nhnn_28,ARTICLE,REPLACE,
03/2024/tt-nhnn_2,19/2013/tt-nhnn_29,ARTICLE,REPLACE,
03/2024/tt-nhnn_2,19/2013/tt-nhnn_30,ARTICLE,REPLACE,
03/2024/tt-nhnn_2,19/2013/tt-nhnn_31,ARTICLE,REPLACE,
03/2024/tt-nhnn_2,19/2013/tt-nhnn_32,ARTICLE,REPLACE,
03/2024/tt-nhnn_2,19/2013/tt-nhnn_34,ARTICLE,REPLACE,
03/2024/tt-nhnn_2,19/2013/tt-nhnn_35,ARTICLE,REPLACE,
03/2024/tt-nhnn_2,19/2013/tt-nhnn_36,ARTICLE,REPLACE,
03/2024/tt-nhnn_2,19/2013/tt-nhnn_38,ARTICLE,REPLACE,
03/2024/tt-nhnn_2,19/2013/tt-nhnn_39,ARTICLE,REPLACE,
03/2024/tt-nhnn_2,19/2013/tt-nhnn_40,ARTICLE,REPLACE,
03/2024/tt-nhnn_2,19/2013/tt-nhnn_41,ARTICLE,REPLACE,
03/2024/tt-nhnn_2,19/2013/tt-nhnn_43,ARTICLE,REPLACE,
03/2024/tt-nhnn_2,19/2013/tt-nhnn_44,ARTICLE,REPLACE,
03/2024/tt-nhnn_2,19/2013/tt-nhnn_45,ARTICLE,REPLACE,
03/2024/tt-nhnn_2,19/2013/tt-nhnn_46,ARTICLE,REPLACE,
03/2024/tt-nhnn_2,19/2013/tt-nhnn_47,ARTICLE,REPLACE,
03/2024/tt-nhnn_2,19/2013/tt-nhnn_48,ARTICLE,REPLACE,
03/2024/tt-nhnn_2,19/2013/tt-nhnn_49,ARTICLE,REPLACE,
03/2024/tt-nhnn_2,19/2013/tt-nhnn_50,ARTICLE,REPLACE,
03/2024/tt-nhnn,03/2024/tt-nhnn_3,ARTICLE,CONTAIN,
03/2024/tt-nhnn,03/2024/tt-nhnn_4,ARTICLE,CONTAIN,
03/2024/tt-nhnn_4,09/2017/tt-nhnn_1,ARTICLE,REPEAL,
04/2024/tt-nhnn,04/2024/tt-nhnn_1,ARTICLE,CONTAIN,
04/2024/tt-nhnn,04/2024/tt-nhnn_2,ARTICLE,CONTAIN,
04/2024/tt-nhnn,04/2024/tt-nhnn_3,ARTICLE,CONTAIN,
04/2024/tt-nhnn,04/2024/tt-nhnn_4,ARTICLE,CONTAIN,
04/2024/tt-nhnn_4,16/2014/tt-nhnn_3,ARTICLE,GUIDE,
04/2024/tt-nhnn_4,16/2014/tt-nhnn_4,ARTICLE,GUIDE,
04/2024/tt-nhnn_4,16/2014/tt-nhnn_5,ARTICLE,GUIDE,
04/2024/tt-nhnn_4,16/2014/tt-nhnn_6,ARTICLE,GUIDE,
04/2024/tt-nhnn_4,16/2014/tt-nhnn_8,ARTICLE,GUIDE,
04/2024/tt-nhnn,04/2024/tt-nhnn_5,ARTICLE,CONTAIN,
04/2024/tt-nhnn,04/2024/tt-nhnn_6,ARTICLE,CONTAIN,
04/2024/tt-nhnn,04/2024/tt-nhnn_7,ARTICLE,CONTAIN,
04/2024/tt-nhnn,04/2024/tt-nhnn_8,ARTICLE,CONTAIN,
04/2024/tt-nhnn_8,04/2024/tt-nhnn_7,ARTICLE,GUIDE,
04/2024/tt-nhnn,04/2024/tt-nhnn_9,ARTICLE,CONTAIN,
04/2024/tt-nhnn,04/2024/tt-nhnn_10,ARTICLE,CONTAIN,
04/2024/tt-nhnn_10,12/2016/tt-nhnn_5,ARTICLE,AMEND,
04/2024/tt-nhnn_10,04/2024/tt-nhnn_4,ARTICLE,GUIDE,
04/2024/tt-nhnn_10,04/2024/tt-nhnn_5,ARTICLE,GUIDE,
04/2024/tt-nhnn_10,04/2024/tt-nhnn_11,ARTICLE,GUIDE,
04/2024/tt-nhnn_10,04/2024/tt-nhnn_13,ARTICLE,GUIDE,
04/2024/tt-nhnn,04/2024/tt-nhnn_11,ARTICLE,CONTAIN,
05/2024/tt-nhnn,05/2024/tt-nhnn_1,ARTICLE,CONTAIN,
05/2024/tt-nhnn_1,456/2003/QĐ-NHNN_1,ARTICLE,REPEAL,
05/2024/tt-nhnn,05/2024/tt-nhnn_2,ARTICLE,CONTAIN,
05/2024/tt-nhnn,05/2024/tt-nhnn_3,ARTICLE,CONTAIN,
06/2024/tt-nhnn,06/2024/tt-nhnn_1,ARTICLE,CONTAIN,
06/2024/tt-nhnn_1,02/2023/tt-nhnn_4,ARTICLE,AMEND,
06/2024/tt-nhnn,06/2024/tt-nhnn_2,ARTICLE,CONTAIN,
06/2024/tt-nhnn,06/2024/tt-nhnn_3,ARTICLE,CONTAIN,
07/2024/tt-nhnn,07/2024/tt-nhnn_1,ARTICLE,CONTAIN,
07/2024/tt-nhnn,07/2024/tt-nhnn_2,ARTICLE,CONTAIN,
07/2024/tt-nhnn,07/2024/tt-nhnn_3,ARTICLE,CONTAIN,
07/2024/tt-nhnn,07/2024/tt-nhnn_4,ARTICLE,CONTAIN,
07/2024/tt-nhnn,07/2024/tt-nhnn_5,ARTICLE,CONTAIN,
07/2024/tt-nhnn_5,07/2024/tt-nhnn_7,ARTICLE,GUIDE,
07/2024/tt-nhnn,07/2024/tt-nhnn_6,ARTICLE,CONTAIN,
07/2024/tt-nhnn,07/2024/tt-nhnn_7,ARTICLE,CONTAIN,
07/2024/tt-nhnn_7,07/2024/tt-nhnn_4,ARTICLE,GUIDE,
07/2024/tt-nhnn,07/2024/tt-nhnn_8,ARTICLE,CONTAIN,
07/2024/tt-nhnn,07/2024/tt-nhnn_9,ARTICLE,CONTAIN,
07/2024/tt-nhnn_9,07/2024/tt-nhnn_5,ARTICLE,GUIDE,
07/2024/tt-nhnn,07/2024/tt-nhnn_10,ARTICLE,CONTAIN,
07/2024/tt-nhnn_10,07/2024/tt-nhnn_4,ARTICLE,GUIDE,
07/2024/tt-nhnn,07/2024/tt-nhnn_11,ARTICLE,CONTAIN,
07/2024/tt-nhnn,07/2024/tt-nhnn_12,ARTICLE,CONTAIN,
07/2024/tt-nhnn_12,07/2024/tt-nhnn_11,ARTICLE,GUIDE,
07/2024/tt-nhnn,07/2024/tt-nhnn_13,ARTICLE,CONTAIN,
07/2024/tt-nhnn,07/2024/tt-nhnn_14,ARTICLE,CONTAIN,
08/2024/tt-nhnn,08/2024/tt-nhnn_1,ARTICLE,CONTAIN,
08/2024/tt-nhnn,08/2024/tt-nhnn_2,ARTICLE,CONTAIN,
08/2024/tt-nhnn,08/2024/tt-nhnn_3,ARTICLE,CONTAIN,
08/2024/tt-nhnn,08/2024/tt-nhnn_4,ARTICLE,CONTAIN,
08/2024/tt-nhnn_4,08/2024/tt-nhnn_21,ARTICLE,GUIDE,
08/2024/tt-nhnn,08/2024/tt-nhnn_5,ARTICLE,CONTAIN,
08/2024/tt-nhnn_5,08/2024/tt-nhnn_4,ARTICLE,GUIDE,
08/2024/tt-nhnn,08/2024/tt-nhnn_6,ARTICLE,CONTAIN,
08/2024/tt-nhnn,08/2024/tt-nhnn_7,ARTICLE,CONTAIN,
08/2024/tt-nhnn,08/2024/tt-nhnn_8,ARTICLE,CONTAIN,
08/2024/tt-nhnn,08/2024/tt-nhnn_9,ARTICLE,CONTAIN,
08/2024/tt-nhnn,08/2024/tt-nhnn_10,ARTICLE,CONTAIN,
08/2024/tt-nhnn,08/2024/tt-nhnn_11,ARTICLE,CONTAIN,
08/2024/tt-nhnn,08/2024/tt-nhnn_12,ARTICLE,CONTAIN,
08/2024/tt-nhnn,08/2024/tt-nhnn_13,ARTICLE,CONTAIN,
08/2024/tt-nhnn,08/2024/tt-nhnn_14,ARTICLE,CONTAIN,
08/2024/tt-nhnn,08/2024/tt-nhnn_15,ARTICLE,CONTAIN,
08/2024/tt-nhnn,08/2024/tt-nhnn_16,ARTICLE,CONTAIN,
08/2024/tt-nhnn_16,08/2024/tt-nhnn_17,ARTICLE,GUIDE,
08/2024/tt-nhnn,08/2024/tt-nhnn_17,ARTICLE,CONTAIN,
08/2024/tt-nhnn,08/2024/tt-nhnn_18,ARTICLE,CONTAIN,
08/2024/tt-nhnn_18,08/2024/tt-nhnn_16,ARTICLE,GUIDE,
08/2024/tt-nhnn,08/2024/tt-nhnn_19,ARTICLE,CONTAIN,
08/2024/tt-nhnn,08/2024/tt-nhnn_20,ARTICLE,CONTAIN,
08/2024/tt-nhnn,08/2024/tt-nhnn_21,ARTICLE,CONTAIN,
08/2024/tt-nhnn,08/2024/tt-nhnn_22,ARTICLE,CONTAIN,
08/2024/tt-nhnn,08/2024/tt-nhnn_23,ARTICLE,CONTAIN,
08/2024/tt-nhnn_23,08/2024/tt-nhnn,ARTICLE,GUIDE,
08/2024/tt-nhnn,08/2024/tt-nhnn_24,ARTICLE,CONTAIN,
08/2024/tt-nhnn,08/2024/tt-nhnn_25,ARTICLE,CONTAIN,
08/2024/tt-nhnn,08/2024/tt-nhnn_26,ARTICLE,CONTAIN,
08/2024/tt-nhnn_26,08/2024/tt-nhnn_29,ARTICLE,GUIDE,
08/2024/tt-nhnn,08/2024/tt-nhnn_27,ARTICLE,CONTAIN,
08/2024/tt-nhnn,08/2024/tt-nhnn_28,ARTICLE,CONTAIN,
08/2024/tt-nhnn,08/2024/tt-nhnn_29,ARTICLE,CONTAIN,
08/2024/tt-nhnn_29,08/2024/tt-nhnn_26,ARTICLE,GUIDE,
08/2024/tt-nhnn,08/2024/tt-nhnn_30,ARTICLE,CONTAIN,
08/2024/tt-nhnn,08/2024/tt-nhnn_31,ARTICLE,CONTAIN,
08/2024/tt-nhnn_31,08/2024/tt-nhnn_33,ARTICLE,GUIDE,
08/2024/tt-nhnn,08/2024/tt-nhnn_32,ARTICLE,CONTAIN,
08/2024/tt-nhnn,08/2024/tt-nhnn_33,ARTICLE,CONTAIN,
08/2024/tt-nhnn,08/2024/tt-nhnn_34,ARTICLE,CONTAIN,
08/2024/tt-nhnn_34,08/2024/tt-nhnn_36,ARTICLE,GUIDE,
08/2024/tt-nhnn_34,08/2024/tt-nhnn_37,ARTICLE,GUIDE,
08/2024/tt-nhnn,08/2024/tt-nhnn_35,ARTICLE,CONTAIN,
08/2024/tt-nhnn,08/2024/tt-nhnn_36,ARTICLE,CONTAIN,
08/2024/tt-nhnn_36,08/2024/tt-nhnn_9,ARTICLE,GUIDE,
08/2024/tt-nhnn,08/2024/tt-nhnn_37,ARTICLE,CONTAIN,
08/2024/tt-nhnn_37,08/2024/tt-nhnn_36,ARTICLE,GUIDE,
08/2024/tt-nhnn_37,08/2024/tt-nhnn_23,ARTICLE,GUIDE,
08/2024/tt-nhnn_37,08/2024/tt-nhnn_24,ARTICLE,GUIDE,
08/2024/tt-nhnn,08/2024/tt-nhnn_38,ARTICLE,CONTAIN,
08/2024/tt-nhnn,08/2024/tt-nhnn_39,ARTICLE,CONTAIN,
08/2024/tt-nhnn_39,08/2024/tt-nhnn_1,ARTICLE,GUIDE,
08/2024/tt-nhnn_39,08/2024/tt-nhnn_17,ARTICLE,GUIDE,
08/2024/tt-nhnn_39,08/2024/tt-nhnn_37,ARTICLE,GUIDE,
08/2024/tt-nhnn,08/2024/tt-nhnn_40,ARTICLE,CONTAIN,
08/2024/tt-nhnn_40,08/2024/tt-nhnn_35,ARTICLE,GUIDE,
08/2024/tt-nhnn_40,08/2024/tt-nhnn_36,ARTICLE,GUIDE,
08/2024/tt-nhnn_40,08/2024/tt-nhnn_37,ARTICLE,GUIDE,
08/2024/tt-nhnn_40,08/2024/tt-nhnn_38,ARTICLE,GUIDE,
08/2024/tt-nhnn,08/2024/tt-nhnn_41,ARTICLE,CONTAIN,
08/2024/tt-nhnn_41,08/2024/tt-nhnn_11,ARTICLE,GUIDE,
08/2024/tt-nhnn_41,08/2024/tt-nhnn_36,ARTICLE,GUIDE,
08/2024/tt-nhnn,08/2024/tt-nhnn_42,ARTICLE,CONTAIN,
08/2024/tt-nhnn_42,08/2024/tt-nhnn_15,ARTICLE,GUIDE,
08/2024/tt-nhnn_42,08/2024/tt-nhnn_16,ARTICLE,GUIDE,
08/2024/tt-nhnn_42,08/2024/tt-nhnn_17,ARTICLE,GUIDE,
08/2024/tt-nhnn_42,08/2024/tt-nhnn_20,ARTICLE,GUIDE,
08/2024/tt-nhnn,08/2024/tt-nhnn_43,ARTICLE,CONTAIN,
08/2024/tt-nhnn,08/2024/tt-nhnn_44,ARTICLE,CONTAIN,
08/2024/tt-nhnn,08/2024/tt-nhnn_45,ARTICLE,CONTAIN,
08/2024/tt-nhnn,08/2024/tt-nhnn_46,ARTICLE,CONTAIN,
08/2024/tt-nhnn,08/2024/tt-nhnn_47,ARTICLE,CONTAIN,
08/2024/tt-nhnn,08/2024/tt-nhnn_48,ARTICLE,CONTAIN,
08/2024/tt-nhnn_48,39/2014/tt-nhnn_9,ARTICLE,REPEAL,
08/2024/tt-nhnn_48,23/2019/tt-nhnn_1,ARTICLE,REPEAL,
08/2024/tt-nhnn,08/2024/tt-nhnn_49,ARTICLE,CONTAIN,
11/2024/tt-nhnn,11/2024/tt-nhnn_1,ARTICLE,CONTAIN,
11/2024/tt-nhnn_1,16/2021/tt-nhnn_1,ARTICLE,AMEND,
11/2024/tt-nhnn_1,16/2021/tt-nhnn_4,ARTICLE,AMEND,
11/2024/tt-nhnn_1,16/2021/tt-nhnn_7,ARTICLE,AMEND,
11/2024/tt-nhnn_1,16/2021/tt-nhnn_8,ARTICLE,AMEND,
11/2024/tt-nhnn_1,32/2024/qh15_4,ARTICLE,GUIDE,
11/2024/tt-nhnn,11/2024/tt-nhnn_2,ARTICLE,CONTAIN,
11/2024/tt-nhnn_2,16/2021/tt-nhnn_4,ARTICLE,REPEAL,
11/2024/tt-nhnn_2,16/2021/tt-nhnn_2,ARTICLE,REPLACE,
11/2024/tt-nhnn_2,16/2021/tt-nhnn_4,ARTICLE,REPLACE,
11/2024/tt-nhnn_2,16/2021/tt-nhnn_6,ARTICLE,REPLACE,
11/2024/tt-nhnn,11/2024/tt-nhnn_3,ARTICLE,CONTAIN,
11/2024/tt-nhnn,11/2024/tt-nhnn_4,ARTICLE,CONTAIN,
12/2024/tt-nhnn,12/2024/tt-nhnn_1,ARTICLE,CONTAIN,
12/2024/tt-nhnn_1,39/2016/tt-nhnn_2,ARTICLE,AMEND,
12/2024/tt-nhnn_1,39/2016/tt-nhnn_4,ARTICLE,AMEND,
12/2024/tt-nhnn_1,39/2016/tt-nhnn_7,ARTICLE,AMEND,
12/2024/tt-nhnn_1,39/2016/tt-nhnn_9,ARTICLE,AMEND,
12/2024/tt-nhnn_1,39/2016/tt-nhnn_16,ARTICLE,AMEND,
12/2024/tt-nhnn_1,39/2016/tt-nhnn_22,ARTICLE,AMEND,
12/2024/tt-nhnn_1,39/2016/tt-nhnn_24,ARTICLE,AMEND,
12/2024/tt-nhnn_1,39/2016/tt-nhnn_26,ARTICLE,AMEND,
12/2024/tt-nhnn_1,06/2023/tt-nhnn_1,ARTICLE,GUIDE,
12/2024/tt-nhnn_1,32/2024/qh15_4,ARTICLE,GUIDE,
12/2024/tt-nhnn_1,32/2024/qh15_102,ARTICLE,GUIDE,
12/2024/tt-nhnn,12/2024/tt-nhnn_2,ARTICLE,CONTAIN,
12/2024/tt-nhnn_2,06/2023/tt-nhnn_1,ARTICLE,AMEND,
12/2024/tt-nhnn_2,39/2016/tt-nhnn_29,ARTICLE,REPEAL,
12/2024/tt-nhnn_2,39/2016/tt-nhnn_32,ARTICLE,REPEAL,
12/2024/tt-nhnn,12/2024/tt-nhnn_3,ARTICLE,CONTAIN,
12/2024/tt-nhnn,12/2024/tt-nhnn_4,ARTICLE,CONTAIN,
12/2024/tt-nhnn_4,06/2023/tt-nhnn_1,ARTICLE,REPEAL,
13/2024/tt-nhnn,13/2024/tt-nhnn_1,ARTICLE,CONTAIN,
13/2024/tt-nhnn_1,13/2024/tt-nhnn_2,ARTICLE,AMEND,
13/2024/tt-nhnn_1,13/2024/tt-nhnn_3,ARTICLE,AMEND,
13/2024/tt-nhnn_1,13/2024/tt-nhnn_4,ARTICLE,AMEND,
13/2024/tt-nhnn_1,13/2024/tt-nhnn_5,ARTICLE,AMEND,
13/2024/tt-nhnn_1,13/2024/tt-nhnn_7,ARTICLE,AMEND,
13/2024/tt-nhnn_1,13/2024/tt-nhnn_8,ARTICLE,AMEND,
13/2024/tt-nhnn_1,13/2024/tt-nhnn_15,ARTICLE,AMEND,
13/2024/tt-nhnn_1,13/2024/tt-nhnn_5,ARTICLE,GUIDE,
13/2024/tt-nhnn_1,32/2024/qh15_4,ARTICLE,GUIDE,
13/2024/tt-nhnn_1,32/2024/qh15_135,ARTICLE,GUIDE,
13/2024/tt-nhnn_1,32/2024/qh15_136,ARTICLE,GUIDE,
13/2024/tt-nhnn,13/2024/tt-nhnn_2,ARTICLE,CONTAIN,
13/2024/tt-nhnn_2,32/2015/tt-nhnn_2,ARTICLE,REPEAL,
13/2024/tt-nhnn_2,32/2015/tt-nhnn_5,ARTICLE,REPEAL,
13/2024/tt-nhnn,13/2024/tt-nhnn_3,ARTICLE,CONTAIN,
13/2024/tt-nhnn,13/2024/tt-nhnn_4,ARTICLE,CONTAIN,
13/2024/tt-nhnn_4,21/2019/tt-nhnn_2,ARTICLE,REPEAL,
13/2024/tt-nhnn_4,21/2019/tt-nhnn_4,ARTICLE,REPEAL,
13/2024/tt-nhnn_4,21/2019/tt-nhnn_6,ARTICLE,REPEAL,
15/2024/tt-nhnn,15/2024/tt-nhnn_1,ARTICLE,CONTAIN,
15/2024/tt-nhnn,15/2024/tt-nhnn_2,ARTICLE,CONTAIN,
15/2024/tt-nhnn,15/2024/tt-nhnn_3,ARTICLE,CONTAIN,
15/2024/tt-nhnn_3,52/2024/NĐ-CP_3,ARTICLE,GUIDE,
15/2024/tt-nhnn,15/2024/tt-nhnn_4,ARTICLE,CONTAIN,
15/2024/tt-nhnn,15/2024/tt-nhnn_5,ARTICLE,CONTAIN,
15/2024/tt-nhnn,15/2024/tt-nhnn_6,ARTICLE,CONTAIN,
15/2024/tt-nhnn,15/2024/tt-nhnn_7,ARTICLE,CONTAIN,
15/2024/tt-nhnn,15/2024/tt-nhnn_8,ARTICLE,CONTAIN,
15/2024/tt-nhnn,15/2024/tt-nhnn_9,ARTICLE,CONTAIN,
15/2024/tt-nhnn,15/2024/tt-nhnn_10,ARTICLE,CONTAIN,
15/2024/tt-nhnn,15/2024/tt-nhnn_11,ARTICLE,CONTAIN,
15/2024/tt-nhnn,15/2024/tt-nhnn_12,ARTICLE,CONTAIN,
15/2024/tt-nhnn,15/2024/tt-nhnn_13,ARTICLE,CONTAIN,
15/2024/tt-nhnn_13,15/2024/tt-nhnn_10,ARTICLE,GUIDE,
15/2024/tt-nhnn_13,15/2024/tt-nhnn_11,ARTICLE,GUIDE,
15/2024/tt-nhnn_13,15/2024/tt-nhnn_12,ARTICLE,GUIDE,
15/2024/tt-nhnn,15/2024/tt-nhnn_14,ARTICLE,CONTAIN,
15/2024/tt-nhnn,15/2024/tt-nhnn_15,ARTICLE,CONTAIN,
15/2024/tt-nhnn,15/2024/tt-nhnn_16,ARTICLE,CONTAIN,
15/2024/tt-nhnn,15/2024/tt-nhnn_17,ARTICLE,CONTAIN,
15/2024/tt-nhnn,15/2024/tt-nhnn_18,ARTICLE,CONTAIN,
15/2024/tt-nhnn,15/2024/tt-nhnn_19,ARTICLE,CONTAIN,
15/2024/tt-nhnn,15/2024/tt-nhnn_20,ARTICLE,CONTAIN,
15/2024/tt-nhnn,15/2024/tt-nhnn_21,ARTICLE,CONTAIN,
15/2024/tt-nhnn,15/2024/tt-nhnn_22,ARTICLE,CONTAIN,
15/2024/tt-nhnn_22,30/2016/TT-NHNN_3,ARTICLE,REPEAL,
15/2024/tt-nhnn_22,15/2024/tt-nhnn_6,ARTICLE,GUIDE,
15/2024/tt-nhnn_22,15/2024/tt-nhnn_20,ARTICLE,GUIDE,
15/2024/tt-nhnn_22,15/2024/tt-nhnn_21,ARTICLE,GUIDE,
15/2024/tt-nhnn,15/2024/tt-nhnn_23,ARTICLE,CONTAIN,
09/2024/tt-nhnn,09/2024/tt-nhnn_1,ARTICLE,CONTAIN,
09/2024/tt-nhnn,09/2024/tt-nhnn_2,ARTICLE,CONTAIN,
09/2024/tt-nhnn_2,23/2020/tt-nhnn_1,ARTICLE,AMEND,
09/2024/tt-nhnn_2,23/2020/tt-nhnn_2,ARTICLE,AMEND,
09/2024/tt-nhnn_2,23/2020/tt-nhnn_3,ARTICLE,AMEND,
09/2024/tt-nhnn_2,23/2020/tt-nhnn_4,ARTICLE,AMEND,
09/2024/tt-nhnn_2,23/2020/tt-nhnn_10,ARTICLE,AMEND,
09/2024/tt-nhnn_2,23/2020/tt-nhnn_11,ARTICLE,AMEND,
09/2024/tt-nhnn_2,23/2020/tt-nhnn_13,ARTICLE,AMEND,
09/2024/tt-nhnn_2,23/2020/tt-nhnn_15,ARTICLE,AMEND,
09/2024/tt-nhnn_2,23/2020/tt-nhnn_16,ARTICLE,AMEND,
09/2024/tt-nhnn_2,23/2020/tt-nhnn_17,ARTICLE,AMEND,
09/2024/tt-nhnn_2,23/2020/tt-nhnn_3,ARTICLE,REPEAL,
09/2024/tt-nhnn_2,23/2020/tt-nhnn_18,ARTICLE,REPEAL,
09/2024/tt-nhnn_2,23/2020/tt-nhnn_3,ARTICLE,REPLACE,
09/2024/tt-nhnn_2,23/2020/tt-nhnn_9,ARTICLE,REPLACE,
09/2024/tt-nhnn_2,23/2020/tt-nhnn_11,ARTICLE,REPLACE,
09/2024/tt-nhnn_2,23/2020/tt-nhnn_12,ARTICLE,REPLACE,
09/2024/tt-nhnn_2,23/2020/tt-nhnn_17,ARTICLE,REPLACE,
09/2024/tt-nhnn_2,32/2024/qh15_126,ARTICLE,REPLACE,
09/2024/tt-nhnn_2,32/2024/qh15_127,ARTICLE,REPLACE,
09/2024/tt-nhnn_2,32/2024/qh15_134,ARTICLE,REPLACE,
09/2024/tt-nhnn_2,32/2024/qh15_135,ARTICLE,REPLACE,
09/2024/tt-nhnn_2,32/2024/qh15_135,ARTICLE,GUIDE,
09/2024/tt-nhnn_2,32/2024/qh15_138,ARTICLE,GUIDE,
09/2024/tt-nhnn,09/2024/tt-nhnn_3,ARTICLE,CONTAIN,
09/2024/tt-nhnn_3,13/2018/tt-nhnn_1,ARTICLE,AMEND,
09/2024/tt-nhnn,09/2024/tt-nhnn_4,ARTICLE,CONTAIN,
09/2024/tt-nhnn,09/2024/tt-nhnn_5,ARTICLE,CONTAIN,
09/2024/tt-nhnn_5,22/2019/TT-NHNN_3,ARTICLE,AMEND,
09/2024/tt-nhnn_5,32/2024/qh15_136,ARTICLE,GUIDE,
09/2024/tt-nhnn_5,09/2024/tt-nhnn_1,ARTICLE,GUIDE,
14/2024/tt-nhnn,14/2024/tt-nhnn_1,ARTICLE,CONTAIN,
14/2024/tt-nhnn,14/2024/tt-nhnn_2,ARTICLE,CONTAIN,
14/2024/tt-nhnn_2,14/2024/tt-nhnn_5,ARTICLE,GUIDE,
14/2024/tt-nhnn,14/2024/tt-nhnn_3,ARTICLE,CONTAIN,
14/2024/tt-nhnn_3,14/2024/tt-nhnn_4,ARTICLE,GUIDE,
14/2024/tt-nhnn_3,14/2024/tt-nhnn_5,ARTICLE,GUIDE,
14/2024/tt-nhnn,14/2024/tt-nhnn_4,ARTICLE,CONTAIN,
14/2024/tt-nhnn_4,14/2024/tt-nhnn_5,ARTICLE,GUIDE,
14/2024/tt-nhnn,14/2024/tt-nhnn_5,ARTICLE,CONTAIN,
14/2024/tt-nhnn,14/2024/tt-nhnn_6,ARTICLE,CONTAIN,
14/2024/tt-nhnn,14/2024/tt-nhnn_7,ARTICLE,CONTAIN,
14/2024/tt-nhnn,14/2024/tt-nhnn_8,ARTICLE,CONTAIN,
16/2024/tt-nhnn,16/2024/tt-nhnn_1,ARTICLE,CONTAIN,
16/2024/tt-nhnn_1,32/2024/qh15_137,ARTICLE,GUIDE,
16/2024/tt-nhnn,16/2024/tt-nhnn_2,ARTICLE,CONTAIN,
16/2024/tt-nhnn,16/2024/tt-nhnn_3,ARTICLE,CONTAIN,
16/2024/tt-nhnn_3,32/2024/qh15_137,ARTICLE,GUIDE,
16/2024/tt-nhnn,16/2024/tt-nhnn_4,ARTICLE,CONTAIN,
16/2024/tt-nhnn_4,32/2024/qh15_137,ARTICLE,GUIDE,
16/2024/tt-nhnn,16/2024/tt-nhnn_5,ARTICLE,CONTAIN,
16/2024/tt-nhnn_5,32/2024/qh15_137,ARTICLE,GUIDE,
16/2024/tt-nhnn,16/2024/tt-nhnn_6,ARTICLE,CONTAIN,
16/2024/tt-nhnn_6,32/2024/qh15_137,ARTICLE,GUIDE,
16/2024/tt-nhnn,16/2024/tt-nhnn_7,ARTICLE,CONTAIN,
16/2024/tt-nhnn_7,16/2024/tt-nhnn_3,ARTICLE,GUIDE,
16/2024/tt-nhnn_7,32/2024/qh15_137,ARTICLE,GUIDE,
16/2024/tt-nhnn,16/2024/tt-nhnn_8,ARTICLE,CONTAIN,
16/2024/tt-nhnn,16/2024/tt-nhnn_9,ARTICLE,CONTAIN,
16/2024/tt-nhnn,16/2024/tt-nhnn_10,ARTICLE,CONTAIN,
16/2024/tt-nhnn,16/2024/tt-nhnn_11,ARTICLE,CONTAIN,
22/2024/tt-nhnn,22/2024/tt-nhnn_1,ARTICLE,CONTAIN,
22/2024/tt-nhnn_1,50/2018/tt-nhnn_1,ARTICLE,AMEND,
22/2024/tt-nhnn_1,50/2018/tt-nhnn_3,ARTICLE,AMEND,
22/2024/tt-nhnn_1,50/2018/tt-nhnn_4,ARTICLE,AMEND,
22/2024/tt-nhnn_1,50/2018/tt-nhnn_11,ARTICLE,AMEND,
22/2024/tt-nhnn_1,50/2018/tt-nhnn_12,ARTICLE,AMEND,
22/2024/tt-nhnn_1,50/2018/tt-nhnn_13,ARTICLE,AMEND,
22/2024/tt-nhnn_1,50/2018/tt-nhnn_16,ARTICLE,AMEND,
22/2024/tt-nhnn_1,50/2018/tt-nhnn_17,ARTICLE,AMEND,
22/2024/tt-nhnn_1,50/2018/tt-nhnn_18,ARTICLE,AMEND,
22/2024/tt-nhnn_1,22/2024/tt-nhnn_4,ARTICLE,GUIDE,
22/2024/tt-nhnn_1,22/2024/tt-nhnn_5,ARTICLE,GUIDE,
22/2024/tt-nhnn_1,22/2024/tt-nhnn_8,ARTICLE,GUIDE,
22/2024/tt-nhnn_1,22/2024/tt-nhnn_12,ARTICLE,GUIDE,
22/2024/tt-nhnn_1,22/2024/tt-nhnn_13,ARTICLE,GUIDE,
22/2024/tt-nhnn,22/2024/tt-nhnn_2,ARTICLE,CONTAIN,
22/2024/tt-nhnn_2,50/2018/tt-nhnn_1,ARTICLE,AMEND,
22/2024/tt-nhnn_2,50/2018/tt-nhnn_2,ARTICLE,AMEND,
22/2024/tt-nhnn_2,50/2018/tt-nhnn_5,ARTICLE,AMEND,
22/2024/tt-nhnn_2,50/2018/tt-nhnn_6,ARTICLE,AMEND,
22/2024/tt-nhnn_2,50/2018/tt-nhnn_7,ARTICLE,AMEND,
22/2024/tt-nhnn_2,50/2018/tt-nhnn_9,ARTICLE,AMEND,
22/2024/tt-nhnn_2,50/2018/tt-nhnn_10,ARTICLE,AMEND,
22/2024/tt-nhnn_2,50/2018/tt-nhnn_11,ARTICLE,AMEND,
22/2024/tt-nhnn_2,50/2018/tt-nhnn_12,ARTICLE,AMEND,
22/2024/tt-nhnn_2,50/2018/tt-nhnn_13,ARTICLE,AMEND,
22/2024/tt-nhnn_2,50/2018/tt-nhnn_14,ARTICLE,AMEND,
22/2024/tt-nhnn_2,50/2018/tt-nhnn_15,ARTICLE,AMEND,
22/2024/tt-nhnn_2,50/2018/tt-nhnn_16,ARTICLE,AMEND,
22/2024/tt-nhnn_2,50/2018/tt-nhnn_17,ARTICLE,AMEND,
22/2024/tt-nhnn_2,50/2018/tt-nhnn_1,ARTICLE,REPEAL,
22/2024/tt-nhnn_2,50/2018/tt-nhnn_10,ARTICLE,REPEAL,
22/2024/tt-nhnn_2,50/2018/tt-nhnn_17,ARTICLE,REPEAL,
22/2024/tt-nhnn_2,50/2018/tt-nhnn_10,ARTICLE,REPLACE,
22/2024/tt-nhnn_2,50/2018/tt-nhnn_11,ARTICLE,REPLACE,
22/2024/tt-nhnn_2,50/2018/tt-nhnn_13,ARTICLE,REPLACE,
22/2024/tt-nhnn_2,50/2018/tt-nhnn_14,ARTICLE,REPLACE,
22/2024/tt-nhnn_2,32/2024/qh15_103,ARTICLE,REPLACE,
22/2024/tt-nhnn_2,32/2024/qh15_111,ARTICLE,REPLACE,
22/2024/tt-nhnn,22/2024/tt-nhnn_3,ARTICLE,CONTAIN,
22/2024/tt-nhnn,22/2024/tt-nhnn_4,ARTICLE,CONTAIN,
22/2024/tt-nhnn_4,06/2022/TT-NHNN_1,ARTICLE,REPEAL,
22/2024/tt-nhnn_4,13/2023/TT-NHNN_2,ARTICLE,REPEAL,
21/2024/tt-nhnn,21/2024/tt-nhnn_1,ARTICLE,CONTAIN,
21/2024/tt-nhnn,21/2024/tt-nhnn_2,ARTICLE,CONTAIN,
21/2024/tt-nhnn,21/2024/tt-nhnn_3,ARTICLE,CONTAIN,
21/2024/tt-nhnn,21/2024/tt-nhnn_4,ARTICLE,CONTAIN,
21/2024/tt-nhnn,21/2024/tt-nhnn_5,ARTICLE,CONTAIN,
21/2024/tt-nhnn,21/2024/tt-nhnn_6,ARTICLE,CONTAIN,
21/2024/tt-nhnn_6,32/2024/qh15_3,ARTICLE,GUIDE,
21/2024/tt-nhnn,21/2024/tt-nhnn_7,ARTICLE,CONTAIN,
21/2024/tt-nhnn,21/2024/tt-nhnn_8,ARTICLE,CONTAIN,
21/2024/tt-nhnn,21/2024/tt-nhnn_9,ARTICLE,CONTAIN,
21/2024/tt-nhnn,21/2024/tt-nhnn_10,ARTICLE,CONTAIN,
21/2024/tt-nhnn,21/2024/tt-nhnn_11,ARTICLE,CONTAIN,
21/2024/tt-nhnn,21/2024/tt-nhnn_12,ARTICLE,CONTAIN,
21/2024/tt-nhnn,21/2024/tt-nhnn_13,ARTICLE,CONTAIN,
21/2024/tt-nhnn,21/2024/tt-nhnn_14,ARTICLE,CONTAIN,
21/2024/tt-nhnn_14,21/2024/tt-nhnn_21,ARTICLE,GUIDE,
21/2024/tt-nhnn_14,21/2024/tt-nhnn_27,ARTICLE,GUIDE,
21/2024/tt-nhnn_14,21/2024/tt-nhnn_31,ARTICLE,GUIDE,
21/2024/tt-nhnn_14,21/2024/tt-nhnn_40,ARTICLE,GUIDE,
21/2024/tt-nhnn,21/2024/tt-nhnn_15,ARTICLE,CONTAIN,
21/2024/tt-nhnn_15,21/2024/tt-nhnn_21,ARTICLE,GUIDE,
21/2024/tt-nhnn_15,21/2024/tt-nhnn_27,ARTICLE,GUIDE,
21/2024/tt-nhnn_15,21/2024/tt-nhnn_31,ARTICLE,GUIDE,
21/2024/tt-nhnn_15,21/2024/tt-nhnn_40,ARTICLE,GUIDE,
21/2024/tt-nhnn,21/2024/tt-nhnn_16,ARTICLE,CONTAIN,
21/2024/tt-nhnn,21/2024/tt-nhnn_17,ARTICLE,CONTAIN,
21/2024/tt-nhnn,21/2024/tt-nhnn_18,ARTICLE,CONTAIN,
21/2024/tt-nhnn,21/2024/tt-nhnn_19,ARTICLE,CONTAIN,
21/2024/tt-nhnn,21/2024/tt-nhnn_20,ARTICLE,CONTAIN,
21/2024/tt-nhnn,21/2024/tt-nhnn_21,ARTICLE,CONTAIN,
21/2024/tt-nhnn,21/2024/tt-nhnn_22,ARTICLE,CONTAIN,
21/2024/tt-nhnn,21/2024/tt-nhnn_23,ARTICLE,CONTAIN,
21/2024/tt-nhnn,21/2024/tt-nhnn_24,ARTICLE,CONTAIN,
21/2024/tt-nhnn,21/2024/tt-nhnn_25,ARTICLE,CONTAIN,
21/2024/tt-nhnn_25,21/2024/tt-nhnn_12,ARTICLE,GUIDE,
21/2024/tt-nhnn_25,21/2024/tt-nhnn_13,ARTICLE,GUIDE,
21/2024/tt-nhnn_25,21/2024/tt-nhnn_43,ARTICLE,GUIDE,
21/2024/tt-nhnn,21/2024/tt-nhnn_26,ARTICLE,CONTAIN,
21/2024/tt-nhnn,21/2024/tt-nhnn_27,ARTICLE,CONTAIN,
21/2024/tt-nhnn,21/2024/tt-nhnn_28,ARTICLE,CONTAIN,
21/2024/tt-nhnn,21/2024/tt-nhnn_29,ARTICLE,CONTAIN,
21/2024/tt-nhnn,21/2024/tt-nhnn_30,ARTICLE,CONTAIN,
21/2024/tt-nhnn_30,21/2024/tt-nhnn_12,ARTICLE,GUIDE,
21/2024/tt-nhnn_30,21/2024/tt-nhnn_13,ARTICLE,GUIDE,
21/2024/tt-nhnn,21/2024/tt-nhnn_31,ARTICLE,CONTAIN,
21/2024/tt-nhnn_31,21/2024/tt-nhnn_32,ARTICLE,GUIDE,
21/2024/tt-nhnn,21/2024/tt-nhnn_32,ARTICLE,CONTAIN,
21/2024/tt-nhnn,21/2024/tt-nhnn_33,ARTICLE,CONTAIN,
21/2024/tt-nhnn,21/2024/tt-nhnn_34,ARTICLE,CONTAIN,
21/2024/tt-nhnn,21/2024/tt-nhnn_35,ARTICLE,CONTAIN,
21/2024/tt-nhnn,21/2024/tt-nhnn_36,ARTICLE,CONTAIN,
21/2024/tt-nhnn_36,21/2024/tt-nhnn_12,ARTICLE,GUIDE,
21/2024/tt-nhnn,21/2024/tt-nhnn_37,ARTICLE,CONTAIN,
21/2024/tt-nhnn,21/2024/tt-nhnn_38,ARTICLE,CONTAIN,
21/2024/tt-nhnn,21/2024/tt-nhnn_39,ARTICLE,CONTAIN,
21/2024/tt-nhnn,21/2024/tt-nhnn_40,ARTICLE,CONTAIN,
21/2024/tt-nhnn,21/2024/tt-nhnn_41,ARTICLE,CONTAIN,
21/2024/tt-nhnn,21/2024/tt-nhnn_42,ARTICLE,CONTAIN,
21/2024/tt-nhnn,21/2024/tt-nhnn_43,ARTICLE,CONTAIN,
21/2024/tt-nhnn_43,21/2024/tt-nhnn_12,ARTICLE,GUIDE,
21/2024/tt-nhnn_43,21/2024/tt-nhnn_13,ARTICLE,GUIDE,
21/2024/tt-nhnn,21/2024/tt-nhnn_44,ARTICLE,CONTAIN,
21/2024/tt-nhnn,21/2024/tt-nhnn_45,ARTICLE,CONTAIN,
21/2024/tt-nhnn_45,21/2024/tt-nhnn_46,ARTICLE,GUIDE,
21/2024/tt-nhnn,21/2024/tt-nhnn_46,ARTICLE,CONTAIN,
21/2024/tt-nhnn,21/2024/tt-nhnn_47,ARTICLE,CONTAIN,
21/2024/tt-nhnn,21/2024/tt-nhnn_48,ARTICLE,CONTAIN,
21/2024/tt-nhnn,21/2024/tt-nhnn_49,ARTICLE,CONTAIN,
21/2024/tt-nhnn_49,21/2024/tt-nhnn_12,ARTICLE,GUIDE,
21/2024/tt-nhnn_49,21/2024/tt-nhnn_13,ARTICLE,GUIDE,
21/2024/tt-nhnn,21/2024/tt-nhnn_50,ARTICLE,CONTAIN,
21/2024/tt-nhnn,21/2024/tt-nhnn_51,ARTICLE,CONTAIN,
21/2024/tt-nhnn,21/2024/tt-nhnn_52,ARTICLE,CONTAIN,
21/2024/tt-nhnn,21/2024/tt-nhnn_53,ARTICLE,CONTAIN,
21/2024/tt-nhnn_53,32/2024/qh15_114,ARTICLE,GUIDE,
21/2024/tt-nhnn,21/2024/tt-nhnn_54,ARTICLE,CONTAIN,
21/2024/tt-nhnn,21/2024/tt-nhnn_55,ARTICLE,CONTAIN,
21/2024/tt-nhnn,21/2024/tt-nhnn_56,ARTICLE,CONTAIN,
21/2024/tt-nhnn,21/2024/tt-nhnn_57,ARTICLE,CONTAIN,
21/2024/tt-nhnn,21/2024/tt-nhnn_58,ARTICLE,CONTAIN,
20/2024/tt-nhnn,20/2024/tt-nhnn_1,ARTICLE,CONTAIN,
20/2024/tt-nhnn,20/2024/tt-nhnn_2,ARTICLE,CONTAIN,
20/2024/tt-nhnn,20/2024/tt-nhnn_3,ARTICLE,CONTAIN,
20/2024/tt-nhnn_3,20/2024/tt-nhnn_7,ARTICLE,GUIDE,
20/2024/tt-nhnn_3,20/2024/tt-nhnn_17,ARTICLE,GUIDE,
20/2024/tt-nhnn_3,20/2024/tt-nhnn_19,ARTICLE,GUIDE,
20/2024/tt-nhnn,20/2024/tt-nhnn_4,ARTICLE,CONTAIN,
20/2024/tt-nhnn_4,20/2024/tt-nhnn_11,ARTICLE,GUIDE,
20/2024/tt-nhnn,20/2024/tt-nhnn_5,ARTICLE,CONTAIN,
20/2024/tt-nhnn,20/2024/tt-nhnn_6,ARTICLE,CONTAIN,
20/2024/tt-nhnn,20/2024/tt-nhnn_7,ARTICLE,CONTAIN,
20/2024/tt-nhnn,20/2024/tt-nhnn_8,ARTICLE,CONTAIN,
20/2024/tt-nhnn,20/2024/tt-nhnn_9,ARTICLE,CONTAIN,
20/2024/tt-nhnn,20/2024/tt-nhnn_10,ARTICLE,CONTAIN,
20/2024/tt-nhnn,20/2024/tt-nhnn_11,ARTICLE,CONTAIN,
20/2024/tt-nhnn,20/2024/tt-nhnn_12,ARTICLE,CONTAIN,
20/2024/tt-nhnn_12,20/2024/tt-nhnn_11,ARTICLE,GUIDE,
20/2024/tt-nhnn,20/2024/tt-nhnn_13,ARTICLE,CONTAIN,
20/2024/tt-nhnn,20/2024/tt-nhnn_14,ARTICLE,CONTAIN,
20/2024/tt-nhnn,20/2024/tt-nhnn_15,ARTICLE,CONTAIN,
20/2024/tt-nhnn_15,20/2024/tt-nhnn_11,ARTICLE,GUIDE,
20/2024/tt-nhnn,20/2024/tt-nhnn_16,ARTICLE,CONTAIN,
20/2024/tt-nhnn,20/2024/tt-nhnn_17,ARTICLE,CONTAIN,
20/2024/tt-nhnn,20/2024/tt-nhnn_18,ARTICLE,CONTAIN,
20/2024/tt-nhnn,20/2024/tt-nhnn_19,ARTICLE,CONTAIN,
20/2024/tt-nhnn,20/2024/tt-nhnn_20,ARTICLE,CONTAIN,
20/2024/tt-nhnn,20/2024/tt-nhnn_21,ARTICLE,CONTAIN,
20/2024/tt-nhnn,20/2024/tt-nhnn_22,ARTICLE,CONTAIN,
20/2024/tt-nhnn,20/2024/tt-nhnn_23,ARTICLE,CONTAIN,
20/2024/tt-nhnn,20/2024/tt-nhnn_24,ARTICLE,CONTAIN,
20/2024/tt-nhnn,20/2024/tt-nhnn_25,ARTICLE,CONTAIN,
20/2024/tt-nhnn,20/2024/tt-nhnn_26,ARTICLE,CONTAIN,
20/2024/tt-nhnn,20/2024/tt-nhnn_27,ARTICLE,CONTAIN,
20/2024/tt-nhnn,20/2024/tt-nhnn_28,ARTICLE,CONTAIN,
20/2024/tt-nhnn,20/2024/tt-nhnn_29,ARTICLE,CONTAIN,
20/2024/tt-nhnn,20/2024/tt-nhnn_30,ARTICLE,CONTAIN,
20/2024/tt-nhnn,20/2024/tt-nhnn_31,ARTICLE,CONTAIN,
20/2024/tt-nhnn,20/2024/tt-nhnn_32,ARTICLE,CONTAIN,
20/2024/tt-nhnn,20/2024/tt-nhnn_33,ARTICLE,CONTAIN,
23/2024/tt-nhnn,23/2024/tt-nhnn_1,ARTICLE,CONTAIN,
23/2024/tt-nhnn_1,10/2016/tt-nhnn_3,ARTICLE,AMEND,
23/2024/tt-nhnn_1,10/2016/tt-nhnn_8,ARTICLE,AMEND,
23/2024/tt-nhnn_1,10/2016/tt-nhnn_9,ARTICLE,AMEND,
23/2024/tt-nhnn_1,10/2016/tt-nhnn_10,ARTICLE,AMEND,
23/2024/tt-nhnn_1,10/2016/tt-nhnn_12,ARTICLE,AMEND,
23/2024/tt-nhnn_1,10/2016/tt-nhnn_13,ARTICLE,AMEND,
23/2024/tt-nhnn_1,10/2016/tt-nhnn_15,ARTICLE,AMEND,
23/2024/tt-nhnn_1,10/2016/tt-nhnn_22,ARTICLE,AMEND,
23/2024/tt-nhnn_1,10/2016/tt-nhnn_23,ARTICLE,AMEND,
23/2024/tt-nhnn_1,10/2016/tt-nhnn_24,ARTICLE,AMEND,
23/2024/tt-nhnn_1,10/2016/tt-nhnn_25,ARTICLE,AMEND,
23/2024/tt-nhnn_1,10/2016/tt-nhnn_26,ARTICLE,AMEND,
23/2024/tt-nhnn_1,10/2016/tt-nhnn_28,ARTICLE,AMEND,
23/2024/tt-nhnn_1,10/2016/tt-nhnn_29,ARTICLE,AMEND,
23/2024/tt-nhnn_1,10/2016/tt-nhnn_35,ARTICLE,AMEND,
23/2024/tt-nhnn,23/2024/tt-nhnn_2,ARTICLE,CONTAIN,
23/2024/tt-nhnn_2,10/2016/tt-nhnn_11,ARTICLE,REPEAL,
23/2024/tt-nhnn,23/2024/tt-nhnn_3,ARTICLE,CONTAIN,
23/2024/tt-nhnn,23/2024/tt-nhnn_4,ARTICLE,CONTAIN,
17/2024/tt-nhnn,17/2024/tt-nhnn_1,ARTICLE,CONTAIN,
17/2024/tt-nhnn,17/2024/tt-nhnn_2,ARTICLE,CONTAIN,
17/2024/tt-nhnn,17/2024/tt-nhnn_3,ARTICLE,CONTAIN,
17/2024/tt-nhnn,17/2024/tt-nhnn_4,ARTICLE,CONTAIN,
17/2024/tt-nhnn,17/2024/tt-nhnn_5,ARTICLE,CONTAIN,
17/2024/tt-nhnn_5,17/2024/tt-nhnn_12,ARTICLE,GUIDE,
17/2024/tt-nhnn_5,17/2024/tt-nhnn_15,ARTICLE,GUIDE,
17/2024/tt-nhnn,17/2024/tt-nhnn_6,ARTICLE,CONTAIN,
17/2024/tt-nhnn_6,52/2024/NĐ-CP_11,ARTICLE,GUIDE,
17/2024/tt-nhnn_6,17/2024/tt-nhnn_11,ARTICLE,GUIDE,
17/2024/tt-nhnn_6,17/2024/tt-nhnn_13,ARTICLE,GUIDE,
17/2024/tt-nhnn,17/2024/tt-nhnn_7,ARTICLE,CONTAIN,
17/2024/tt-nhnn_7,52/2024/NĐ-CP_13,ARTICLE,GUIDE,
17/2024/tt-nhnn,17/2024/tt-nhnn_8,ARTICLE,CONTAIN,
17/2024/tt-nhnn_8,52/2024/NĐ-CP_14,ARTICLE,GUIDE,
17/2024/tt-nhnn,17/2024/tt-nhnn_9,ARTICLE,CONTAIN,
17/2024/tt-nhnn,17/2024/tt-nhnn_10,ARTICLE,CONTAIN,
17/2024/tt-nhnn_10,52/2024/NĐ-CP_14,ARTICLE,GUIDE,
17/2024/tt-nhnn,17/2024/tt-nhnn_11,ARTICLE,CONTAIN,
17/2024/tt-nhnn,17/2024/tt-nhnn_12,ARTICLE,CONTAIN,
17/2024/tt-nhnn_12,17/2024/tt-nhnn_13,ARTICLE,GUIDE,
17/2024/tt-nhnn_12,14/2022/qh15_12,ARTICLE,GUIDE,
17/2024/tt-nhnn_12,17/2024/tt-nhnn_11,ARTICLE,GUIDE,
17/2024/tt-nhnn,17/2024/tt-nhnn_13,ARTICLE,CONTAIN,
17/2024/tt-nhnn_13,17/2024/tt-nhnn_14,ARTICLE,GUIDE,
17/2024/tt-nhnn_13,17/2024/tt-nhnn_20,ARTICLE,GUIDE,
17/2024/tt-nhnn_13,17/2024/tt-nhnn_21,ARTICLE,GUIDE,
17/2024/tt-nhnn_13,17/2024/tt-nhnn_17,ARTICLE,GUIDE,
17/2024/tt-nhnn_13,17/2024/tt-nhnn_19,ARTICLE,GUIDE,
17/2024/tt-nhnn,17/2024/tt-nhnn_14,ARTICLE,CONTAIN,
17/2024/tt-nhnn_14,17/2024/tt-nhnn_11,ARTICLE,GUIDE,
17/2024/tt-nhnn,17/2024/tt-nhnn_15,ARTICLE,CONTAIN,
17/2024/tt-nhnn_15,17/2024/tt-nhnn_12,ARTICLE,GUIDE,
17/2024/tt-nhnn_15,17/2024/tt-nhnn_13,ARTICLE,GUIDE,
17/2024/tt-nhnn,17/2024/tt-nhnn_16,ARTICLE,CONTAIN,
17/2024/tt-nhnn_16,17/2024/tt-nhnn_11,ARTICLE,GUIDE,
17/2024/tt-nhnn_16,17/2024/tt-nhnn_12,ARTICLE,GUIDE,
17/2024/tt-nhnn_16,17/2024/tt-nhnn_13,ARTICLE,GUIDE,
17/2024/tt-nhnn,17/2024/tt-nhnn_17,ARTICLE,CONTAIN,
17/2024/tt-nhnn_17,17/2024/tt-nhnn_19,ARTICLE,GUIDE,
17/2024/tt-nhnn,17/2024/tt-nhnn_18,ARTICLE,CONTAIN,
17/2024/tt-nhnn_18,52/2024/NĐ-CP_12,ARTICLE,GUIDE,
17/2024/tt-nhnn_18,17/2024/tt-nhnn_13,ARTICLE,GUIDE,
17/2024/tt-nhnn,17/2024/tt-nhnn_19,ARTICLE,CONTAIN,
17/2024/tt-nhnn_19,17/2024/tt-nhnn_16,ARTICLE,GUIDE,
17/2024/tt-nhnn_19,17/2024/tt-nhnn_17,ARTICLE,GUIDE,
17/2024/tt-nhnn,17/2024/tt-nhnn_20,ARTICLE,CONTAIN,
17/2024/tt-nhnn_20,17/2024/tt-nhnn_5,ARTICLE,GUIDE,
17/2024/tt-nhnn_20,52/2024/NĐ-CP_11,ARTICLE,GUIDE,
17/2024/tt-nhnn_20,52/2024/NĐ-CP_8,ARTICLE,GUIDE,
17/2024/tt-nhnn,17/2024/tt-nhnn_21,ARTICLE,CONTAIN,
17/2024/tt-nhnn_21,52/2024/NĐ-CP_8,ARTICLE,GUIDE,
17/2024/tt-nhnn_21,17/2024/tt-nhnn_19,ARTICLE,GUIDE,
17/2024/tt-nhnn,17/2024/tt-nhnn_22,ARTICLE,CONTAIN,
17/2024/tt-nhnn,17/2024/tt-nhnn_23,ARTICLE,CONTAIN,
17/2024/tt-nhnn_23,17/2024/tt-nhnn_12,ARTICLE,GUIDE,
17/2024/tt-nhnn_23,17/2024/tt-nhnn_13,ARTICLE,GUIDE,
17/2024/tt-nhnn_23,17/2024/tt-nhnn_14,ARTICLE,GUIDE,
17/2024/tt-nhnn_23,17/2024/tt-nhnn_15,ARTICLE,GUIDE,
17/2024/tt-nhnn_23,17/2024/tt-nhnn_16,ARTICLE,GUIDE,
17/2024/tt-nhnn_23,17/2024/tt-nhnn_17,ARTICLE,GUIDE,
17/2024/tt-nhnn_23,17/2024/tt-nhnn_19,ARTICLE,GUIDE,
17/2024/tt-nhnn_23,23/2014/tt-nhnn_12,ARTICLE,GUIDE,
17/2024/tt-nhnn_23,23/2014/tt-nhnn_13,ARTICLE,GUIDE,
17/2024/tt-nhnn_23,23/2014/tt-nhnn_14,ARTICLE,GUIDE,
17/2024/tt-nhnn,17/2024/tt-nhnn_24,ARTICLE,CONTAIN,
17/2024/tt-nhnn_24,17/2024/tt-nhnn_12,ARTICLE,GUIDE,
17/2024/tt-nhnn,17/2024/tt-nhnn_25,ARTICLE,CONTAIN,
25/2024/tt-nhnn,25/2024/tt-nhnn_1,ARTICLE,CONTAIN,
25/2024/tt-nhnn_1,25/2024/tt-nhnn_8,ARTICLE,GUIDE,
25/2024/tt-nhnn,25/2024/tt-nhnn_2,ARTICLE,CONTAIN,
25/2024/tt-nhnn,25/2024/tt-nhnn_3,ARTICLE,CONTAIN,
25/2024/tt-nhnn,25/2024/tt-nhnn_4,ARTICLE,CONTAIN,
25/2024/tt-nhnn_4,25/2024/tt-nhnn_1,ARTICLE,GUIDE,
25/2024/tt-nhnn,25/2024/tt-nhnn_5,ARTICLE,CONTAIN,
25/2024/tt-nhnn_5,25/2024/tt-nhnn_1,ARTICLE,GUIDE,
25/2024/tt-nhnn_5,32/2024/qh15_138,ARTICLE,GUIDE,
25/2024/tt-nhnn_5,32/2024/qh15_137,ARTICLE,GUIDE,
25/2024/tt-nhnn,25/2024/tt-nhnn_6,ARTICLE,CONTAIN,
25/2024/tt-nhnn_6,25/2024/tt-nhnn_1,ARTICLE,GUIDE,
25/2024/tt-nhnn_6,32/2024/qh15_137,ARTICLE,GUIDE,
25/2024/tt-nhnn,25/2024/tt-nhnn_7,ARTICLE,CONTAIN,
25/2024/tt-nhnn_7,25/2024/tt-nhnn_6,ARTICLE,GUIDE,
25/2024/tt-nhnn,25/2024/tt-nhnn_8,ARTICLE,CONTAIN,
25/2024/tt-nhnn_8,25/2024/tt-nhnn_1,ARTICLE,GUIDE,
25/2024/tt-nhnn_8,32/2024/qh15_138,ARTICLE,GUIDE,
25/2024/tt-nhnn_8,32/2024/qh15_137,ARTICLE,GUIDE,
25/2024/tt-nhnn,25/2024/tt-nhnn_9,ARTICLE,CONTAIN,
25/2024/tt-nhnn_9,25/2024/tt-nhnn_6,ARTICLE,GUIDE,
25/2024/tt-nhnn_9,25/2024/tt-nhnn_8,ARTICLE,GUIDE,
25/2024/tt-nhnn,25/2024/tt-nhnn_10,ARTICLE,CONTAIN,
25/2024/tt-nhnn,25/2024/tt-nhnn_11,ARTICLE,CONTAIN,
26/2024/tt-nhnn,26/2024/tt-nhnn_1,ARTICLE,CONTAIN,
26/2024/tt-nhnn,26/2024/tt-nhnn_2,ARTICLE,CONTAIN,
26/2024/tt-nhnn,26/2024/tt-nhnn_3,ARTICLE,CONTAIN,
26/2024/tt-nhnn_3,32/2024/qh15_102,ARTICLE,GUIDE,
26/2024/tt-nhnn,26/2024/tt-nhnn_4,ARTICLE,CONTAIN,
26/2024/tt-nhnn,26/2024/tt-nhnn_5,ARTICLE,CONTAIN,
26/2024/tt-nhnn_5,26/2024/tt-nhnn_3,ARTICLE,GUIDE,
26/2024/tt-nhnn,26/2024/tt-nhnn_6,ARTICLE,CONTAIN,
26/2024/tt-nhnn_6,26/2024/tt-nhnn,ARTICLE,GUIDE,
26/2024/tt-nhnn,26/2024/tt-nhnn_7,ARTICLE,CONTAIN,
26/2024/tt-nhnn,26/2024/tt-nhnn_8,ARTICLE,CONTAIN,
26/2024/tt-nhnn,26/2024/tt-nhnn_9,ARTICLE,CONTAIN,
26/2024/tt-nhnn,26/2024/tt-nhnn_10,ARTICLE,CONTAIN,
26/2024/tt-nhnn_10,26/2024/tt-nhnn_5,ARTICLE,GUIDE,
26/2024/tt-nhnn,26/2024/tt-nhnn_11,ARTICLE,CONTAIN,
26/2024/tt-nhnn,26/2024/tt-nhnn_12,ARTICLE,CONTAIN,
26/2024/tt-nhnn,26/2024/tt-nhnn_13,ARTICLE,CONTAIN,
26/2024/tt-nhnn,26/2024/tt-nhnn_14,ARTICLE,CONTAIN,
26/2024/tt-nhnn_14,26/2024/tt-nhnn_16,ARTICLE,GUIDE,
26/2024/tt-nhnn,26/2024/tt-nhnn_15,ARTICLE,CONTAIN,
26/2024/tt-nhnn,26/2024/tt-nhnn_16,ARTICLE,CONTAIN,
26/2024/tt-nhnn,26/2024/tt-nhnn_17,ARTICLE,CONTAIN,
26/2024/tt-nhnn_17,26/2024/tt-nhnn_6,ARTICLE,GUIDE,
26/2024/tt-nhnn,26/2024/tt-nhnn_18,ARTICLE,CONTAIN,
26/2024/tt-nhnn,26/2024/tt-nhnn_19,ARTICLE,CONTAIN,
26/2024/tt-nhnn,26/2024/tt-nhnn_20,ARTICLE,CONTAIN,
26/2024/tt-nhnn_20,26/2024/tt-nhnn_21,ARTICLE,GUIDE,
26/2024/tt-nhnn,26/2024/tt-nhnn_21,ARTICLE,CONTAIN,
26/2024/tt-nhnn_21,26/2024/tt-nhnn_20,ARTICLE,GUIDE,
26/2024/tt-nhnn_21,26/2024/tt-nhnn_11,ARTICLE,GUIDE,
26/2024/tt-nhnn,26/2024/tt-nhnn_22,ARTICLE,CONTAIN,
26/2024/tt-nhnn_22,26/2024/tt-nhnn_5,ARTICLE,GUIDE,
26/2024/tt-nhnn,26/2024/tt-nhnn_23,ARTICLE,CONTAIN,
26/2024/tt-nhnn,26/2024/tt-nhnn_24,ARTICLE,CONTAIN,
26/2024/tt-nhnn,26/2024/tt-nhnn_25,ARTICLE,CONTAIN,
26/2024/tt-nhnn,26/2024/tt-nhnn_26,ARTICLE,CONTAIN,
26/2024/tt-nhnn_26,26/2024/tt-nhnn_27,ARTICLE,GUIDE,
26/2024/tt-nhnn,26/2024/tt-nhnn_27,ARTICLE,CONTAIN,
26/2024/tt-nhnn_27,26/2024/tt-nhnn_3,ARTICLE,GUIDE,
26/2024/tt-nhnn,26/2024/tt-nhnn_28,ARTICLE,CONTAIN,
26/2024/tt-nhnn,26/2024/tt-nhnn_29,ARTICLE,CONTAIN,
26/2024/tt-nhnn_29,26/2024/tt-nhnn_26,ARTICLE,GUIDE,
26/2024/tt-nhnn,26/2024/tt-nhnn_30,ARTICLE,CONTAIN,
26/2024/tt-nhnn,26/2024/tt-nhnn_31,ARTICLE,CONTAIN,
26/2024/tt-nhnn,26/2024/tt-nhnn_32,ARTICLE,CONTAIN,
26/2024/tt-nhnn,26/2024/tt-nhnn_33,ARTICLE,CONTAIN,
24/2024/tt-nhnn,24/2024/tt-nhnn_1,ARTICLE,CONTAIN,
24/2024/tt-nhnn_1,24/2024/tt-nhnn_5,ARTICLE,AMEND,
24/2024/tt-nhnn_1,24/2024/tt-nhnn_6,ARTICLE,AMEND,
24/2024/tt-nhnn_1,24/2024/tt-nhnn_7,ARTICLE,AMEND,
24/2024/tt-nhnn_1,24/2024/tt-nhnn_8,ARTICLE,AMEND,
24/2024/tt-nhnn_1,24/2024/tt-nhnn_11,ARTICLE,AMEND,
24/2024/tt-nhnn_1,32/2024/qh15_135,ARTICLE,GUIDE,
24/2024/tt-nhnn_1,32/2024/qh15_174,ARTICLE,GUIDE,
24/2024/tt-nhnn,24/2024/tt-nhnn_2,ARTICLE,CONTAIN,
24/2024/tt-nhnn_2,33/2015/tt-nhnn_5,ARTICLE,REPEAL,
24/2024/tt-nhnn_2,33/2015/tt-nhnn_6,ARTICLE,REPEAL,
24/2024/tt-nhnn_2,33/2015/tt-nhnn_10,ARTICLE,REPEAL,
24/2024/tt-nhnn,24/2024/tt-nhnn_3,ARTICLE,CONTAIN,
24/2024/tt-nhnn,24/2024/tt-nhnn_4,ARTICLE,CONTAIN,
28/2024/tt-nhnn,28/2024/tt-nhnn_1,ARTICLE,CONTAIN,
28/2024/tt-nhnn,28/2024/tt-nhnn_2,ARTICLE,CONTAIN,
28/2024/tt-nhnn,28/2024/tt-nhnn_3,ARTICLE,CONTAIN,
28/2024/tt-nhnn_3,28/2024/tt-nhnn_1,ARTICLE,GUIDE,
28/2024/tt-nhnn,28/2024/tt-nhnn_4,ARTICLE,CONTAIN,
28/2024/tt-nhnn_4,28/2024/tt-nhnn_17,ARTICLE,GUIDE,
28/2024/tt-nhnn,28/2024/tt-nhnn_5,ARTICLE,CONTAIN,
28/2024/tt-nhnn,28/2024/tt-nhnn_6,ARTICLE,CONTAIN,
28/2024/tt-nhnn,28/2024/tt-nhnn_7,ARTICLE,CONTAIN,
28/2024/tt-nhnn,28/2024/tt-nhnn_8,ARTICLE,CONTAIN,
28/2024/tt-nhnn,28/2024/tt-nhnn_9,ARTICLE,CONTAIN,
28/2024/tt-nhnn,28/2024/tt-nhnn_10,ARTICLE,CONTAIN,
28/2024/tt-nhnn,28/2024/tt-nhnn_11,ARTICLE,CONTAIN,
28/2024/tt-nhnn,28/2024/tt-nhnn_12,ARTICLE,CONTAIN,
28/2024/tt-nhnn,28/2024/tt-nhnn_13,ARTICLE,CONTAIN,
28/2024/tt-nhnn,28/2024/tt-nhnn_14,ARTICLE,CONTAIN,
28/2024/tt-nhnn_14,28/2024/tt-nhnn_17,ARTICLE,GUIDE,
28/2024/tt-nhnn,28/2024/tt-nhnn_15,ARTICLE,CONTAIN,
28/2024/tt-nhnn_15,28/2024/tt-nhnn_3,ARTICLE,GUIDE,
28/2024/tt-nhnn_15,28/2024/tt-nhnn_6,ARTICLE,GUIDE,
28/2024/tt-nhnn_15,28/2024/tt-nhnn_13,ARTICLE,GUIDE,
28/2024/tt-nhnn_15,28/2024/tt-nhnn_17,ARTICLE,GUIDE,
28/2024/tt-nhnn,28/2024/tt-nhnn_16,ARTICLE,CONTAIN,
28/2024/tt-nhnn_16,28/2024/tt-nhnn_6,ARTICLE,GUIDE,
28/2024/tt-nhnn_16,28/2024/tt-nhnn_13,ARTICLE,GUIDE,
28/2024/tt-nhnn_16,28/2024/tt-nhnn_17,ARTICLE,GUIDE,
28/2024/tt-nhnn,28/2024/tt-nhnn_17,ARTICLE,CONTAIN,
28/2024/tt-nhnn_17,28/2024/tt-nhnn_1,ARTICLE,GUIDE,
28/2024/tt-nhnn_17,32/2024/qh15_37,ARTICLE,GUIDE,
28/2024/tt-nhnn,28/2024/tt-nhnn_18,ARTICLE,CONTAIN,
28/2024/tt-nhnn_18,28/2024/tt-nhnn_1,ARTICLE,GUIDE,
28/2024/tt-nhnn,28/2024/tt-nhnn_19,ARTICLE,CONTAIN,
28/2024/tt-nhnn_19,21/2019/tt-nhnn_3,ARTICLE,REPEAL,
28/2024/tt-nhnn_19,21/2019/tt-nhnn_6,ARTICLE,REPEAL,
28/2024/tt-nhnn_19,24/2023/tt-nhnn_4,ARTICLE,REPEAL,
28/2024/tt-nhnn,28/2024/tt-nhnn_20,ARTICLE,CONTAIN,
27/2024/tt-nhnn,27/2024/tt-nhnn_1,ARTICLE,CONTAIN,
27/2024/tt-nhnn,27/2024/tt-nhnn_2,ARTICLE,CONTAIN,
27/2024/tt-nhnn_2,27/2024/tt-nhnn_1,ARTICLE,GUIDE,
27/2024/tt-nhnn,27/2024/tt-nhnn_3,ARTICLE,CONTAIN,
27/2024/tt-nhnn,27/2024/tt-nhnn_4,ARTICLE,CONTAIN,
27/2024/tt-nhnn,27/2024/tt-nhnn_5,ARTICLE,CONTAIN,
27/2024/tt-nhnn,27/2024/tt-nhnn_6,ARTICLE,CONTAIN,
27/2024/tt-nhnn,27/2024/tt-nhnn_7,ARTICLE,CONTAIN,
27/2024/tt-nhnn_7,32/2024/qh15_42,ARTICLE,GUIDE,
27/2024/tt-nhnn_7,32/2024/qh15_43,ARTICLE,GUIDE,
27/2024/tt-nhnn_7,27/2024/tt-nhnn_9,ARTICLE,GUIDE,
27/2024/tt-nhnn,27/2024/tt-nhnn_8,ARTICLE,CONTAIN,
27/2024/tt-nhnn_8,32/2024/qh15_42,ARTICLE,GUIDE,
27/2024/tt-nhnn_8,32/2024/qh15_43,ARTICLE,GUIDE,
27/2024/tt-nhnn,27/2024/tt-nhnn_9,ARTICLE,CONTAIN,
27/2024/tt-nhnn_9,32/2024/qh15_42,ARTICLE,GUIDE,
27/2024/tt-nhnn_9,32/2024/qh15_43,ARTICLE,GUIDE,
27/2024/tt-nhnn,27/2024/tt-nhnn_10,ARTICLE,CONTAIN,
27/2024/tt-nhnn_10,27/2024/tt-nhnn_12,ARTICLE,GUIDE,
27/2024/tt-nhnn,27/2024/tt-nhnn_11,ARTICLE,CONTAIN,
27/2024/tt-nhnn_11,27/2024/tt-nhnn_14,ARTICLE,GUIDE,
27/2024/tt-nhnn_11,27/2024/tt-nhnn_12,ARTICLE,GUIDE,
27/2024/tt-nhnn,27/2024/tt-nhnn_12,ARTICLE,CONTAIN,
27/2024/tt-nhnn,27/2024/tt-nhnn_13,ARTICLE,CONTAIN,
27/2024/tt-nhnn_13,27/2024/tt-nhnn_11,ARTICLE,GUIDE,
27/2024/tt-nhnn,27/2024/tt-nhnn_14,ARTICLE,CONTAIN,
27/2024/tt-nhnn_14,27/2024/tt-nhnn_12,ARTICLE,GUIDE,
27/2024/tt-nhnn_14,27/2024/tt-nhnn_10,ARTICLE,GUIDE,
27/2024/tt-nhnn_14,27/2024/tt-nhnn_11,ARTICLE,GUIDE,
27/2024/tt-nhnn,27/2024/tt-nhnn_15,ARTICLE,CONTAIN,
27/2024/tt-nhnn,27/2024/tt-nhnn_16,ARTICLE,CONTAIN,
27/2024/tt-nhnn,27/2024/tt-nhnn_17,ARTICLE,CONTAIN,
27/2024/tt-nhnn_17,27/2024/tt-nhnn_21,ARTICLE,GUIDE,
27/2024/tt-nhnn,27/2024/tt-nhnn_18,ARTICLE,CONTAIN,
27/2024/tt-nhnn_18,27/2024/tt-nhnn_21,ARTICLE,GUIDE,
27/2024/tt-nhnn,27/2024/tt-nhnn_19,ARTICLE,CONTAIN,
27/2024/tt-nhnn,27/2024/tt-nhnn_20,ARTICLE,CONTAIN,
27/2024/tt-nhnn,27/2024/tt-nhnn_21,ARTICLE,CONTAIN,
27/2024/tt-nhnn,27/2024/tt-nhnn_22,ARTICLE,CONTAIN,
27/2024/tt-nhnn,27/2024/tt-nhnn_23,ARTICLE,CONTAIN,
27/2024/tt-nhnn_23,27/2024/tt-nhnn_17,ARTICLE,GUIDE,
27/2024/tt-nhnn,27/2024/tt-nhnn_24,ARTICLE,CONTAIN,
27/2024/tt-nhnn,27/2024/tt-nhnn_25,ARTICLE,CONTAIN,
27/2024/tt-nhnn,27/2024/tt-nhnn_26,ARTICLE,CONTAIN,
27/2024/tt-nhnn_26,27/2024/tt-nhnn_24,ARTICLE,GUIDE,
27/2024/tt-nhnn_26,27/2024/tt-nhnn_27,ARTICLE,GUIDE,
27/2024/tt-nhnn_26,32/2024/qh15_159,ARTICLE,GUIDE,
27/2024/tt-nhnn_26,32/2024/qh15_171,ARTICLE,GUIDE,
27/2024/tt-nhnn,27/2024/tt-nhnn_27,ARTICLE,CONTAIN,
27/2024/tt-nhnn_27,32/2024/qh15_159,ARTICLE,GUIDE,
27/2024/tt-nhnn_27,32/2024/qh15_171,ARTICLE,GUIDE,
27/2024/tt-nhnn,27/2024/tt-nhnn_28,ARTICLE,CONTAIN,
27/2024/tt-nhnn,27/2024/tt-nhnn_29,ARTICLE,CONTAIN,
27/2024/tt-nhnn,27/2024/tt-nhnn_30,ARTICLE,CONTAIN,
27/2024/tt-nhnn,27/2024/tt-nhnn_31,ARTICLE,CONTAIN,
27/2024/tt-nhnn,27/2024/tt-nhnn_32,ARTICLE,CONTAIN,
27/2024/tt-nhnn,27/2024/tt-nhnn_33,ARTICLE,CONTAIN,
27/2024/tt-nhnn_33,21/2019/tt-nhnn_1,ARTICLE,REPEAL,
27/2024/tt-nhnn_33,21/2019/tt-nhnn_5,ARTICLE,REPEAL,
27/2024/tt-nhnn_33,24/2023/tt-nhnn_1,ARTICLE,REPEAL,
27/2024/tt-nhnn_33,21/2023/tt-nhnn_2,ARTICLE,REPEAL,
27/2024/tt-nhnn,27/2024/tt-nhnn_34,ARTICLE,CONTAIN,
31/2024/tt-nhnn,31/2024/tt-nhnn_1,ARTICLE,CONTAIN,
31/2024/tt-nhnn,31/2024/tt-nhnn_2,ARTICLE,CONTAIN,
31/2024/tt-nhnn,31/2024/tt-nhnn_3,ARTICLE,CONTAIN,
31/2024/tt-nhnn_3,31/2024/tt-nhnn_1,ARTICLE,GUIDE,
31/2024/tt-nhnn,31/2024/tt-nhnn_4,ARTICLE,CONTAIN,
31/2024/tt-nhnn,31/2024/tt-nhnn_5,ARTICLE,CONTAIN,
31/2024/tt-nhnn,31/2024/tt-nhnn_6,ARTICLE,CONTAIN,
31/2024/tt-nhnn,31/2024/tt-nhnn_7,ARTICLE,CONTAIN,
31/2024/tt-nhnn_7,31/2024/tt-nhnn_6,ARTICLE,GUIDE,
31/2024/tt-nhnn,31/2024/tt-nhnn_8,ARTICLE,CONTAIN,
31/2024/tt-nhnn_8,31/2024/tt-nhnn_1,ARTICLE,GUIDE,
31/2024/tt-nhnn_8,31/2024/tt-nhnn_9,ARTICLE,GUIDE,
31/2024/tt-nhnn_8,31/2024/tt-nhnn_10,ARTICLE,GUIDE,
31/2024/tt-nhnn_8,31/2024/tt-nhnn_11,ARTICLE,GUIDE,
31/2024/tt-nhnn,31/2024/tt-nhnn_9,ARTICLE,CONTAIN,
31/2024/tt-nhnn_9,31/2024/tt-nhnn_8,ARTICLE,GUIDE,
31/2024/tt-nhnn_9,31/2024/tt-nhnn_10,ARTICLE,GUIDE,
31/2024/tt-nhnn_9,32/2024/qh15_174,ARTICLE,GUIDE,
31/2024/tt-nhnn_9,32/2024/qh15_182,ARTICLE,GUIDE,
31/2024/tt-nhnn,31/2024/tt-nhnn_10,ARTICLE,CONTAIN,
31/2024/tt-nhnn_10,32/2024/qh15_134,ARTICLE,GUIDE,
31/2024/tt-nhnn_10,32/2024/qh15_135,ARTICLE,GUIDE,
31/2024/tt-nhnn_10,32/2024/qh15_136,ARTICLE,GUIDE,
31/2024/tt-nhnn_10,31/2024/tt-nhnn_8,ARTICLE,GUIDE,
31/2024/tt-nhnn,31/2024/tt-nhnn_11,ARTICLE,CONTAIN,
31/2024/tt-nhnn_11,31/2024/tt-nhnn_6,ARTICLE,GUIDE,
31/2024/tt-nhnn_11,31/2024/tt-nhnn_8,ARTICLE,GUIDE,
31/2024/tt-nhnn_11,31/2024/tt-nhnn_10,ARTICLE,GUIDE,
31/2024/tt-nhnn,31/2024/tt-nhnn_12,ARTICLE,CONTAIN,
31/2024/tt-nhnn_12,31/2024/tt-nhnn_6,ARTICLE,GUIDE,
31/2024/tt-nhnn,31/2024/tt-nhnn_13,ARTICLE,CONTAIN,
31/2024/tt-nhnn,31/2024/tt-nhnn_14,ARTICLE,CONTAIN,
31/2024/tt-nhnn_14,31/2024/tt-nhnn_6,ARTICLE,GUIDE,
31/2024/tt-nhnn_14,31/2024/tt-nhnn_7,ARTICLE,GUIDE,
31/2024/tt-nhnn_14,31/2024/tt-nhnn_8,ARTICLE,GUIDE,
31/2024/tt-nhnn,31/2024/tt-nhnn_15,ARTICLE,CONTAIN,
31/2024/tt-nhnn_15,31/2024/tt-nhnn_2,ARTICLE,GUIDE,
31/2024/tt-nhnn_15,31/2024/tt-nhnn_11,ARTICLE,GUIDE,
31/2024/tt-nhnn_15,31/2024/tt-nhnn_9,ARTICLE,GUIDE,
31/2024/tt-nhnn,31/2024/tt-nhnn_16,ARTICLE,CONTAIN,
31/2024/tt-nhnn,31/2024/tt-nhnn_17,ARTICLE,CONTAIN,
30/2024/tt-nhnn,30/2024/tt-nhnn_1,ARTICLE,CONTAIN,
30/2024/tt-nhnn_1,53/2018/tt-nhnn_4,ARTICLE,AMEND,
30/2024/tt-nhnn_1,53/2018/tt-nhnn_10,ARTICLE,AMEND,
30/2024/tt-nhnn_1,53/2018/tt-nhnn_12,ARTICLE,AMEND,
30/2024/tt-nhnn_1,53/2018/tt-nhnn_13,ARTICLE,AMEND,
30/2024/tt-nhnn_1,53/2018/tt-nhnn_14,ARTICLE,AMEND,
30/2024/tt-nhnn_1,53/2018/tt-nhnn_18,ARTICLE,AMEND,
30/2024/tt-nhnn_1,53/2018/tt-nhnn_19,ARTICLE,AMEND,
30/2024/tt-nhnn_1,53/2018/tt-nhnn_20,ARTICLE,AMEND,
30/2024/tt-nhnn_1,53/2018/tt-nhnn_21,ARTICLE,AMEND,
30/2024/tt-nhnn_1,53/2018/tt-nhnn_22,ARTICLE,AMEND,
30/2024/tt-nhnn_1,53/2018/tt-nhnn_23,ARTICLE,AMEND,
30/2024/tt-nhnn_1,53/2018/tt-nhnn_10,ARTICLE,REPLACE,
30/2024/tt-nhnn_1,53/2018/tt-nhnn_11,ARTICLE,REPLACE,
30/2024/tt-nhnn_1,53/2018/tt-nhnn_15,ARTICLE,REPLACE,
30/2024/tt-nhnn_1,53/2018/tt-nhnn_24,ARTICLE,REPLACE,
30/2024/tt-nhnn_1,32/2024/qh15_41,ARTICLE,GUIDE,
30/2024/tt-nhnn,30/2024/tt-nhnn_2,ARTICLE,CONTAIN,
30/2024/tt-nhnn_2,25/2017/tt-nhnn_1,ARTICLE,AMEND,
30/2024/tt-nhnn_2,25/2017/tt-nhnn_2,ARTICLE,AMEND,
30/2024/tt-nhnn_2,25/2017/tt-nhnn_3,ARTICLE,AMEND,
30/2024/tt-nhnn_2,25/2017/tt-nhnn_4,ARTICLE,AMEND,
30/2024/tt-nhnn_2,25/2017/tt-nhnn_6,ARTICLE,AMEND,
30/2024/tt-nhnn_2,25/2017/tt-nhnn_7,ARTICLE,AMEND,
30/2024/tt-nhnn_2,25/2017/tt-nhnn_8,ARTICLE,AMEND,
30/2024/tt-nhnn_2,25/2017/tt-nhnn_9,ARTICLE,AMEND,
30/2024/tt-nhnn_2,25/2017/tt-nhnn_10,ARTICLE,AMEND,
30/2024/tt-nhnn_2,25/2017/tt-nhnn_11,ARTICLE,AMEND,
30/2024/tt-nhnn_2,25/2017/tt-nhnn_12,ARTICLE,AMEND,
30/2024/tt-nhnn_2,25/2017/tt-nhnn_13,ARTICLE,AMEND,
30/2024/tt-nhnn_2,25/2017/tt-nhnn_14,ARTICLE,AMEND,
30/2024/tt-nhnn_2,25/2017/tt-nhnn_8,ARTICLE,REPEAL,
30/2024/tt-nhnn_2,25/2017/tt-nhnn_5,ARTICLE,REPLACE,
30/2024/tt-nhnn_2,25/2017/tt-nhnn_7,ARTICLE,REPLACE,
30/2024/tt-nhnn_2,25/2017/tt-nhnn_8,ARTICLE,REPLACE,
30/2024/tt-nhnn_2,25/2017/tt-nhnn_9,ARTICLE,REPLACE,
30/2024/tt-nhnn_2,25/2017/tt-nhnn_10,ARTICLE,REPLACE,
30/2024/tt-nhnn_2,25/2017/tt-nhnn_13,ARTICLE,REPLACE,
30/2024/tt-nhnn,30/2024/tt-nhnn_3,ARTICLE,CONTAIN,
30/2024/tt-nhnn,30/2024/tt-nhnn_4,ARTICLE,CONTAIN,
30/2024/tt-nhnn_4,27/2022/tt-nhnn_2,ARTICLE,REPEAL,
30/2024/tt-nhnn_4,27/2022/tt-nhnn_3,ARTICLE,REPEAL,
30/2024/tt-nhnn_4,24/2023/tt-nhnn_7,ARTICLE,REPEAL,
19/2024/tt-nhnn,19/2024/tt-nhnn_1,ARTICLE,CONTAIN,
19/2024/tt-nhnn_1,08/2023/tt-nhnn_3,ARTICLE,AMEND,
19/2024/tt-nhnn_1,08/2023/tt-nhnn_5,ARTICLE,AMEND,
19/2024/tt-nhnn_1,08/2023/tt-nhnn_9,ARTICLE,AMEND,
19/2024/tt-nhnn_1,08/2023/tt-nhnn_14,ARTICLE,AMEND,
19/2024/tt-nhnn_1,08/2023/tt-nhnn_15,ARTICLE,AMEND,
19/2024/tt-nhnn_1,08/2023/tt-nhnn_16,ARTICLE,AMEND,
19/2024/tt-nhnn_1,19/2024/tt-nhnn_7,ARTICLE,GUIDE,
19/2024/tt-nhnn_1,19/2024/tt-nhnn_8,ARTICLE,GUIDE,
19/2024/tt-nhnn_1,19/2024/tt-nhnn_17,ARTICLE,GUIDE,
19/2024/tt-nhnn_1,19/2024/tt-nhnn_18,ARTICLE,GUIDE,
19/2024/tt-nhnn,19/2024/tt-nhnn_2,ARTICLE,CONTAIN,
19/2024/tt-nhnn,19/2024/tt-nhnn_3,ARTICLE,CONTAIN,
19/2024/tt-nhnn_3,12/2022/tt-nhnn_11,ARTICLE,AMEND,
18/2024/tt-nhnn,18/2024/tt-nhnn_1,ARTICLE,CONTAIN,
18/2024/tt-nhnn,18/2024/tt-nhnn_2,ARTICLE,CONTAIN,
18/2024/tt-nhnn,18/2024/tt-nhnn_3,ARTICLE,CONTAIN,
18/2024/tt-nhnn_3,18/2024/tt-nhnn_8,ARTICLE,GUIDE,
18/2024/tt-nhnn_3,18/2024/tt-nhnn_11,ARTICLE,GUIDE,
18/2024/tt-nhnn_3,18/2024/tt-nhnn_20,ARTICLE,GUIDE,
18/2024/tt-nhnn,18/2024/tt-nhnn_4,ARTICLE,CONTAIN,
18/2024/tt-nhnn,18/2024/tt-nhnn_5,ARTICLE,CONTAIN,
18/2024/tt-nhnn,18/2024/tt-nhnn_6,ARTICLE,CONTAIN,
18/2024/tt-nhnn,18/2024/tt-nhnn_7,ARTICLE,CONTAIN,
18/2024/tt-nhnn,18/2024/tt-nhnn_8,ARTICLE,CONTAIN,
18/2024/tt-nhnn,18/2024/tt-nhnn_9,ARTICLE,CONTAIN,
18/2024/tt-nhnn_9,18/2024/tt-nhnn_12,ARTICLE,GUIDE,
18/2024/tt-nhnn_9,18/2024/tt-nhnn_10,ARTICLE,GUIDE,
18/2024/tt-nhnn,18/2024/tt-nhnn_10,ARTICLE,CONTAIN,
18/2024/tt-nhnn_10,18/2024/tt-nhnn_9,ARTICLE,GUIDE,
18/2024/tt-nhnn_10,18/2024/tt-nhnn_12,ARTICLE,GUIDE,
18/2024/tt-nhnn_10,18/2024/tt-nhnn_14,ARTICLE,GUIDE,
18/2024/tt-nhnn_10,18/2024/tt-nhnn_15,ARTICLE,GUIDE,
18/2024/tt-nhnn,18/2024/tt-nhnn_11,ARTICLE,CONTAIN,
18/2024/tt-nhnn,18/2024/tt-nhnn_12,ARTICLE,CONTAIN,
18/2024/tt-nhnn_12,18/2024/tt-nhnn_19,ARTICLE,GUIDE,
18/2024/tt-nhnn,18/2024/tt-nhnn_13,ARTICLE,CONTAIN,
18/2024/tt-nhnn,18/2024/tt-nhnn_14,ARTICLE,CONTAIN,
18/2024/tt-nhnn_14,18/2024/tt-nhnn_15,ARTICLE,GUIDE,
18/2024/tt-nhnn_14,32/2024/qh15_102,ARTICLE,GUIDE,
18/2024/tt-nhnn_14,32/2024/qh15_134,ARTICLE,GUIDE,
18/2024/tt-nhnn_14,32/2024/qh15_135,ARTICLE,GUIDE,
18/2024/tt-nhnn_14,32/2024/qh15_136,ARTICLE,GUIDE,
18/2024/tt-nhnn,18/2024/tt-nhnn_15,ARTICLE,CONTAIN,
18/2024/tt-nhnn,18/2024/tt-nhnn_16,ARTICLE,CONTAIN,
18/2024/tt-nhnn,18/2024/tt-nhnn_17,ARTICLE,CONTAIN,
18/2024/tt-nhnn_17,18/2024/tt-nhnn_9,ARTICLE,GUIDE,
18/2024/tt-nhnn_17,18/2024/tt-nhnn_10,ARTICLE,GUIDE,
18/2024/tt-nhnn_17,18/2024/tt-nhnn_16,ARTICLE,GUIDE,
18/2024/tt-nhnn,18/2024/tt-nhnn_18,ARTICLE,CONTAIN,
18/2024/tt-nhnn,18/2024/tt-nhnn_19,ARTICLE,CONTAIN,
18/2024/tt-nhnn,18/2024/tt-nhnn_20,ARTICLE,CONTAIN,
18/2024/tt-nhnn,18/2024/tt-nhnn_21,ARTICLE,CONTAIN,
18/2024/tt-nhnn,18/2024/tt-nhnn_22,ARTICLE,CONTAIN,
18/2024/tt-nhnn,18/2024/tt-nhnn_23,ARTICLE,CONTAIN,
18/2024/tt-nhnn_23,18/2024/tt-nhnn_22,ARTICLE,GUIDE,
18/2024/tt-nhnn,18/2024/tt-nhnn_24,ARTICLE,CONTAIN,
18/2024/tt-nhnn,18/2024/tt-nhnn_25,ARTICLE,CONTAIN,
18/2024/tt-nhnn,18/2024/tt-nhnn_26,ARTICLE,CONTAIN,
18/2024/tt-nhnn,18/2024/tt-nhnn_27,ARTICLE,CONTAIN,
18/2024/tt-nhnn,18/2024/tt-nhnn_28,ARTICLE,CONTAIN,
18/2024/tt-nhnn_28,19/2016/tt-nhnn_13,ARTICLE,REPEAL,
18/2024/tt-nhnn_28,18/2024/tt-nhnn_9,ARTICLE,GUIDE,
18/2024/tt-nhnn_28,18/2024/tt-nhnn_10,ARTICLE,GUIDE,
18/2024/tt-nhnn_28,18/2024/tt-nhnn_12,ARTICLE,GUIDE,
18/2024/tt-nhnn_28,18/2024/tt-nhnn_13,ARTICLE,GUIDE,
18/2024/tt-nhnn_28,18/2024/tt-nhnn_16,ARTICLE,GUIDE,
18/2024/tt-nhnn_28,18/2024/tt-nhnn_17,ARTICLE,GUIDE,
18/2024/tt-nhnn_28,18/2024/tt-nhnn_19,ARTICLE,GUIDE,
18/2024/tt-nhnn_28,19/2016/tt-nhnn_10,ARTICLE,GUIDE,
18/2024/tt-nhnn_28,19/2016/tt-nhnn_13,ARTICLE,GUIDE,
18/2024/tt-nhnn_28,19/2016/tt-nhnn_18,ARTICLE,GUIDE,
18/2024/tt-nhnn,18/2024/tt-nhnn_29,ARTICLE,CONTAIN,
18/2024/tt-nhnn_29,18/2024/tt-nhnn_9,ARTICLE,GUIDE,
18/2024/tt-nhnn_29,18/2024/tt-nhnn_12,ARTICLE,GUIDE,
18/2024/tt-nhnn,18/2024/tt-nhnn_30,ARTICLE,CONTAIN,
36/2024/tt-nhnn,36/2024/tt-nhnn_1,ARTICLE,CONTAIN,
36/2024/tt-nhnn,36/2024/tt-nhnn_2,ARTICLE,CONTAIN,
36/2024/tt-nhnn,36/2024/tt-nhnn_3,ARTICLE,CONTAIN,
36/2024/tt-nhnn_3,36/2024/tt-nhnn_1,ARTICLE,GUIDE,
36/2024/tt-nhnn,36/2024/tt-nhnn_4,ARTICLE,CONTAIN,
36/2024/tt-nhnn_4,36/2024/tt-nhnn_1,ARTICLE,GUIDE,
36/2024/tt-nhnn_4,36/2024/tt-nhnn_8,ARTICLE,GUIDE,
36/2024/tt-nhnn_4,36/2024/tt-nhnn_9,ARTICLE,GUIDE,
36/2024/tt-nhnn_4,36/2024/tt-nhnn_10,ARTICLE,GUIDE,
36/2024/tt-nhnn,36/2024/tt-nhnn_5,ARTICLE,CONTAIN,
36/2024/tt-nhnn,36/2024/tt-nhnn_6,ARTICLE,CONTAIN,
36/2024/tt-nhnn,36/2024/tt-nhnn_7,ARTICLE,CONTAIN,
36/2024/tt-nhnn_7,36/2024/tt-nhnn_6,ARTICLE,GUIDE,
36/2024/tt-nhnn,36/2024/tt-nhnn_8,ARTICLE,CONTAIN,
36/2024/tt-nhnn_8,36/2024/tt-nhnn_9,ARTICLE,GUIDE,
36/2024/tt-nhnn_8,36/2024/tt-nhnn_10,ARTICLE,GUIDE,
36/2024/tt-nhnn,36/2024/tt-nhnn_9,ARTICLE,CONTAIN,
36/2024/tt-nhnn_9,36/2024/tt-nhnn_4,ARTICLE,GUIDE,
36/2024/tt-nhnn_9,32/2024/qh15_134,ARTICLE,GUIDE,
36/2024/tt-nhnn_9,32/2024/qh15_135,ARTICLE,GUIDE,
36/2024/tt-nhnn_9,32/2024/qh15_136,ARTICLE,GUIDE,
36/2024/tt-nhnn,36/2024/tt-nhnn_10,ARTICLE,CONTAIN,
36/2024/tt-nhnn_10,36/2024/tt-nhnn_9,ARTICLE,GUIDE,
36/2024/tt-nhnn,36/2024/tt-nhnn_11,ARTICLE,CONTAIN,
36/2024/tt-nhnn,36/2024/tt-nhnn_12,ARTICLE,CONTAIN,
36/2024/tt-nhnn_12,36/2024/tt-nhnn_7,ARTICLE,GUIDE,
36/2024/tt-nhnn,36/2024/tt-nhnn_13,ARTICLE,CONTAIN,
36/2024/tt-nhnn_13,36/2024/tt-nhnn_8,ARTICLE,GUIDE,
36/2024/tt-nhnn,36/2024/tt-nhnn_14,ARTICLE,CONTAIN,
36/2024/tt-nhnn,36/2024/tt-nhnn_15,ARTICLE,CONTAIN,
38/2024/tt-nhnn,38/2024/tt-nhnn_1,ARTICLE,CONTAIN,
38/2024/tt-nhnn,38/2024/tt-nhnn_2,ARTICLE,CONTAIN,
38/2024/tt-nhnn,38/2024/tt-nhnn_3,ARTICLE,CONTAIN,
38/2024/tt-nhnn_3,38/2024/tt-nhnn_4,ARTICLE,GUIDE,
38/2024/tt-nhnn,38/2024/tt-nhnn_4,ARTICLE,CONTAIN,
38/2024/tt-nhnn_4,38/2024/tt-nhnn_3,ARTICLE,GUIDE,
38/2024/tt-nhnn,38/2024/tt-nhnn_5,ARTICLE,CONTAIN,
38/2024/tt-nhnn,38/2024/tt-nhnn_6,ARTICLE,CONTAIN,
38/2024/tt-nhnn_6,38/2024/tt-nhnn_4,ARTICLE,GUIDE,
38/2024/tt-nhnn_6,38/2024/tt-nhnn_7,ARTICLE,GUIDE,
38/2024/tt-nhnn,38/2024/tt-nhnn_7,ARTICLE,CONTAIN,
38/2024/tt-nhnn,38/2024/tt-nhnn_8,ARTICLE,CONTAIN,
38/2024/tt-nhnn,38/2024/tt-nhnn_9,ARTICLE,CONTAIN,
38/2024/tt-nhnn,38/2024/tt-nhnn_10,ARTICLE,CONTAIN,
38/2024/tt-nhnn,38/2024/tt-nhnn_11,ARTICLE,CONTAIN,
38/2024/tt-nhnn,38/2024/tt-nhnn_12,ARTICLE,CONTAIN,
86/2024/nđ-cp,86/2024/nđ-cp_1,ARTICLE,CONTAIN,
86/2024/nđ-cp_1,32/2024/qh15_147,ARTICLE,GUIDE,
86/2024/nđ-cp_1,32/2024/qh15_159,ARTICLE,GUIDE,
86/2024/nđ-cp_1,86/2024/NĐ-CP_3,ARTICLE,GUIDE,
86/2024/nđ-cp,86/2024/nđ-cp_2,ARTICLE,CONTAIN,
86/2024/nđ-cp_2,86/2024/nđ-cp_16,ARTICLE,GUIDE,
86/2024/nđ-cp,86/2024/nđ-cp_3,ARTICLE,CONTAIN,
86/2024/nđ-cp_3,32/2024/qh15_147,ARTICLE,GUIDE,
86/2024/nđ-cp,86/2024/nđ-cp_4,ARTICLE,CONTAIN,
86/2024/nđ-cp_4,86/2024/nđ-cp_5,ARTICLE,GUIDE,
86/2024/nđ-cp_4,86/2024/nđ-cp_6,ARTICLE,GUIDE,
86/2024/nđ-cp_4,32/2024/qh15_159,ARTICLE,GUIDE,
86/2024/nđ-cp_4,32/2024/qh15_166,ARTICLE,GUIDE,
86/2024/nđ-cp,86/2024/nđ-cp_5,ARTICLE,CONTAIN,
86/2024/nđ-cp_5,32/2024/qh15_135,ARTICLE,GUIDE,
86/2024/nđ-cp,86/2024/nđ-cp_6,ARTICLE,CONTAIN,
86/2024/nđ-cp,86/2024/nđ-cp_7,ARTICLE,CONTAIN,
86/2024/nđ-cp_7,86/2024/nđ-cp_3,ARTICLE,GUIDE,
86/2024/nđ-cp,86/2024/nđ-cp_8,ARTICLE,CONTAIN,
86/2024/nđ-cp,86/2024/nđ-cp_9,ARTICLE,CONTAIN,
86/2024/nđ-cp,86/2024/nđ-cp_10,ARTICLE,CONTAIN,
86/2024/nđ-cp,86/2024/nđ-cp_11,ARTICLE,CONTAIN,
86/2024/nđ-cp,86/2024/nđ-cp_12,ARTICLE,CONTAIN,
86/2024/nđ-cp_12,86/2024/NĐ-CP_11,ARTICLE,GUIDE,
86/2024/nđ-cp,86/2024/nđ-cp_13,ARTICLE,CONTAIN,
86/2024/nđ-cp,86/2024/nđ-cp_14,ARTICLE,CONTAIN,
86/2024/nđ-cp,86/2024/nđ-cp_15,ARTICLE,CONTAIN,
86/2024/nđ-cp,86/2024/nđ-cp_16,ARTICLE,CONTAIN,
86/2024/nđ-cp,86/2024/nđ-cp_17,ARTICLE,CONTAIN,
86/2024/nđ-cp_17,32/2024/qh15_156,ARTICLE,GUIDE,
86/2024/nđ-cp_17,32/2024/qh15_159,ARTICLE,GUIDE,
86/2024/nđ-cp,86/2024/nđ-cp_18,ARTICLE,CONTAIN,
86/2024/nđ-cp,86/2024/nđ-cp_19,ARTICLE,CONTAIN,
86/2024/nđ-cp,86/2024/nđ-cp_20,ARTICLE,CONTAIN,
86/2024/nđ-cp_20,86/2024/nđ-cp_16,ARTICLE,GUIDE,
86/2024/nđ-cp,86/2024/nđ-cp_21,ARTICLE,CONTAIN,
86/2024/nđ-cp,86/2024/nđ-cp_22,ARTICLE,CONTAIN,
32/2024/tt-nhnn,32/2024/tt-nhnn_1,ARTICLE,CONTAIN,
32/2024/tt-nhnn,32/2024/tt-nhnn_2,ARTICLE,CONTAIN,
32/2024/tt-nhnn,32/2024/tt-nhnn_3,ARTICLE,CONTAIN,
32/2024/tt-nhnn,32/2024/tt-nhnn_4,ARTICLE,CONTAIN,
32/2024/tt-nhnn,32/2024/tt-nhnn_5,ARTICLE,CONTAIN,
32/2024/tt-nhnn_5,32/2024/tt-nhnn_19,ARTICLE,GUIDE,
32/2024/tt-nhnn_5,32/2024/tt-nhnn_22,ARTICLE,GUIDE,
32/2024/tt-nhnn_5,32/2024/tt-nhnn_29,ARTICLE,GUIDE,
32/2024/tt-nhnn,32/2024/tt-nhnn_6,ARTICLE,CONTAIN,
32/2024/tt-nhnn_6,32/2024/qh15_134,ARTICLE,GUIDE,
32/2024/tt-nhnn_6,32/2024/qh15_135,ARTICLE,GUIDE,
32/2024/tt-nhnn_6,32/2024/qh15_136,ARTICLE,GUIDE,
32/2024/tt-nhnn_6,32/2024/qh15_137,ARTICLE,GUIDE,
32/2024/tt-nhnn_6,32/2024/qh15_138,ARTICLE,GUIDE,
32/2024/tt-nhnn_6,32/2024/qh15_142,ARTICLE,GUIDE,
32/2024/tt-nhnn_6,32/2024/qh15_57,ARTICLE,GUIDE,
32/2024/tt-nhnn_6,32/2024/qh15_58,ARTICLE,GUIDE,
32/2024/tt-nhnn_6,32/2024/tt-nhnn_7,ARTICLE,GUIDE,
32/2024/tt-nhnn_6,32/2024/tt-nhnn_8,ARTICLE,GUIDE,
32/2024/tt-nhnn,32/2024/tt-nhnn_7,ARTICLE,CONTAIN,
32/2024/tt-nhnn_7,32/2024/tt-nhnn_6,ARTICLE,GUIDE,
32/2024/tt-nhnn,32/2024/tt-nhnn_8,ARTICLE,CONTAIN,
32/2024/tt-nhnn_8,32/2024/tt-nhnn_7,ARTICLE,GUIDE,
32/2024/tt-nhnn,32/2024/tt-nhnn_9,ARTICLE,CONTAIN,
32/2024/tt-nhnn_9,32/2024/tt-nhnn_6,ARTICLE,GUIDE,
32/2024/tt-nhnn,32/2024/tt-nhnn_10,ARTICLE,CONTAIN,
32/2024/tt-nhnn,32/2024/tt-nhnn_11,ARTICLE,CONTAIN,
32/2024/tt-nhnn_11,32/2024/tt-nhnn_6,ARTICLE,GUIDE,
32/2024/tt-nhnn_11,32/2024/tt-nhnn_7,ARTICLE,GUIDE,
32/2024/tt-nhnn_11,32/2024/tt-nhnn_12,ARTICLE,GUIDE,
32/2024/tt-nhnn,32/2024/tt-nhnn_12,ARTICLE,CONTAIN,
32/2024/tt-nhnn_12,32/2024/tt-nhnn_7,ARTICLE,GUIDE,
32/2024/tt-nhnn,32/2024/tt-nhnn_13,ARTICLE,CONTAIN,
32/2024/tt-nhnn,32/2024/tt-nhnn_14,ARTICLE,CONTAIN,
32/2024/tt-nhnn_14,32/2024/tt-nhnn_4,ARTICLE,GUIDE,
32/2024/tt-nhnn_14,32/2024/tt-nhnn_13,ARTICLE,GUIDE,
32/2024/tt-nhnn,32/2024/tt-nhnn_15,ARTICLE,CONTAIN,
32/2024/tt-nhnn_15,32/2024/qh15_41,ARTICLE,GUIDE,
32/2024/tt-nhnn,32/2024/tt-nhnn_16,ARTICLE,CONTAIN,
32/2024/tt-nhnn,32/2024/tt-nhnn_17,ARTICLE,CONTAIN,
32/2024/tt-nhnn_17,32/2024/tt-nhnn_15,ARTICLE,GUIDE,
32/2024/tt-nhnn,32/2024/tt-nhnn_18,ARTICLE,CONTAIN,
32/2024/tt-nhnn_18,32/2024/tt-nhnn_12,ARTICLE,GUIDE,
32/2024/tt-nhnn,32/2024/tt-nhnn_19,ARTICLE,CONTAIN,
32/2024/tt-nhnn_19,32/2024/tt-nhnn_15,ARTICLE,GUIDE,
32/2024/tt-nhnn_19,32/2024/tt-nhnn_12,ARTICLE,GUIDE,
32/2024/tt-nhnn_19,32/2024/tt-nhnn_11,ARTICLE,GUIDE,
32/2024/tt-nhnn,32/2024/tt-nhnn_20,ARTICLE,CONTAIN,
32/2024/tt-nhnn,32/2024/tt-nhnn_21,ARTICLE,CONTAIN,
32/2024/tt-nhnn,32/2024/tt-nhnn_22,ARTICLE,CONTAIN,
32/2024/tt-nhnn_22,32/2024/tt-nhnn_4,ARTICLE,GUIDE,
32/2024/tt-nhnn_22,32/2024/tt-nhnn_11,ARTICLE,GUIDE,
32/2024/tt-nhnn_22,32/2024/tt-nhnn_19,ARTICLE,GUIDE,
32/2024/tt-nhnn,32/2024/tt-nhnn_23,ARTICLE,CONTAIN,
32/2024/tt-nhnn_23,32/2024/tt-nhnn_4,ARTICLE,GUIDE,
32/2024/tt-nhnn_23,32/2024/tt-nhnn_15,ARTICLE,GUIDE,
32/2024/tt-nhnn_23,32/2024/tt-nhnn_17,ARTICLE,GUIDE,
32/2024/tt-nhnn_23,32/2024/tt-nhnn_18,ARTICLE,GUIDE,
32/2024/tt-nhnn_23,32/2024/tt-nhnn_19,ARTICLE,GUIDE,
32/2024/tt-nhnn_23,32/2024/tt-nhnn_20,ARTICLE,GUIDE,
32/2024/tt-nhnn_23,32/2024/tt-nhnn_21,ARTICLE,GUIDE,
32/2024/tt-nhnn_23,32/2024/tt-nhnn_22,ARTICLE,GUIDE,
32/2024/tt-nhnn,32/2024/tt-nhnn_24,ARTICLE,CONTAIN,
32/2024/tt-nhnn_24,32/2024/tt-nhnn_6,ARTICLE,GUIDE,
32/2024/tt-nhnn_24,32/2024/tt-nhnn_3,ARTICLE,GUIDE,
32/2024/tt-nhnn_24,32/2024/tt-nhnn_9,ARTICLE,GUIDE,
32/2024/tt-nhnn,32/2024/tt-nhnn_25,ARTICLE,CONTAIN,
32/2024/tt-nhnn_25,32/2024/tt-nhnn_24,ARTICLE,GUIDE,
32/2024/tt-nhnn,32/2024/tt-nhnn_26,ARTICLE,CONTAIN,
32/2024/tt-nhnn_26,32/2024/tt-nhnn_25,ARTICLE,GUIDE,
32/2024/tt-nhnn,32/2024/tt-nhnn_27,ARTICLE,CONTAIN,
32/2024/tt-nhnn,32/2024/tt-nhnn_28,ARTICLE,CONTAIN,
32/2024/tt-nhnn,32/2024/tt-nhnn_29,ARTICLE,CONTAIN,
32/2024/tt-nhnn,32/2024/tt-nhnn_30,ARTICLE,CONTAIN,
32/2024/tt-nhnn,32/2024/tt-nhnn_31,ARTICLE,CONTAIN,
32/2024/tt-nhnn,32/2024/tt-nhnn_32,ARTICLE,CONTAIN,
32/2024/tt-nhnn_32,32/2024/tt-nhnn_28,ARTICLE,GUIDE,
32/2024/tt-nhnn,32/2024/tt-nhnn_33,ARTICLE,CONTAIN,
32/2024/tt-nhnn,32/2024/tt-nhnn_34,ARTICLE,CONTAIN,
32/2024/tt-nhnn_34,32/2024/tt-nhnn_15,ARTICLE,GUIDE,
32/2024/tt-nhnn_34,32/2024/tt-nhnn_16,ARTICLE,GUIDE,
32/2024/tt-nhnn_34,32/2024/tt-nhnn_19,ARTICLE,GUIDE,
32/2024/tt-nhnn_34,32/2024/tt-nhnn_20,ARTICLE,GUIDE,
32/2024/tt-nhnn_34,32/2024/tt-nhnn_17,ARTICLE,GUIDE,
32/2024/tt-nhnn_34,32/2024/tt-nhnn_33,ARTICLE,GUIDE,
32/2024/tt-nhnn_34,32/2024/tt-nhnn_29,ARTICLE,GUIDE,
32/2024/tt-nhnn_34,32/2024/tt-nhnn_30,ARTICLE,GUIDE,
32/2024/tt-nhnn,32/2024/tt-nhnn_35,ARTICLE,CONTAIN,
32/2024/tt-nhnn,32/2024/tt-nhnn_36,ARTICLE,CONTAIN,
32/2024/tt-nhnn_36,32/2024/tt-nhnn_4,ARTICLE,GUIDE,
32/2024/tt-nhnn_36,32/2024/tt-nhnn_30,ARTICLE,GUIDE,
32/2024/tt-nhnn_36,32/2024/tt-nhnn_19,ARTICLE,GUIDE,
32/2024/tt-nhnn,32/2024/tt-nhnn_37,ARTICLE,CONTAIN,
32/2024/tt-nhnn_37,32/2024/tt-nhnn_4,ARTICLE,GUIDE,
32/2024/tt-nhnn_37,32/2024/tt-nhnn_14,ARTICLE,GUIDE,
32/2024/tt-nhnn_37,32/2024/tt-nhnn_26,ARTICLE,GUIDE,
32/2024/tt-nhnn_37,32/2024/tt-nhnn_30,ARTICLE,GUIDE,
32/2024/tt-nhnn,32/2024/tt-nhnn_38,ARTICLE,CONTAIN,
32/2024/tt-nhnn,32/2024/tt-nhnn_39,ARTICLE,CONTAIN,
32/2024/tt-nhnn_39,32/2024/tt-nhnn_15,ARTICLE,GUIDE,
32/2024/tt-nhnn,32/2024/tt-nhnn_40,ARTICLE,CONTAIN,
32/2024/tt-nhnn_40,29/2015/tt-nhnn_13,ARTICLE,REPEAL,
32/2024/tt-nhnn_40,17/2018/tt-nhnn_2,ARTICLE,REPEAL,
32/2024/tt-nhnn_40,14/2019/tt-nhnn_1,ARTICLE,REPEAL,
32/2024/tt-nhnn,32/2024/tt-nhnn_41,ARTICLE,CONTAIN,
34/2024/tt-nhnn,34/2024/tt-nhnn_1,ARTICLE,CONTAIN,
34/2024/tt-nhnn,34/2024/tt-nhnn_2,ARTICLE,CONTAIN,
34/2024/tt-nhnn,34/2024/tt-nhnn_3,ARTICLE,CONTAIN,
34/2024/tt-nhnn,34/2024/tt-nhnn_4,ARTICLE,CONTAIN,
34/2024/tt-nhnn,34/2024/tt-nhnn_5,ARTICLE,CONTAIN,
34/2024/tt-nhnn_5,34/2024/tt-nhnn_3,ARTICLE,GUIDE,
34/2024/tt-nhnn,34/2024/tt-nhnn_6,ARTICLE,CONTAIN,
34/2024/tt-nhnn_6,34/2024/tt-nhnn_4,ARTICLE,GUIDE,
34/2024/tt-nhnn_6,34/2024/tt-nhnn_9,ARTICLE,GUIDE,
34/2024/tt-nhnn,34/2024/tt-nhnn_7,ARTICLE,CONTAIN,
34/2024/tt-nhnn_7,34/2024/tt-nhnn_9,ARTICLE,GUIDE,
34/2024/tt-nhnn_7,34/2024/tt-nhnn_3,ARTICLE,GUIDE,
34/2024/tt-nhnn,34/2024/tt-nhnn_8,ARTICLE,CONTAIN,
34/2024/tt-nhnn,34/2024/tt-nhnn_9,ARTICLE,CONTAIN,
34/2024/tt-nhnn_9,52/2024/NĐ-CP_21,ARTICLE,GUIDE,
34/2024/tt-nhnn,34/2024/tt-nhnn_10,ARTICLE,CONTAIN,
34/2024/tt-nhnn_10,34/2024/tt-nhnn_11,ARTICLE,GUIDE,
34/2024/tt-nhnn_10,34/2024/tt-nhnn_8,ARTICLE,GUIDE,
34/2024/tt-nhnn,34/2024/tt-nhnn_11,ARTICLE,CONTAIN,
34/2024/tt-nhnn_11,34/2024/tt-nhnn_10,ARTICLE,GUIDE,
34/2024/tt-nhnn_11,34/2024/tt-nhnn_16,ARTICLE,GUIDE,
34/2024/tt-nhnn,34/2024/tt-nhnn_12,ARTICLE,CONTAIN,
34/2024/tt-nhnn,34/2024/tt-nhnn_13,ARTICLE,CONTAIN,
34/2024/tt-nhnn,34/2024/tt-nhnn_14,ARTICLE,CONTAIN,
34/2024/tt-nhnn,34/2024/tt-nhnn_15,ARTICLE,CONTAIN,
34/2024/tt-nhnn,34/2024/tt-nhnn_16,ARTICLE,CONTAIN,
34/2024/tt-nhnn,34/2024/tt-nhnn_17,ARTICLE,CONTAIN,
34/2024/tt-nhnn,34/2024/tt-nhnn_18,ARTICLE,CONTAIN,
34/2024/tt-nhnn,34/2024/tt-nhnn_19,ARTICLE,CONTAIN,
34/2024/tt-nhnn,34/2024/tt-nhnn_20,ARTICLE,CONTAIN,
34/2024/tt-nhnn,34/2024/tt-nhnn_21,ARTICLE,CONTAIN,
34/2024/tt-nhnn_21,32/2024/qh15_77,ARTICLE,GUIDE,
34/2024/tt-nhnn_21,32/2024/qh15_29,ARTICLE,GUIDE,
34/2024/tt-nhnn,34/2024/tt-nhnn_22,ARTICLE,CONTAIN,
34/2024/tt-nhnn_22,34/2024/tt-nhnn_4,ARTICLE,GUIDE,
34/2024/tt-nhnn,34/2024/tt-nhnn_23,ARTICLE,CONTAIN,
34/2024/tt-nhnn_23,34/2024/tt-nhnn_3,ARTICLE,GUIDE,
34/2024/tt-nhnn_23,34/2024/tt-nhnn_5,ARTICLE,GUIDE,
34/2024/tt-nhnn_23,52/2024/NĐ-CP_21,ARTICLE,GUIDE,
34/2024/tt-nhnn_23,34/2024/tt-nhnn_9,ARTICLE,GUIDE,
34/2024/tt-nhnn_23,34/2024/tt-nhnn_11,ARTICLE,GUIDE,
34/2024/tt-nhnn_23,34/2024/tt-nhnn_10,ARTICLE,GUIDE,
34/2024/tt-nhnn,34/2024/tt-nhnn_24,ARTICLE,CONTAIN,
34/2024/tt-nhnn_24,17/2018/TT-NHNN_1,ARTICLE,REPEAL,
34/2024/tt-nhnn,34/2024/tt-nhnn_25,ARTICLE,CONTAIN,
34/2024/tt-nhnn,34/2024/tt-nhnn_26,ARTICLE,CONTAIN,
41/2024/tt-nhnn,41/2024/tt-nhnn_1,ARTICLE,CONTAIN,
41/2024/tt-nhnn,41/2024/tt-nhnn_2,ARTICLE,CONTAIN,
41/2024/tt-nhnn,41/2024/tt-nhnn_3,ARTICLE,CONTAIN,
41/2024/tt-nhnn,41/2024/tt-nhnn_4,ARTICLE,CONTAIN,
41/2024/tt-nhnn,41/2024/tt-nhnn_5,ARTICLE,CONTAIN,
41/2024/tt-nhnn,41/2024/tt-nhnn_6,ARTICLE,CONTAIN,
41/2024/tt-nhnn_6,41/2024/tt-nhnn_16,ARTICLE,GUIDE,
41/2024/tt-nhnn_6,41/2024/tt-nhnn_7,ARTICLE,GUIDE,
41/2024/tt-nhnn,41/2024/tt-nhnn_7,ARTICLE,CONTAIN,
41/2024/tt-nhnn,41/2024/tt-nhnn_8,ARTICLE,CONTAIN,
41/2024/tt-nhnn_8,41/2024/tt-nhnn_6,ARTICLE,GUIDE,
41/2024/tt-nhnn,41/2024/tt-nhnn_9,ARTICLE,CONTAIN,
41/2024/tt-nhnn,41/2024/tt-nhnn_10,ARTICLE,CONTAIN,
41/2024/tt-nhnn,41/2024/tt-nhnn_11,ARTICLE,CONTAIN,
41/2024/tt-nhnn_11,41/2024/tt-nhnn_17,ARTICLE,GUIDE,
41/2024/tt-nhnn_11,41/2024/tt-nhnn_18,ARTICLE,GUIDE,
41/2024/tt-nhnn_11,41/2024/tt-nhnn_20,ARTICLE,GUIDE,
41/2024/tt-nhnn,41/2024/tt-nhnn_12,ARTICLE,CONTAIN,
41/2024/tt-nhnn,41/2024/tt-nhnn_13,ARTICLE,CONTAIN,
41/2024/tt-nhnn_13,41/2024/tt-nhnn_11,ARTICLE,GUIDE,
41/2024/tt-nhnn_13,41/2024/tt-nhnn_12,ARTICLE,GUIDE,
41/2024/tt-nhnn,41/2024/tt-nhnn_14,ARTICLE,CONTAIN,
41/2024/tt-nhnn,41/2024/tt-nhnn_15,ARTICLE,CONTAIN,
41/2024/tt-nhnn,41/2024/tt-nhnn_16,ARTICLE,CONTAIN,
41/2024/tt-nhnn,41/2024/tt-nhnn_17,ARTICLE,CONTAIN,
41/2024/tt-nhnn_17,41/2024/tt-nhnn_11,ARTICLE,GUIDE,
41/2024/tt-nhnn,41/2024/tt-nhnn_18,ARTICLE,CONTAIN,
41/2024/tt-nhnn_18,41/2024/tt-nhnn_11,ARTICLE,GUIDE,
41/2024/tt-nhnn,41/2024/tt-nhnn_19,ARTICLE,CONTAIN,
41/2024/tt-nhnn_19,41/2024/tt-nhnn_16,ARTICLE,GUIDE,
41/2024/tt-nhnn_19,41/2024/tt-nhnn_17,ARTICLE,GUIDE,
41/2024/tt-nhnn_19,41/2024/tt-nhnn_18,ARTICLE,GUIDE,
41/2024/tt-nhnn,41/2024/tt-nhnn_20,ARTICLE,CONTAIN,
41/2024/tt-nhnn_20,41/2024/tt-nhnn_8,ARTICLE,GUIDE,
41/2024/tt-nhnn_20,41/2024/tt-nhnn_16,ARTICLE,GUIDE,
41/2024/tt-nhnn_20,41/2024/tt-nhnn_17,ARTICLE,GUIDE,
41/2024/tt-nhnn_20,41/2024/tt-nhnn_18,ARTICLE,GUIDE,
41/2024/tt-nhnn,41/2024/tt-nhnn_21,ARTICLE,CONTAIN,
41/2024/tt-nhnn_21,41/2024/tt-nhnn_19,ARTICLE,GUIDE,
41/2024/tt-nhnn,41/2024/tt-nhnn_22,ARTICLE,CONTAIN,
41/2024/tt-nhnn_22,41/2024/tt-nhnn_19,ARTICLE,GUIDE,
41/2024/tt-nhnn,41/2024/tt-nhnn_23,ARTICLE,CONTAIN,
41/2024/tt-nhnn,41/2024/tt-nhnn_24,ARTICLE,CONTAIN,
41/2024/tt-nhnn_24,41/2024/tt-nhnn_17,ARTICLE,GUIDE,
41/2024/tt-nhnn,41/2024/tt-nhnn_25,ARTICLE,CONTAIN,
41/2024/tt-nhnn_25,41/2024/tt-nhnn_17,ARTICLE,GUIDE,
41/2024/tt-nhnn,41/2024/tt-nhnn_26,ARTICLE,CONTAIN,
40/2024/tt-nhnn,40/2024/tt-nhnn_1,ARTICLE,CONTAIN,
40/2024/tt-nhnn,40/2024/tt-nhnn_2,ARTICLE,CONTAIN,
40/2024/tt-nhnn,40/2024/tt-nhnn_3,ARTICLE,CONTAIN,
40/2024/tt-nhnn_3,40/2024/tt-nhnn_8,ARTICLE,GUIDE,
40/2024/tt-nhnn_3,40/2024/tt-nhnn_10,ARTICLE,GUIDE,
40/2024/tt-nhnn,40/2024/tt-nhnn_4,ARTICLE,CONTAIN,
40/2024/tt-nhnn,40/2024/tt-nhnn_5,ARTICLE,CONTAIN,
40/2024/tt-nhnn_5,52/2024/NĐ-CP_23,ARTICLE,GUIDE,
40/2024/tt-nhnn_5,52/2024/NĐ-CP_24,ARTICLE,GUIDE,
40/2024/tt-nhnn,40/2024/tt-nhnn_6,ARTICLE,CONTAIN,
40/2024/tt-nhnn,40/2024/tt-nhnn_7,ARTICLE,CONTAIN,
40/2024/tt-nhnn,40/2024/tt-nhnn_8,ARTICLE,CONTAIN,
40/2024/tt-nhnn,40/2024/tt-nhnn_9,ARTICLE,CONTAIN,
40/2024/tt-nhnn,40/2024/tt-nhnn_10,ARTICLE,CONTAIN,
40/2024/tt-nhnn_10,40/2024/tt-nhnn_11,ARTICLE,GUIDE,
40/2024/tt-nhnn_10,40/2024/tt-nhnn_13,ARTICLE,GUIDE,
40/2024/tt-nhnn,40/2024/tt-nhnn_11,ARTICLE,CONTAIN,
40/2024/tt-nhnn_11,40/2024/tt-nhnn_12,ARTICLE,GUIDE,
40/2024/tt-nhnn,40/2024/tt-nhnn_12,ARTICLE,CONTAIN,
40/2024/tt-nhnn,40/2024/tt-nhnn_13,ARTICLE,CONTAIN,
40/2024/tt-nhnn,40/2024/tt-nhnn_14,ARTICLE,CONTAIN,
40/2024/tt-nhnn,40/2024/tt-nhnn_15,ARTICLE,CONTAIN,
40/2024/tt-nhnn_15,40/2024/tt-nhnn_9,ARTICLE,GUIDE,
40/2024/tt-nhnn,40/2024/tt-nhnn_16,ARTICLE,CONTAIN,
40/2024/tt-nhnn_16,40/2024/tt-nhnn_9,ARTICLE,GUIDE,
40/2024/tt-nhnn,40/2024/tt-nhnn_17,ARTICLE,CONTAIN,
40/2024/tt-nhnn_17,40/2024/tt-nhnn_18,ARTICLE,GUIDE,
40/2024/tt-nhnn_17,40/2024/tt-nhnn_21,ARTICLE,GUIDE,
40/2024/tt-nhnn,40/2024/tt-nhnn_18,ARTICLE,CONTAIN,
40/2024/tt-nhnn_18,40/2024/tt-nhnn_19,ARTICLE,GUIDE,
40/2024/tt-nhnn_18,14/2022/qh15_12,ARTICLE,GUIDE,
40/2024/tt-nhnn,40/2024/tt-nhnn_19,ARTICLE,CONTAIN,
40/2024/tt-nhnn_19,40/2024/tt-nhnn_20,ARTICLE,GUIDE,
40/2024/tt-nhnn_19,40/2024/tt-nhnn_25,ARTICLE,GUIDE,
40/2024/tt-nhnn_19,40/2024/tt-nhnn_28,ARTICLE,GUIDE,
40/2024/tt-nhnn,40/2024/tt-nhnn_20,ARTICLE,CONTAIN,
40/2024/tt-nhnn_20,40/2024/tt-nhnn_18,ARTICLE,GUIDE,
40/2024/tt-nhnn,40/2024/tt-nhnn_21,ARTICLE,CONTAIN,
40/2024/tt-nhnn_21,40/2024/tt-nhnn_18,ARTICLE,GUIDE,
40/2024/tt-nhnn_21,40/2024/tt-nhnn_19,ARTICLE,GUIDE,
40/2024/tt-nhnn,40/2024/tt-nhnn_22,ARTICLE,CONTAIN,
40/2024/tt-nhnn_22,40/2024/tt-nhnn_18,ARTICLE,GUIDE,
40/2024/tt-nhnn_22,40/2024/tt-nhnn_19,ARTICLE,GUIDE,
40/2024/tt-nhnn,40/2024/tt-nhnn_23,ARTICLE,CONTAIN,
40/2024/tt-nhnn,40/2024/tt-nhnn_24,ARTICLE,CONTAIN,
40/2024/tt-nhnn,40/2024/tt-nhnn_25,ARTICLE,CONTAIN,
40/2024/tt-nhnn_25,40/2024/tt-nhnn_24,ARTICLE,GUIDE,
40/2024/tt-nhnn_25,40/2024/tt-nhnn_19,ARTICLE,GUIDE,
40/2024/tt-nhnn_25,40/2024/tt-nhnn_28,ARTICLE,GUIDE,
40/2024/tt-nhnn,40/2024/tt-nhnn_26,ARTICLE,CONTAIN,
40/2024/tt-nhnn_26,40/2024/tt-nhnn_25,ARTICLE,GUIDE,
40/2024/tt-nhnn,40/2024/tt-nhnn_27,ARTICLE,CONTAIN,
40/2024/tt-nhnn_27,40/2024/tt-nhnn_25,ARTICLE,GUIDE,
40/2024/tt-nhnn,40/2024/tt-nhnn_28,ARTICLE,CONTAIN,
40/2024/tt-nhnn_28,40/2024/tt-nhnn_22,ARTICLE,GUIDE,
40/2024/tt-nhnn_28,40/2024/tt-nhnn_25,ARTICLE,GUIDE,
40/2024/tt-nhnn,40/2024/tt-nhnn_29,ARTICLE,CONTAIN,
40/2024/tt-nhnn_29,40/2024/tt-nhnn_9,ARTICLE,GUIDE,
40/2024/tt-nhnn_29,40/2024/tt-nhnn_27,ARTICLE,GUIDE,
40/2024/tt-nhnn,40/2024/tt-nhnn_30,ARTICLE,CONTAIN,
40/2024/tt-nhnn,40/2024/tt-nhnn_31,ARTICLE,CONTAIN,
40/2024/tt-nhnn,40/2024/tt-nhnn_32,ARTICLE,CONTAIN,
40/2024/tt-nhnn,40/2024/tt-nhnn_33,ARTICLE,CONTAIN,
40/2024/tt-nhnn_33,40/2024/tt-nhnn_31,ARTICLE,GUIDE,
40/2024/tt-nhnn_33,40/2024/tt-nhnn_32,ARTICLE,GUIDE,
40/2024/tt-nhnn,40/2024/tt-nhnn_34,ARTICLE,CONTAIN,
40/2024/tt-nhnn,40/2024/tt-nhnn_35,ARTICLE,CONTAIN,
40/2024/tt-nhnn_35,40/2024/tt-nhnn_13,ARTICLE,GUIDE,
40/2024/tt-nhnn,40/2024/tt-nhnn_36,ARTICLE,CONTAIN,
40/2024/tt-nhnn_36,40/2024/tt-nhnn_9,ARTICLE,GUIDE,
40/2024/tt-nhnn_36,40/2024/tt-nhnn_8,ARTICLE,GUIDE,
40/2024/tt-nhnn,40/2024/tt-nhnn_37,ARTICLE,CONTAIN,
40/2024/tt-nhnn_37,40/2024/tt-nhnn_28,ARTICLE,GUIDE,
40/2024/tt-nhnn_37,40/2024/tt-nhnn_8,ARTICLE,GUIDE,
40/2024/tt-nhnn_37,52/2024/NĐ-CP_8,ARTICLE,GUIDE,
40/2024/tt-nhnn,40/2024/tt-nhnn_38,ARTICLE,CONTAIN,
40/2024/tt-nhnn_38,40/2024/tt-nhnn_27,ARTICLE,GUIDE,
40/2024/tt-nhnn,40/2024/tt-nhnn_39,ARTICLE,CONTAIN,
40/2024/tt-nhnn_39,40/2024/tt-nhnn_31,ARTICLE,GUIDE,
40/2024/tt-nhnn,40/2024/tt-nhnn_40,ARTICLE,CONTAIN,
40/2024/tt-nhnn,40/2024/tt-nhnn_41,ARTICLE,CONTAIN,
40/2024/tt-nhnn_41,52/2024/NĐ-CP_24,ARTICLE,GUIDE,
40/2024/tt-nhnn,40/2024/tt-nhnn_42,ARTICLE,CONTAIN,
40/2024/tt-nhnn_42,52/2024/NĐ-CP_25,ARTICLE,GUIDE,
40/2024/tt-nhnn,40/2024/tt-nhnn_43,ARTICLE,CONTAIN,
40/2024/tt-nhnn_43,52/2024/NĐ-CP_26,ARTICLE,GUIDE,
40/2024/tt-nhnn,40/2024/tt-nhnn_44,ARTICLE,CONTAIN,
40/2024/tt-nhnn_44,52/2024/NĐ-CP_27,ARTICLE,GUIDE,
40/2024/tt-nhnn,40/2024/tt-nhnn_45,ARTICLE,CONTAIN,
40/2024/tt-nhnn_45,52/2024/NĐ-CP_24,ARTICLE,GUIDE,
40/2024/tt-nhnn_45,52/2024/NĐ-CP_22,ARTICLE,GUIDE,
40/2024/tt-nhnn_45,52/2024/NĐ-CP_27,ARTICLE,GUIDE,
40/2024/tt-nhnn,40/2024/tt-nhnn_46,ARTICLE,CONTAIN,
40/2024/tt-nhnn,40/2024/tt-nhnn_47,ARTICLE,CONTAIN,
40/2024/tt-nhnn,40/2024/tt-nhnn_48,ARTICLE,CONTAIN,
40/2024/tt-nhnn,40/2024/tt-nhnn_49,ARTICLE,CONTAIN,
40/2024/tt-nhnn,40/2024/tt-nhnn_50,ARTICLE,CONTAIN,
40/2024/tt-nhnn,40/2024/tt-nhnn_51,ARTICLE,CONTAIN,
40/2024/tt-nhnn_51,40/2024/tt-nhnn_48,ARTICLE,GUIDE,
40/2024/tt-nhnn_51,40/2024/tt-nhnn_46,ARTICLE,GUIDE,
40/2024/tt-nhnn,40/2024/tt-nhnn_52,ARTICLE,CONTAIN,
40/2024/tt-nhnn_52,20/2016/tt-nhnn_2,ARTICLE,AMEND,
40/2024/tt-nhnn_52,30/2016/tt-nhnn_3,ARTICLE,AMEND,
40/2024/tt-nhnn_52,39/2014/tt-nhnn_9,ARTICLE,AMEND,
40/2024/tt-nhnn_52,39/2014/tt-nhnn_11,ARTICLE,AMEND,
40/2024/tt-nhnn_52,40/2024/tt-nhnn_11,ARTICLE,GUIDE,
40/2024/tt-nhnn_52,40/2024/tt-nhnn_12,ARTICLE,GUIDE,
40/2024/tt-nhnn_52,40/2024/tt-nhnn_13,ARTICLE,GUIDE,
40/2024/tt-nhnn_52,40/2024/tt-nhnn_14,ARTICLE,GUIDE,
40/2024/tt-nhnn_52,40/2024/tt-nhnn_35,ARTICLE,GUIDE,
40/2024/tt-nhnn_52,40/2024/tt-nhnn_47,ARTICLE,GUIDE,
40/2024/tt-nhnn_52,40/2024/tt-nhnn_17,ARTICLE,GUIDE,
40/2024/tt-nhnn_52,40/2024/tt-nhnn_18,ARTICLE,GUIDE,
40/2024/tt-nhnn_52,40/2024/tt-nhnn_19,ARTICLE,GUIDE,
40/2024/tt-nhnn_52,40/2024/tt-nhnn_20,ARTICLE,GUIDE,
40/2024/tt-nhnn_52,40/2024/tt-nhnn_21,ARTICLE,GUIDE,
40/2024/tt-nhnn_52,40/2024/tt-nhnn_22,ARTICLE,GUIDE,
40/2024/tt-nhnn_52,40/2024/tt-nhnn_23,ARTICLE,GUIDE,
40/2024/tt-nhnn_52,40/2024/tt-nhnn_28,ARTICLE,GUIDE,
40/2024/tt-nhnn_52,40/2024/tt-nhnn_25,ARTICLE,GUIDE,
40/2024/tt-nhnn_52,40/2024/tt-nhnn_27,ARTICLE,GUIDE,
40/2024/tt-nhnn,40/2024/tt-nhnn_53,ARTICLE,CONTAIN,
40/2024/tt-nhnn_53,40/2024/tt-nhnn_18,ARTICLE,GUIDE,
40/2024/tt-nhnn_53,40/2024/tt-nhnn_8,ARTICLE,GUIDE,
40/2024/tt-nhnn_53,40/2024/tt-nhnn_9,ARTICLE,GUIDE,
40/2024/tt-nhnn,40/2024/tt-nhnn_54,ARTICLE,CONTAIN,
42/2024/tt-nhnn,42/2024/tt-nhnn_1,ARTICLE,CONTAIN,
42/2024/tt-nhnn_1,04/2021/tt-nhnn_3,ARTICLE,AMEND,
42/2024/tt-nhnn_1,04/2021/tt-nhnn_7,ARTICLE,AMEND,
42/2024/tt-nhnn_1,04/2021/tt-nhnn_14,ARTICLE,AMEND,
42/2024/tt-nhnn,42/2024/tt-nhnn_2,ARTICLE,CONTAIN,
42/2024/tt-nhnn_2,04/2021/tt-nhnn_12,ARTICLE,AMEND,
42/2024/tt-nhnn_2,04/2021/tt-nhnn_12,ARTICLE,REPLACE,
42/2024/tt-nhnn,42/2024/tt-nhnn_3,ARTICLE,CONTAIN,
42/2024/tt-nhnn,42/2024/tt-nhnn_4,ARTICLE,CONTAIN,
09/2024/qđ-ttg,09/2024/qđ-ttg_1,ARTICLE,CONTAIN,
09/2024/qđ-ttg_1,32/2024/qh15_136,ARTICLE,GUIDE,
09/2024/qđ-ttg,09/2024/qđ-ttg_2,ARTICLE,CONTAIN,
09/2024/qđ-ttg,09/2024/qđ-ttg_3,ARTICLE,CONTAIN,
09/2024/qđ-ttg_3,32/2024/qh15_136,ARTICLE,GUIDE,
09/2024/qđ-ttg,09/2024/qđ-ttg_4,ARTICLE,CONTAIN,
09/2024/qđ-ttg_4,09/2024/qđ-ttg_3,ARTICLE,GUIDE,
09/2024/qđ-ttg,09/2024/qđ-ttg_5,ARTICLE,CONTAIN,
09/2024/qđ-ttg,09/2024/qđ-ttg_6,ARTICLE,CONTAIN,
09/2024/qđ-ttg_6,09/2024/qđ-ttg_4,ARTICLE,GUIDE,
09/2024/qđ-ttg_6,09/2024/qđ-ttg_3,ARTICLE,GUIDE,
09/2024/qđ-ttg,09/2024/qđ-ttg_7,ARTICLE,CONTAIN,
09/2024/qđ-ttg_7,09/2024/qđ-ttg_6,ARTICLE,GUIDE,
09/2024/qđ-ttg,09/2024/qđ-ttg_8,ARTICLE,CONTAIN,
09/2024/qđ-ttg,09/2024/qđ-ttg_9,ARTICLE,CONTAIN,
09/2024/qđ-ttg,09/2024/qđ-ttg_10,ARTICLE,CONTAIN,
29/2024/tt-nhnn,29/2024/tt-nhnn_1,ARTICLE,CONTAIN,
29/2024/tt-nhnn,29/2024/tt-nhnn_2,ARTICLE,CONTAIN,
29/2024/tt-nhnn,29/2024/tt-nhnn_3,ARTICLE,CONTAIN,
29/2024/tt-nhnn,29/2024/tt-nhnn_4,ARTICLE,CONTAIN,
29/2024/tt-nhnn,29/2024/tt-nhnn_5,ARTICLE,CONTAIN,
29/2024/tt-nhnn,29/2024/tt-nhnn_6,ARTICLE,CONTAIN,
29/2024/tt-nhnn,29/2024/tt-nhnn_7,ARTICLE,CONTAIN,
29/2024/tt-nhnn,29/2024/tt-nhnn_8,ARTICLE,CONTAIN,
29/2024/tt-nhnn_8,29/2024/tt-nhnn_10,ARTICLE,GUIDE,
29/2024/tt-nhnn,29/2024/tt-nhnn_9,ARTICLE,CONTAIN,
29/2024/tt-nhnn_9,29/2024/tt-nhnn_8,ARTICLE,GUIDE,
29/2024/tt-nhnn_9,29/2024/tt-nhnn_10,ARTICLE,GUIDE,
29/2024/tt-nhnn_9,29/2024/tt-nhnn_12,ARTICLE,GUIDE,
29/2024/tt-nhnn,29/2024/tt-nhnn_10,ARTICLE,CONTAIN,
29/2024/tt-nhnn,29/2024/tt-nhnn_11,ARTICLE,CONTAIN,
29/2024/tt-nhnn,29/2024/tt-nhnn_12,ARTICLE,CONTAIN,
29/2024/tt-nhnn_12,29/2024/tt-nhnn_10,ARTICLE,GUIDE,
29/2024/tt-nhnn_12,29/2024/tt-nhnn_9,ARTICLE,GUIDE,
29/2024/tt-nhnn,29/2024/tt-nhnn_13,ARTICLE,CONTAIN,
29/2024/tt-nhnn_13,29/2024/tt-nhnn_9,ARTICLE,GUIDE,
29/2024/tt-nhnn,29/2024/tt-nhnn_14,ARTICLE,CONTAIN,
29/2024/tt-nhnn,29/2024/tt-nhnn_15,ARTICLE,CONTAIN,
29/2024/tt-nhnn,29/2024/tt-nhnn_16,ARTICLE,CONTAIN,
29/2024/tt-nhnn,29/2024/tt-nhnn_17,ARTICLE,CONTAIN,
29/2024/tt-nhnn,29/2024/tt-nhnn_18,ARTICLE,CONTAIN,
29/2024/tt-nhnn,29/2024/tt-nhnn_19,ARTICLE,CONTAIN,
29/2024/tt-nhnn_19,32/2024/qh15_42,ARTICLE,GUIDE,
29/2024/tt-nhnn_19,32/2024/qh15_43,ARTICLE,GUIDE,
29/2024/tt-nhnn_19,32/2024/qh15_87,ARTICLE,GUIDE,
29/2024/tt-nhnn,29/2024/tt-nhnn_20,ARTICLE,CONTAIN,
29/2024/tt-nhnn,29/2024/tt-nhnn_21,ARTICLE,CONTAIN,
29/2024/tt-nhnn_21,29/2024/tt-nhnn_19,ARTICLE,GUIDE,
29/2024/tt-nhnn,29/2024/tt-nhnn_22,ARTICLE,CONTAIN,
29/2024/tt-nhnn_22,29/2024/tt-nhnn_19,ARTICLE,GUIDE,
29/2024/tt-nhnn_22,32/2024/qh15_95,ARTICLE,GUIDE,
29/2024/tt-nhnn,29/2024/tt-nhnn_23,ARTICLE,CONTAIN,
29/2024/tt-nhnn_23,32/2024/qh15_42,ARTICLE,GUIDE,
29/2024/tt-nhnn_23,32/2024/qh15_43,ARTICLE,GUIDE,
29/2024/tt-nhnn,29/2024/tt-nhnn_24,ARTICLE,CONTAIN,
29/2024/tt-nhnn,29/2024/tt-nhnn_25,ARTICLE,CONTAIN,
29/2024/tt-nhnn_25,29/2024/tt-nhnn_24,ARTICLE,GUIDE,
29/2024/tt-nhnn,29/2024/tt-nhnn_26,ARTICLE,CONTAIN,
29/2024/tt-nhnn,29/2024/tt-nhnn_27,ARTICLE,CONTAIN,
29/2024/tt-nhnn_27,29/2024/tt-nhnn_26,ARTICLE,GUIDE,
29/2024/tt-nhnn,29/2024/tt-nhnn_28,ARTICLE,CONTAIN,
29/2024/tt-nhnn_28,32/2024/qh15_126,ARTICLE,GUIDE,
29/2024/tt-nhnn,29/2024/tt-nhnn_29,ARTICLE,CONTAIN,
29/2024/tt-nhnn,29/2024/tt-nhnn_30,ARTICLE,CONTAIN,
29/2024/tt-nhnn_30,32/2024/qh15_49,ARTICLE,GUIDE,
29/2024/tt-nhnn,29/2024/tt-nhnn_31,ARTICLE,CONTAIN,
29/2024/tt-nhnn_31,29/2024/tt-nhnn_19,ARTICLE,GUIDE,
29/2024/tt-nhnn_31,29/2024/tt-nhnn_21,ARTICLE,GUIDE,
29/2024/tt-nhnn_31,29/2024/tt-nhnn_22,ARTICLE,GUIDE,
29/2024/tt-nhnn_31,29/2024/tt-nhnn_23,ARTICLE,GUIDE,
29/2024/tt-nhnn,29/2024/tt-nhnn_32,ARTICLE,CONTAIN,
29/2024/tt-nhnn,29/2024/tt-nhnn_33,ARTICLE,CONTAIN,
29/2024/tt-nhnn,29/2024/tt-nhnn_34,ARTICLE,CONTAIN,
29/2024/tt-nhnn_34,29/2024/tt-nhnn_31,ARTICLE,GUIDE,
29/2024/tt-nhnn_34,29/2024/tt-nhnn_32,ARTICLE,GUIDE,
29/2024/tt-nhnn_34,29/2024/tt-nhnn_33,ARTICLE,GUIDE,
29/2024/tt-nhnn_34,29/2024/tt-nhnn_43,ARTICLE,GUIDE,
29/2024/tt-nhnn_34,32/2024/qh15_48,ARTICLE,GUIDE,
29/2024/tt-nhnn_34,29/2024/tt-nhnn_19,ARTICLE,GUIDE,
29/2024/tt-nhnn_34,29/2024/tt-nhnn_21,ARTICLE,GUIDE,
29/2024/tt-nhnn_34,29/2024/tt-nhnn_22,ARTICLE,GUIDE,
29/2024/tt-nhnn_34,29/2024/tt-nhnn_23,ARTICLE,GUIDE,
29/2024/tt-nhnn,29/2024/tt-nhnn_35,ARTICLE,CONTAIN,
29/2024/tt-nhnn_35,21/2019/tt-nhnn_2,ARTICLE,REPEAL,
29/2024/tt-nhnn_35,21/2019/tt-nhnn_6,ARTICLE,REPEAL,
29/2024/tt-nhnn_35,24/2023/tt-nhnn_2,ARTICLE,REPEAL,
29/2024/tt-nhnn,29/2024/tt-nhnn_36,ARTICLE,CONTAIN,
35/2024/tt-nhnn,35/2024/tt-nhnn_1,ARTICLE,CONTAIN,
35/2024/tt-nhnn,35/2024/tt-nhnn_2,ARTICLE,CONTAIN,
35/2024/tt-nhnn,35/2024/tt-nhnn_3,ARTICLE,CONTAIN,
35/2024/tt-nhnn,35/2024/tt-nhnn_4,ARTICLE,CONTAIN,
35/2024/tt-nhnn,35/2024/tt-nhnn_5,ARTICLE,CONTAIN,
35/2024/tt-nhnn_5,35/2024/tt-nhnn_7,ARTICLE,GUIDE,
35/2024/tt-nhnn,35/2024/tt-nhnn_6,ARTICLE,CONTAIN,
35/2024/tt-nhnn,35/2024/tt-nhnn_7,ARTICLE,CONTAIN,
35/2024/tt-nhnn,35/2024/tt-nhnn_8,ARTICLE,CONTAIN,
35/2024/tt-nhnn_8,35/2024/tt-nhnn_7,ARTICLE,GUIDE,
35/2024/tt-nhnn,35/2024/tt-nhnn_9,ARTICLE,CONTAIN,
35/2024/tt-nhnn,35/2024/tt-nhnn_10,ARTICLE,CONTAIN,
35/2024/tt-nhnn,35/2024/tt-nhnn_11,ARTICLE,CONTAIN,
35/2024/tt-nhnn,35/2024/tt-nhnn_12,ARTICLE,CONTAIN,
35/2024/tt-nhnn,35/2024/tt-nhnn_13,ARTICLE,CONTAIN,
35/2024/tt-nhnn_13,32/2024/qh15_6,ARTICLE,GUIDE,
35/2024/tt-nhnn_13,32/2024/qh15_77,ARTICLE,GUIDE,
35/2024/tt-nhnn_13,32/2024/qh15_29,ARTICLE,GUIDE,
35/2024/tt-nhnn,35/2024/tt-nhnn_14,ARTICLE,CONTAIN,
35/2024/tt-nhnn,35/2024/tt-nhnn_15,ARTICLE,CONTAIN,
35/2024/tt-nhnn_15,32/2024/qh15_115,ARTICLE,GUIDE,
35/2024/tt-nhnn_15,32/2024/qh15_119,ARTICLE,GUIDE,
35/2024/tt-nhnn_15,32/2024/qh15_120,ARTICLE,GUIDE,
35/2024/tt-nhnn_15,32/2024/qh15_124,ARTICLE,GUIDE,
35/2024/tt-nhnn,35/2024/tt-nhnn_16,ARTICLE,CONTAIN,
35/2024/tt-nhnn_16,32/2024/qh15_139,ARTICLE,GUIDE,
35/2024/tt-nhnn,35/2024/tt-nhnn_17,ARTICLE,CONTAIN,
35/2024/tt-nhnn,35/2024/tt-nhnn_18,ARTICLE,CONTAIN,
35/2024/tt-nhnn,35/2024/tt-nhnn_19,ARTICLE,CONTAIN,
35/2024/tt-nhnn_19,32/2024/qh15_32,ARTICLE,GUIDE,
35/2024/tt-nhnn,35/2024/tt-nhnn_20,ARTICLE,CONTAIN,
35/2024/tt-nhnn,35/2024/tt-nhnn_21,ARTICLE,CONTAIN,
35/2024/tt-nhnn,35/2024/tt-nhnn_22,ARTICLE,CONTAIN,
43/2024/tt-nhnn,43/2024/tt-nhnn_1,ARTICLE,CONTAIN,
43/2024/tt-nhnn_1,43/2024/tt-nhnn_3,ARTICLE,AMEND,
43/2024/tt-nhnn_1,43/2024/tt-nhnn_4,ARTICLE,AMEND,
43/2024/tt-nhnn_1,43/2024/tt-nhnn_5,ARTICLE,AMEND,
43/2024/tt-nhnn_1,43/2024/tt-nhnn_6,ARTICLE,AMEND,
43/2024/tt-nhnn_1,43/2024/tt-nhnn_7,ARTICLE,AMEND,
43/2024/tt-nhnn_1,43/2024/tt-nhnn_9,ARTICLE,AMEND,
43/2024/tt-nhnn_1,43/2024/tt-nhnn_14,ARTICLE,AMEND,
43/2024/tt-nhnn_1,43/2024/tt-nhnn_15,ARTICLE,AMEND,
43/2024/tt-nhnn_1,43/2024/tt-nhnn_22,ARTICLE,AMEND,
43/2024/tt-nhnn_1,43/2024/tt-nhnn_26,ARTICLE,AMEND,
43/2024/tt-nhnn_1,43/2024/tt-nhnn_27,ARTICLE,AMEND,
43/2024/tt-nhnn_1,43/2024/tt-nhnn_28,ARTICLE,AMEND,
43/2024/tt-nhnn_1,43/2024/tt-nhnn_30,ARTICLE,AMEND,
43/2024/tt-nhnn_1,43/2024/tt-nhnn_32,ARTICLE,AMEND,
43/2024/tt-nhnn_1,12/2023/tt-nhnn_13,ARTICLE,GUIDE,
43/2024/tt-nhnn,43/2024/tt-nhnn_2,ARTICLE,CONTAIN,
43/2024/tt-nhnn_2,01/2014/tt-nhnn_3,ARTICLE,REPEAL,
43/2024/tt-nhnn,43/2024/tt-nhnn_3,ARTICLE,CONTAIN,
43/2024/tt-nhnn,43/2024/tt-nhnn_4,ARTICLE,CONTAIN,
43/2024/tt-nhnn_4,01/2020/tt-nhnn_1,ARTICLE,REPEAL,
43/2024/tt-nhnn_4,01/2020/tt-nhnn_2,ARTICLE,REPEAL,
43/2024/tt-nhnn_4,43/2024/tt-nhnn_1,ARTICLE,REPEAL,
39/2024/tt-nhnn,39/2024/tt-nhnn_1,ARTICLE,CONTAIN,
39/2024/tt-nhnn,39/2024/tt-nhnn_2,ARTICLE,CONTAIN,
39/2024/tt-nhnn,39/2024/tt-nhnn_3,ARTICLE,CONTAIN,
39/2024/tt-nhnn_3,32/2024/qh15_162,ARTICLE,GUIDE,
39/2024/tt-nhnn_3,32/2024/qh15_163,ARTICLE,GUIDE,
39/2024/tt-nhnn_3,32/2024/qh15_166,ARTICLE,GUIDE,
39/2024/tt-nhnn_3,32/2024/qh15_167,ARTICLE,GUIDE,
39/2024/tt-nhnn_3,32/2024/qh15_169,ARTICLE,GUIDE,
39/2024/tt-nhnn_3,32/2024/qh15_171,ARTICLE,GUIDE,
39/2024/tt-nhnn_3,32/2024/qh15_172,ARTICLE,GUIDE,
39/2024/tt-nhnn_3,32/2024/qh15_174,ARTICLE,GUIDE,
39/2024/tt-nhnn_3,32/2024/qh15_176,ARTICLE,GUIDE,
39/2024/tt-nhnn_3,32/2024/qh15_178,ARTICLE,GUIDE,
39/2024/tt-nhnn_3,32/2024/qh15_187,ARTICLE,GUIDE,
39/2024/tt-nhnn_3,32/2024/qh15_188,ARTICLE,GUIDE,
39/2024/tt-nhnn_3,32/2024/qh15_190,ARTICLE,GUIDE,
39/2024/tt-nhnn,39/2024/tt-nhnn_4,ARTICLE,CONTAIN,
39/2024/tt-nhnn_4,39/2024/tt-nhnn_11,ARTICLE,GUIDE,
39/2024/tt-nhnn_4,39/2024/tt-nhnn_3,ARTICLE,GUIDE,
39/2024/tt-nhnn,39/2024/tt-nhnn_5,ARTICLE,CONTAIN,
39/2024/tt-nhnn,39/2024/tt-nhnn_6,ARTICLE,CONTAIN,
39/2024/tt-nhnn_6,39/2024/tt-nhnn_3,ARTICLE,GUIDE,
39/2024/tt-nhnn,39/2024/tt-nhnn_7,ARTICLE,CONTAIN,
39/2024/tt-nhnn_7,39/2024/tt-nhnn_3,ARTICLE,GUIDE,
39/2024/tt-nhnn,39/2024/tt-nhnn_8,ARTICLE,CONTAIN,
39/2024/tt-nhnn_8,39/2024/tt-nhnn_3,ARTICLE,GUIDE,
39/2024/tt-nhnn,39/2024/tt-nhnn_9,ARTICLE,CONTAIN,
39/2024/tt-nhnn_9,32/2024/qh15_168,ARTICLE,GUIDE,
39/2024/tt-nhnn_9,39/2024/tt-nhnn_3,ARTICLE,GUIDE,
39/2024/tt-nhnn,39/2024/tt-nhnn_10,ARTICLE,CONTAIN,
39/2024/tt-nhnn_10,39/2024/tt-nhnn_3,ARTICLE,GUIDE,
39/2024/tt-nhnn_10,32/2024/qh15_4,ARTICLE,GUIDE,
39/2024/tt-nhnn,39/2024/tt-nhnn_11,ARTICLE,CONTAIN,
39/2024/tt-nhnn_11,32/2024/qh15_164,ARTICLE,GUIDE,
39/2024/tt-nhnn_11,39/2024/tt-nhnn_3,ARTICLE,GUIDE,
39/2024/tt-nhnn_11,32/2024/qh15_162,ARTICLE,GUIDE,
39/2024/tt-nhnn_11,32/2024/qh15_163,ARTICLE,GUIDE,
39/2024/tt-nhnn_11,32/2024/qh15_166,ARTICLE,GUIDE,
39/2024/tt-nhnn,39/2024/tt-nhnn_12,ARTICLE,CONTAIN,
39/2024/tt-nhnn_12,39/2024/tt-nhnn_10,ARTICLE,GUIDE,
39/2024/tt-nhnn_12,39/2024/tt-nhnn_3,ARTICLE,GUIDE,
39/2024/tt-nhnn,39/2024/tt-nhnn_13,ARTICLE,CONTAIN,
39/2024/tt-nhnn,39/2024/tt-nhnn_14,ARTICLE,CONTAIN,
39/2024/tt-nhnn_14,39/2024/tt-nhnn_3,ARTICLE,GUIDE,
39/2024/tt-nhnn_14,39/2024/tt-nhnn_11,ARTICLE,GUIDE,
39/2024/tt-nhnn_14,39/2024/tt-nhnn_16,ARTICLE,GUIDE,
39/2024/tt-nhnn_14,39/2024/tt-nhnn_12,ARTICLE,GUIDE,
39/2024/tt-nhnn_14,32/2024/qh15_162,ARTICLE,GUIDE,
39/2024/tt-nhnn_14,32/2024/qh15_163,ARTICLE,GUIDE,
39/2024/tt-nhnn_14,32/2024/qh15_166,ARTICLE,GUIDE,
39/2024/tt-nhnn,39/2024/tt-nhnn_15,ARTICLE,CONTAIN,
39/2024/tt-nhnn_15,39/2024/tt-nhnn_16,ARTICLE,GUIDE,
39/2024/tt-nhnn,39/2024/tt-nhnn_16,ARTICLE,CONTAIN,
39/2024/tt-nhnn_16,39/2024/tt-nhnn_3,ARTICLE,GUIDE,
39/2024/tt-nhnn_16,32/2024/qh15_162,ARTICLE,GUIDE,
39/2024/tt-nhnn_16,32/2024/qh15_173,ARTICLE,GUIDE,
39/2024/tt-nhnn_16,32/2024/qh15_187,ARTICLE,GUIDE,
39/2024/tt-nhnn_16,39/2024/tt-nhnn_12,ARTICLE,GUIDE,
39/2024/tt-nhnn,39/2024/tt-nhnn_17,ARTICLE,CONTAIN,
39/2024/tt-nhnn_17,39/2024/tt-nhnn_3,ARTICLE,GUIDE,
39/2024/tt-nhnn,39/2024/tt-nhnn_18,ARTICLE,CONTAIN,
39/2024/tt-nhnn,39/2024/tt-nhnn_19,ARTICLE,CONTAIN,
39/2024/tt-nhnn_19,32/2024/qh15_165,ARTICLE,GUIDE,
39/2024/tt-nhnn,39/2024/tt-nhnn_20,ARTICLE,CONTAIN,
39/2024/tt-nhnn_20,39/2024/tt-nhnn_21,ARTICLE,GUIDE,
39/2024/tt-nhnn,39/2024/tt-nhnn_21,ARTICLE,CONTAIN,
39/2024/tt-nhnn_21,32/2024/qh15_210,ARTICLE,GUIDE,
39/2024/tt-nhnn,39/2024/tt-nhnn_22,ARTICLE,CONTAIN,
37/2024/tt-nhnn,37/2024/tt-nhnn_1,ARTICLE,CONTAIN,
37/2024/tt-nhnn_1,32/2024/qh15_193,ARTICLE,GUIDE,
37/2024/tt-nhnn,37/2024/tt-nhnn_2,ARTICLE,CONTAIN,
37/2024/tt-nhnn,37/2024/tt-nhnn_3,ARTICLE,CONTAIN,
37/2024/tt-nhnn_3,32/2024/qh15_4,ARTICLE,GUIDE,
37/2024/tt-nhnn,37/2024/tt-nhnn_4,ARTICLE,CONTAIN,
37/2024/tt-nhnn,37/2024/tt-nhnn_5,ARTICLE,CONTAIN,
37/2024/tt-nhnn_5,37/2024/tt-nhnn_4,ARTICLE,GUIDE,
37/2024/tt-nhnn_5,37/2024/tt-nhnn_22,ARTICLE,GUIDE,
37/2024/tt-nhnn_5,37/2024/tt-nhnn_23,ARTICLE,GUIDE,
37/2024/tt-nhnn_5,37/2024/tt-nhnn_24,ARTICLE,GUIDE,
37/2024/tt-nhnn_5,37/2024/tt-nhnn_25,ARTICLE,GUIDE,
37/2024/tt-nhnn_5,37/2024/tt-nhnn_26,ARTICLE,GUIDE,
37/2024/tt-nhnn_5,37/2024/tt-nhnn_27,ARTICLE,GUIDE,
37/2024/tt-nhnn_5,32/2024/qh15_193,ARTICLE,GUIDE,
37/2024/tt-nhnn_5,32/2024/qh15_172,ARTICLE,GUIDE,
37/2024/tt-nhnn_5,32/2024/qh15_183,ARTICLE,GUIDE,
37/2024/tt-nhnn_5,32/2024/qh15_194,ARTICLE,GUIDE,
37/2024/tt-nhnn,37/2024/tt-nhnn_6,ARTICLE,CONTAIN,
37/2024/tt-nhnn,37/2024/tt-nhnn_7,ARTICLE,CONTAIN,
37/2024/tt-nhnn,37/2024/tt-nhnn_8,ARTICLE,CONTAIN,
37/2024/tt-nhnn,37/2024/tt-nhnn_9,ARTICLE,CONTAIN,
37/2024/tt-nhnn_9,32/2024/qh15_4,ARTICLE,GUIDE,
37/2024/tt-nhnn_9,32/2024/qh15_191,ARTICLE,GUIDE,
37/2024/tt-nhnn,37/2024/tt-nhnn_10,ARTICLE,CONTAIN,
37/2024/tt-nhnn,37/2024/tt-nhnn_11,ARTICLE,CONTAIN,
37/2024/tt-nhnn,37/2024/tt-nhnn_12,ARTICLE,CONTAIN,
37/2024/tt-nhnn,37/2024/tt-nhnn_13,ARTICLE,CONTAIN,
37/2024/tt-nhnn_13,37/2024/tt-nhnn_14,ARTICLE,GUIDE,
37/2024/tt-nhnn,37/2024/tt-nhnn_14,ARTICLE,CONTAIN,
37/2024/tt-nhnn_14,37/2024/tt-nhnn_13,ARTICLE,GUIDE,
37/2024/tt-nhnn,37/2024/tt-nhnn_15,ARTICLE,CONTAIN,
37/2024/tt-nhnn_15,37/2024/tt-nhnn_13,ARTICLE,GUIDE,
37/2024/tt-nhnn_15,37/2024/tt-nhnn_34,ARTICLE,GUIDE,
37/2024/tt-nhnn,37/2024/tt-nhnn_16,ARTICLE,CONTAIN,
37/2024/tt-nhnn_16,32/2024/qh15_143,ARTICLE,GUIDE,
37/2024/tt-nhnn_16,32/2024/qh15_158,ARTICLE,GUIDE,
37/2024/tt-nhnn_16,32/2024/qh15_70,ARTICLE,GUIDE,
37/2024/tt-nhnn_16,37/2024/tt-nhnn_14,ARTICLE,GUIDE,
37/2024/tt-nhnn_16,37/2024/tt-nhnn_13,ARTICLE,GUIDE,
37/2024/tt-nhnn,37/2024/tt-nhnn_17,ARTICLE,CONTAIN,
37/2024/tt-nhnn_17,37/2024/tt-nhnn_13,ARTICLE,GUIDE,
37/2024/tt-nhnn_17,37/2024/tt-nhnn_14,ARTICLE,GUIDE,
37/2024/tt-nhnn_17,32/2024/qh15_70,ARTICLE,GUIDE,
37/2024/tt-nhnn_17,32/2024/qh15_143,ARTICLE,GUIDE,
37/2024/tt-nhnn_17,32/2024/qh15_158,ARTICLE,GUIDE,
37/2024/tt-nhnn,37/2024/tt-nhnn_18,ARTICLE,CONTAIN,
37/2024/tt-nhnn_18,32/2024/qh15_70,ARTICLE,GUIDE,
37/2024/tt-nhnn_18,32/2024/qh15_143,ARTICLE,GUIDE,
37/2024/tt-nhnn_18,32/2024/qh15_158,ARTICLE,GUIDE,
37/2024/tt-nhnn_18,37/2024/tt-nhnn_13,ARTICLE,GUIDE,
37/2024/tt-nhnn_18,37/2024/tt-nhnn_14,ARTICLE,GUIDE,
37/2024/tt-nhnn,37/2024/tt-nhnn_19,ARTICLE,CONTAIN,
37/2024/tt-nhnn_19,32/2024/qh15_143,ARTICLE,GUIDE,
37/2024/tt-nhnn_19,32/2024/qh15_158,ARTICLE,GUIDE,
37/2024/tt-nhnn_19,32/2024/qh15_70,ARTICLE,GUIDE,
37/2024/tt-nhnn_19,37/2024/tt-nhnn_13,ARTICLE,GUIDE,
37/2024/tt-nhnn_19,37/2024/tt-nhnn_14,ARTICLE,GUIDE,
37/2024/tt-nhnn,37/2024/tt-nhnn_20,ARTICLE,CONTAIN,
37/2024/tt-nhnn_20,37/2024/tt-nhnn_13,ARTICLE,GUIDE,
37/2024/tt-nhnn,37/2024/tt-nhnn_21,ARTICLE,CONTAIN,
37/2024/tt-nhnn,37/2024/tt-nhnn_22,ARTICLE,CONTAIN,
37/2024/tt-nhnn,37/2024/tt-nhnn_23,ARTICLE,CONTAIN,
37/2024/tt-nhnn,37/2024/tt-nhnn_24,ARTICLE,CONTAIN,
37/2024/tt-nhnn_24,37/2024/tt-nhnn_13,ARTICLE,GUIDE,
37/2024/tt-nhnn_24,37/2024/tt-nhnn_14,ARTICLE,GUIDE,
37/2024/tt-nhnn,37/2024/tt-nhnn_25,ARTICLE,CONTAIN,
37/2024/tt-nhnn_25,37/2024/tt-nhnn_24,ARTICLE,GUIDE,
37/2024/tt-nhnn_25,37/2024/tt-nhnn_23,ARTICLE,GUIDE,
37/2024/tt-nhnn_25,37/2024/tt-nhnn_13,ARTICLE,GUIDE,
37/2024/tt-nhnn,37/2024/tt-nhnn_26,ARTICLE,CONTAIN,
37/2024/tt-nhnn_26,37/2024/tt-nhnn_3,ARTICLE,GUIDE,
37/2024/tt-nhnn,37/2024/tt-nhnn_27,ARTICLE,CONTAIN,
37/2024/tt-nhnn_27,37/2024/tt-nhnn_20,ARTICLE,GUIDE,
37/2024/tt-nhnn,37/2024/tt-nhnn_28,ARTICLE,CONTAIN,
37/2024/tt-nhnn,37/2024/tt-nhnn_29,ARTICLE,CONTAIN,
37/2024/tt-nhnn_29,37/2024/tt-nhnn_4,ARTICLE,GUIDE,
37/2024/tt-nhnn,37/2024/tt-nhnn_30,ARTICLE,CONTAIN,
37/2024/tt-nhnn_30,37/2024/tt-nhnn_4,ARTICLE,GUIDE,
37/2024/tt-nhnn_30,37/2024/tt-nhnn_13,ARTICLE,GUIDE,
37/2024/tt-nhnn_30,37/2024/tt-nhnn_14,ARTICLE,GUIDE,
37/2024/tt-nhnn_30,37/2024/tt-nhnn_15,ARTICLE,GUIDE,
37/2024/tt-nhnn_30,37/2024/tt-nhnn_24,ARTICLE,GUIDE,
37/2024/tt-nhnn_30,37/2024/tt-nhnn_32,ARTICLE,GUIDE,
37/2024/tt-nhnn_30,37/2024/tt-nhnn_33,ARTICLE,GUIDE,
37/2024/tt-nhnn_30,37/2024/tt-nhnn_34,ARTICLE,GUIDE,
37/2024/tt-nhnn,37/2024/tt-nhnn_31,ARTICLE,CONTAIN,
37/2024/tt-nhnn_31,37/2024/tt-nhnn_25,ARTICLE,GUIDE,
37/2024/tt-nhnn_31,37/2024/tt-nhnn_33,ARTICLE,GUIDE,
37/2024/tt-nhnn,37/2024/tt-nhnn_32,ARTICLE,CONTAIN,
37/2024/tt-nhnn_32,37/2024/tt-nhnn_28,ARTICLE,GUIDE,
37/2024/tt-nhnn_32,37/2024/tt-nhnn_4,ARTICLE,GUIDE,
37/2024/tt-nhnn,37/2024/tt-nhnn_33,ARTICLE,CONTAIN,
37/2024/tt-nhnn_33,37/2024/tt-nhnn_30,ARTICLE,GUIDE,
37/2024/tt-nhnn_33,37/2024/tt-nhnn_15,ARTICLE,GUIDE,
37/2024/tt-nhnn_33,37/2024/tt-nhnn_25,ARTICLE,GUIDE,
37/2024/tt-nhnn,37/2024/tt-nhnn_34,ARTICLE,CONTAIN,
37/2024/tt-nhnn_34,37/2024/tt-nhnn_33,ARTICLE,GUIDE,
37/2024/tt-nhnn_34,37/2024/tt-nhnn_15,ARTICLE,GUIDE,
37/2024/tt-nhnn_34,37/2024/tt-nhnn_25,ARTICLE,GUIDE,
37/2024/tt-nhnn,37/2024/tt-nhnn_35,ARTICLE,CONTAIN,
37/2024/tt-nhnn_35,08/2021/tt-nhnn_11,ARTICLE,GUIDE,
37/2024/tt-nhnn_35,08/2021/tt-nhnn_14,ARTICLE,GUIDE,
37/2024/tt-nhnn_35,08/2021/tt-nhnn_18,ARTICLE,GUIDE,
37/2024/tt-nhnn_35,08/2021/tt-nhnn_27,ARTICLE,GUIDE,
37/2024/tt-nhnn_35,37/2024/tt-nhnn_5,ARTICLE,GUIDE,
37/2024/tt-nhnn_35,37/2024/tt-nhnn_8,ARTICLE,GUIDE,
37/2024/tt-nhnn_35,37/2024/tt-nhnn_11,ARTICLE,GUIDE,
37/2024/tt-nhnn_35,37/2024/tt-nhnn_12,ARTICLE,GUIDE,
37/2024/tt-nhnn_35,37/2024/tt-nhnn_13,ARTICLE,GUIDE,
37/2024/tt-nhnn_35,37/2024/tt-nhnn_14,ARTICLE,GUIDE,
37/2024/tt-nhnn_35,37/2024/tt-nhnn_15,ARTICLE,GUIDE,
37/2024/tt-nhnn_35,37/2024/tt-nhnn_19,ARTICLE,GUIDE,
37/2024/tt-nhnn,37/2024/tt-nhnn_36,ARTICLE,CONTAIN,
37/2024/tt-nhnn_36,37/2024/tt-nhnn_35,ARTICLE,GUIDE,
44/2024/tt-nhnn,44/2024/tt-nhnn_1,ARTICLE,CONTAIN,
44/2024/tt-nhnn_1,16/2019/tt-nhnn_2,ARTICLE,AMEND,
44/2024/tt-nhnn,44/2024/tt-nhnn_2,ARTICLE,CONTAIN,
44/2024/tt-nhnn,44/2024/tt-nhnn_3,ARTICLE,CONTAIN,
46/2024/tt-nhnn,46/2024/tt-nhnn_1,ARTICLE,CONTAIN,
46/2024/tt-nhnn_1,32/2024/qh15_4,ARTICLE,GUIDE,
46/2024/tt-nhnn,46/2024/tt-nhnn_2,ARTICLE,CONTAIN,
46/2024/tt-nhnn,46/2024/tt-nhnn_3,ARTICLE,CONTAIN,
46/2024/tt-nhnn,46/2024/tt-nhnn_4,ARTICLE,CONTAIN,
46/2024/tt-nhnn,46/2024/tt-nhnn_5,ARTICLE,CONTAIN,
47/2024/tt-nhnn,47/2024/tt-nhnn_1,ARTICLE,CONTAIN,
47/2024/tt-nhnn_1,04/2022/tt-nhnn_3,ARTICLE,AMEND,
47/2024/tt-nhnn,47/2024/tt-nhnn_2,ARTICLE,CONTAIN,
47/2024/tt-nhnn,47/2024/tt-nhnn_3,ARTICLE,CONTAIN,
48/2024/tt-nhnn,48/2024/tt-nhnn_1,ARTICLE,CONTAIN,
48/2024/tt-nhnn,48/2024/tt-nhnn_2,ARTICLE,CONTAIN,
48/2024/tt-nhnn,48/2024/tt-nhnn_3,ARTICLE,CONTAIN,
48/2024/tt-nhnn,48/2024/tt-nhnn_4,ARTICLE,CONTAIN,
48/2024/tt-nhnn,48/2024/tt-nhnn_5,ARTICLE,CONTAIN,
133/2024/nđ-cp,133/2024/nđ-cp_1,ARTICLE,CONTAIN,
133/2024/nđ-cp_1,58/2021/NĐ-CP_10,ARTICLE,AMEND,
133/2024/nđ-cp,133/2024/nđ-cp_2,ARTICLE,CONTAIN,
33/2024/tt-nhnn,33/2024/tt-nhnn_1,ARTICLE,CONTAIN,
33/2024/tt-nhnn,33/2024/tt-nhnn_2,ARTICLE,CONTAIN,
33/2024/tt-nhnn_2,33/2024/tt-nhnn_1,ARTICLE,GUIDE,
33/2024/tt-nhnn,33/2024/tt-nhnn_3,ARTICLE,CONTAIN,
33/2024/tt-nhnn,33/2024/tt-nhnn_4,ARTICLE,CONTAIN,
33/2024/tt-nhnn,33/2024/tt-nhnn_5,ARTICLE,CONTAIN,
33/2024/tt-nhnn,33/2024/tt-nhnn_6,ARTICLE,CONTAIN,
33/2024/tt-nhnn,33/2024/tt-nhnn_7,ARTICLE,CONTAIN,
33/2024/tt-nhnn_7,33/2024/tt-nhnn_13,ARTICLE,GUIDE,
33/2024/tt-nhnn_7,33/2024/tt-nhnn_14,ARTICLE,GUIDE,
33/2024/tt-nhnn_7,33/2024/tt-nhnn_15,ARTICLE,GUIDE,
33/2024/tt-nhnn,33/2024/tt-nhnn_8,ARTICLE,CONTAIN,
33/2024/tt-nhnn_8,33/2024/tt-nhnn_7,ARTICLE,GUIDE,
33/2024/tt-nhnn,33/2024/tt-nhnn_9,ARTICLE,CONTAIN,
33/2024/tt-nhnn_9,33/2024/tt-nhnn_7,ARTICLE,GUIDE,
33/2024/tt-nhnn_9,33/2024/tt-nhnn_8,ARTICLE,GUIDE,
33/2024/tt-nhnn,33/2024/tt-nhnn_10,ARTICLE,CONTAIN,
33/2024/tt-nhnn,33/2024/tt-nhnn_11,ARTICLE,CONTAIN,
33/2024/tt-nhnn,33/2024/tt-nhnn_12,ARTICLE,CONTAIN,
33/2024/tt-nhnn,33/2024/tt-nhnn_13,ARTICLE,CONTAIN,
33/2024/tt-nhnn_13,32/2024/qh15_42,ARTICLE,GUIDE,
33/2024/tt-nhnn_13,32/2024/qh15_43,ARTICLE,GUIDE,
33/2024/tt-nhnn,33/2024/tt-nhnn_14,ARTICLE,CONTAIN,
33/2024/tt-nhnn_14,32/2024/qh15_42,ARTICLE,GUIDE,
33/2024/tt-nhnn_14,32/2024/qh15_43,ARTICLE,GUIDE,
33/2024/tt-nhnn,33/2024/tt-nhnn_15,ARTICLE,CONTAIN,
33/2024/tt-nhnn_15,32/2024/qh15_42,ARTICLE,GUIDE,
33/2024/tt-nhnn_15,32/2024/qh15_43,ARTICLE,GUIDE,
33/2024/tt-nhnn,33/2024/tt-nhnn_16,ARTICLE,CONTAIN,
33/2024/tt-nhnn_16,32/2024/qh15_42,ARTICLE,GUIDE,
33/2024/tt-nhnn_16,32/2024/qh15_43,ARTICLE,GUIDE,
33/2024/tt-nhnn,33/2024/tt-nhnn_17,ARTICLE,CONTAIN,
33/2024/tt-nhnn,33/2024/tt-nhnn_18,ARTICLE,CONTAIN,
33/2024/tt-nhnn_18,33/2024/tt-nhnn_13,ARTICLE,GUIDE,
33/2024/tt-nhnn_18,33/2024/tt-nhnn_14,ARTICLE,GUIDE,
33/2024/tt-nhnn_18,33/2024/tt-nhnn_15,ARTICLE,GUIDE,
33/2024/tt-nhnn_18,33/2024/tt-nhnn_17,ARTICLE,GUIDE,
33/2024/tt-nhnn,33/2024/tt-nhnn_19,ARTICLE,CONTAIN,
33/2024/tt-nhnn_19,33/2024/tt-nhnn_18,ARTICLE,GUIDE,
33/2024/tt-nhnn,33/2024/tt-nhnn_20,ARTICLE,CONTAIN,
33/2024/tt-nhnn,33/2024/tt-nhnn_21,ARTICLE,CONTAIN,
33/2024/tt-nhnn,33/2024/tt-nhnn_22,ARTICLE,CONTAIN,
33/2024/tt-nhnn,33/2024/tt-nhnn_23,ARTICLE,CONTAIN,
33/2024/tt-nhnn_23,33/2024/tt-nhnn_22,ARTICLE,GUIDE,
33/2024/tt-nhnn,33/2024/tt-nhnn_24,ARTICLE,CONTAIN,
33/2024/tt-nhnn_24,33/2024/tt-nhnn_3,ARTICLE,GUIDE,
33/2024/tt-nhnn_24,32/2024/qh15_130,ARTICLE,GUIDE,
33/2024/tt-nhnn,33/2024/tt-nhnn_25,ARTICLE,CONTAIN,
33/2024/tt-nhnn_25,33/2024/tt-nhnn_24,ARTICLE,GUIDE,
33/2024/tt-nhnn_25,33/2024/tt-nhnn_3,ARTICLE,GUIDE,
33/2024/tt-nhnn,33/2024/tt-nhnn_26,ARTICLE,CONTAIN,
33/2024/tt-nhnn,33/2024/tt-nhnn_27,ARTICLE,CONTAIN,
33/2024/tt-nhnn,33/2024/tt-nhnn_28,ARTICLE,CONTAIN,
33/2024/tt-nhnn_28,33/2024/tt-nhnn_9,ARTICLE,GUIDE,
33/2024/tt-nhnn,33/2024/tt-nhnn_29,ARTICLE,CONTAIN,
33/2024/tt-nhnn,33/2024/tt-nhnn_30,ARTICLE,CONTAIN,
33/2024/tt-nhnn_30,13/2019/tt-nhnn_1,ARTICLE,REPEAL,
33/2024/tt-nhnn_30,24/2023/tt-nhnn_3,ARTICLE,REPEAL,
33/2024/tt-nhnn_30,33/2024/tt-nhnn_24,ARTICLE,GUIDE,
33/2024/tt-nhnn_30,33/2024/tt-nhnn_25,ARTICLE,GUIDE,
33/2024/tt-nhnn,33/2024/tt-nhnn_31,ARTICLE,CONTAIN,
50/2024/tt-nhnn,50/2024/tt-nhnn_1,ARTICLE,CONTAIN,
50/2024/tt-nhnn,50/2024/tt-nhnn_2,ARTICLE,CONTAIN,
50/2024/tt-nhnn_2,50/2024/tt-nhnn_1,ARTICLE,GUIDE,
50/2024/tt-nhnn,50/2024/tt-nhnn_3,ARTICLE,CONTAIN,
50/2024/tt-nhnn_3,50/2024/tt-nhnn_11,ARTICLE,GUIDE,
50/2024/tt-nhnn_3,50/2024/tt-nhnn_1,ARTICLE,GUIDE,
50/2024/tt-nhnn_3,50/2024/tt-nhnn_7,ARTICLE,GUIDE,
50/2024/tt-nhnn,50/2024/tt-nhnn_4,ARTICLE,CONTAIN,
50/2024/tt-nhnn_4,50/2024/tt-nhnn_11,ARTICLE,GUIDE,
50/2024/tt-nhnn,50/2024/tt-nhnn_5,ARTICLE,CONTAIN,
50/2024/tt-nhnn,50/2024/tt-nhnn_6,ARTICLE,CONTAIN,
50/2024/tt-nhnn,50/2024/tt-nhnn_7,ARTICLE,CONTAIN,
50/2024/tt-nhnn_7,50/2024/tt-nhnn_9,ARTICLE,GUIDE,
50/2024/tt-nhnn_7,50/2024/tt-nhnn_11,ARTICLE,GUIDE,
50/2024/tt-nhnn,50/2024/tt-nhnn_8,ARTICLE,CONTAIN,
50/2024/tt-nhnn_8,50/2024/tt-nhnn_7,ARTICLE,GUIDE,
50/2024/tt-nhnn_8,50/2024/tt-nhnn_11,ARTICLE,GUIDE,
50/2024/tt-nhnn,50/2024/tt-nhnn_9,ARTICLE,CONTAIN,
50/2024/tt-nhnn_9,50/2024/tt-nhnn_11,ARTICLE,GUIDE,
50/2024/tt-nhnn,50/2024/tt-nhnn_10,ARTICLE,CONTAIN,
50/2024/tt-nhnn_10,50/2024/tt-nhnn_11,ARTICLE,GUIDE,
50/2024/tt-nhnn,50/2024/tt-nhnn_11,ARTICLE,CONTAIN,
50/2024/tt-nhnn,50/2024/tt-nhnn_12,ARTICLE,CONTAIN,
50/2024/tt-nhnn,50/2024/tt-nhnn_13,ARTICLE,CONTAIN,
50/2024/tt-nhnn,50/2024/tt-nhnn_14,ARTICLE,CONTAIN,
50/2024/tt-nhnn,50/2024/tt-nhnn_15,ARTICLE,CONTAIN,
50/2024/tt-nhnn,50/2024/tt-nhnn_16,ARTICLE,CONTAIN,
50/2024/tt-nhnn,50/2024/tt-nhnn_17,ARTICLE,CONTAIN,
50/2024/tt-nhnn,50/2024/tt-nhnn_18,ARTICLE,CONTAIN,
50/2024/tt-nhnn,50/2024/tt-nhnn_19,ARTICLE,CONTAIN,
50/2024/tt-nhnn,50/2024/tt-nhnn_20,ARTICLE,CONTAIN,
50/2024/tt-nhnn_20,50/2024/tt-nhnn_11,ARTICLE,GUIDE,
50/2024/tt-nhnn,50/2024/tt-nhnn_21,ARTICLE,CONTAIN,
50/2024/tt-nhnn,50/2024/tt-nhnn_22,ARTICLE,CONTAIN,
50/2024/tt-nhnn_22,09/2020/tt-nhnn_25,ARTICLE,REPEAL,
50/2024/tt-nhnn_22,50/2024/tt-nhnn_4,ARTICLE,GUIDE,
50/2024/tt-nhnn_22,50/2024/tt-nhnn_7,ARTICLE,GUIDE,
50/2024/tt-nhnn_22,50/2024/tt-nhnn_8,ARTICLE,GUIDE,
50/2024/tt-nhnn_22,50/2024/tt-nhnn_10,ARTICLE,GUIDE,
50/2024/tt-nhnn_22,50/2024/tt-nhnn_11,ARTICLE,GUIDE,
50/2024/tt-nhnn_22,50/2024/tt-nhnn_20,ARTICLE,GUIDE,
50/2024/tt-nhnn,50/2024/tt-nhnn_23,ARTICLE,CONTAIN,
50/2024/tt-nhnn_23,50/2024/tt-nhnn_10,ARTICLE,GUIDE,
50/2024/tt-nhnn_23,50/2024/tt-nhnn_11,ARTICLE,GUIDE,
50/2024/tt-nhnn,50/2024/tt-nhnn_24,ARTICLE,CONTAIN,
51/2024/tt-nhnn,51/2024/tt-nhnn_1,ARTICLE,CONTAIN,
51/2024/tt-nhnn_1,51/2024/tt-nhnn_11,ARTICLE,GUIDE,
51/2024/tt-nhnn_1,51/2024/tt-nhnn_12,ARTICLE,GUIDE,
51/2024/tt-nhnn_1,51/2024/tt-nhnn_13,ARTICLE,GUIDE,
51/2024/tt-nhnn_1,51/2024/tt-nhnn_14,ARTICLE,GUIDE,
51/2024/tt-nhnn_1,32/2024/qh15_57,ARTICLE,GUIDE,
51/2024/tt-nhnn_1,32/2024/qh15_156,ARTICLE,GUIDE,
51/2024/tt-nhnn_1,32/2024/qh15_167,ARTICLE,GUIDE,
51/2024/tt-nhnn,51/2024/tt-nhnn_2,ARTICLE,CONTAIN,
51/2024/tt-nhnn,51/2024/tt-nhnn_3,ARTICLE,CONTAIN,
51/2024/tt-nhnn,51/2024/tt-nhnn_4,ARTICLE,CONTAIN,
51/2024/tt-nhnn,51/2024/tt-nhnn_5,ARTICLE,CONTAIN,
51/2024/tt-nhnn,51/2024/tt-nhnn_6,ARTICLE,CONTAIN,
51/2024/tt-nhnn,51/2024/tt-nhnn_7,ARTICLE,CONTAIN,
51/2024/tt-nhnn,51/2024/tt-nhnn_8,ARTICLE,CONTAIN,
51/2024/tt-nhnn,51/2024/tt-nhnn_9,ARTICLE,CONTAIN,
51/2024/tt-nhnn_9,46/2018/qh14_48,ARTICLE,GUIDE,
51/2024/tt-nhnn,51/2024/tt-nhnn_10,ARTICLE,CONTAIN,
51/2024/tt-nhnn,51/2024/tt-nhnn_11,ARTICLE,CONTAIN,
51/2024/tt-nhnn_11,51/2024/tt-nhnn_13,ARTICLE,GUIDE,
51/2024/tt-nhnn_11,37/2015/qh13_30,ARTICLE,GUIDE,
51/2024/tt-nhnn,51/2024/tt-nhnn_12,ARTICLE,CONTAIN,
51/2024/tt-nhnn_12,51/2024/tt-nhnn_13,ARTICLE,GUIDE,
51/2024/tt-nhnn,51/2024/tt-nhnn_13,ARTICLE,CONTAIN,
51/2024/tt-nhnn_13,15/2009/qh12_19,ARTICLE,GUIDE,
51/2024/tt-nhnn,51/2024/tt-nhnn_14,ARTICLE,CONTAIN,
51/2024/tt-nhnn_14,20/2014/qh13_18,ARTICLE,GUIDE,
51/2024/tt-nhnn_14,20/2014/qh13_29,ARTICLE,GUIDE,
51/2024/tt-nhnn_14,51/2024/tt-nhnn_10,ARTICLE,GUIDE,
51/2024/tt-nhnn,51/2024/tt-nhnn_15,ARTICLE,CONTAIN,
51/2024/tt-nhnn_15,13/2003/qh11_39,ARTICLE,GUIDE,
51/2024/tt-nhnn,51/2024/tt-nhnn_16,ARTICLE,CONTAIN,
51/2024/tt-nhnn_16,51/2024/tt-nhnn_15,ARTICLE,GUIDE,
51/2024/tt-nhnn,51/2024/tt-nhnn_17,ARTICLE,CONTAIN,
51/2024/tt-nhnn_17,51/2024/tt-nhnn_15,ARTICLE,GUIDE,
51/2024/tt-nhnn_17,51/2024/tt-nhnn_16,ARTICLE,GUIDE,
51/2024/tt-nhnn,51/2024/tt-nhnn_18,ARTICLE,CONTAIN,
51/2024/tt-nhnn_18,51/2024/tt-nhnn_16,ARTICLE,GUIDE,
51/2024/tt-nhnn,51/2024/tt-nhnn_19,ARTICLE,CONTAIN,
51/2024/tt-nhnn,51/2024/tt-nhnn_20,ARTICLE,CONTAIN,
51/2024/tt-nhnn,51/2024/tt-nhnn_21,ARTICLE,CONTAIN,
51/2024/tt-nhnn,51/2024/tt-nhnn_22,ARTICLE,CONTAIN,
53/2024/tt-nhnn,53/2024/tt-nhnn_1,ARTICLE,CONTAIN,
53/2024/tt-nhnn,53/2024/tt-nhnn_2,ARTICLE,CONTAIN,
53/2024/tt-nhnn_2,53/2024/tt-nhnn_4,ARTICLE,GUIDE,
53/2024/tt-nhnn,53/2024/tt-nhnn_3,ARTICLE,CONTAIN,
53/2024/tt-nhnn,53/2024/tt-nhnn_4,ARTICLE,CONTAIN,
53/2024/tt-nhnn,53/2024/tt-nhnn_5,ARTICLE,CONTAIN,
53/2024/tt-nhnn,53/2024/tt-nhnn_6,ARTICLE,CONTAIN,
53/2024/tt-nhnn,53/2024/tt-nhnn_7,ARTICLE,CONTAIN,
53/2024/tt-nhnn_7,53/2024/tt-nhnn_6,ARTICLE,GUIDE,
53/2024/tt-nhnn,53/2024/tt-nhnn_8,ARTICLE,CONTAIN,
53/2024/tt-nhnn,53/2024/tt-nhnn_9,ARTICLE,CONTAIN,
52/2024/tt-nhnn,52/2024/tt-nhnn_1,ARTICLE,CONTAIN,
52/2024/tt-nhnn_1,32/2024/qh15_55,ARTICLE,AMEND,
52/2024/tt-nhnn,52/2024/tt-nhnn_2,ARTICLE,CONTAIN,
52/2024/tt-nhnn,52/2024/tt-nhnn_3,ARTICLE,CONTAIN,
52/2024/tt-nhnn_3,32/2024/qh15_4,ARTICLE,GUIDE,
52/2024/tt-nhnn_3,32/2024/qh15_55,ARTICLE,GUIDE,
52/2024/tt-nhnn_3,32/2024/qh15_210,ARTICLE,GUIDE,
52/2024/tt-nhnn_3,32/2024/qh15_63,ARTICLE,GUIDE,
52/2024/tt-nhnn,52/2024/tt-nhnn_4,ARTICLE,CONTAIN,
52/2024/tt-nhnn_4,52/2024/tt-nhnn_2,ARTICLE,GUIDE,
52/2024/tt-nhnn_4,52/2024/tt-nhnn_3,ARTICLE,GUIDE,
52/2024/tt-nhnn,52/2024/tt-nhnn_5,ARTICLE,CONTAIN,
52/2024/tt-nhnn,52/2024/tt-nhnn_6,ARTICLE,CONTAIN,
52/2024/tt-nhnn,52/2024/tt-nhnn_7,ARTICLE,CONTAIN,
52/2024/tt-nhnn,52/2024/tt-nhnn_8,ARTICLE,CONTAIN,
52/2024/tt-nhnn_8,32/2024/qh15_55,ARTICLE,GUIDE,
52/2024/tt-nhnn,52/2024/tt-nhnn_9,ARTICLE,CONTAIN,
54/2024/tt-nhnn,54/2024/tt-nhnn_1,ARTICLE,CONTAIN,
54/2024/tt-nhnn_1,26/2021/tt-nhnn_14,ARTICLE,AMEND,
54/2024/tt-nhnn_1,26/2021/tt-nhnn_15,ARTICLE,AMEND,
54/2024/tt-nhnn,54/2024/tt-nhnn_2,ARTICLE,CONTAIN,
54/2024/tt-nhnn,54/2024/tt-nhnn_3,ARTICLE,CONTAIN,
55/2024/tt-nhnn,55/2024/tt-nhnn_1,ARTICLE,CONTAIN,
55/2024/tt-nhnn_1,19/2018/tt-nhnn_2,ARTICLE,AMEND,
55/2024/tt-nhnn,55/2024/tt-nhnn_2,ARTICLE,CONTAIN,
55/2024/tt-nhnn,55/2024/tt-nhnn_3,ARTICLE,CONTAIN,
57/2024/tt-nhnn,57/2024/tt-nhnn_1,ARTICLE,CONTAIN,
57/2024/tt-nhnn,57/2024/tt-nhnn_2,ARTICLE,CONTAIN,
57/2024/tt-nhnn,57/2024/tt-nhnn_3,ARTICLE,CONTAIN,
57/2024/tt-nhnn,57/2024/tt-nhnn_4,ARTICLE,CONTAIN,
57/2024/tt-nhnn_4,32/2024/qh15_6,ARTICLE,GUIDE,
57/2024/tt-nhnn_4,32/2024/qh15_77,ARTICLE,GUIDE,
57/2024/tt-nhnn,57/2024/tt-nhnn_5,ARTICLE,CONTAIN,
57/2024/tt-nhnn,57/2024/tt-nhnn_6,ARTICLE,CONTAIN,
57/2024/tt-nhnn,57/2024/tt-nhnn_7,ARTICLE,CONTAIN,
57/2024/tt-nhnn_7,57/2024/tt-nhnn_10,ARTICLE,GUIDE,
57/2024/tt-nhnn_7,57/2024/tt-nhnn_11,ARTICLE,GUIDE,
57/2024/tt-nhnn_7,57/2024/tt-nhnn_12,ARTICLE,GUIDE,
57/2024/tt-nhnn_7,57/2024/tt-nhnn_13,ARTICLE,GUIDE,
57/2024/tt-nhnn,57/2024/tt-nhnn_8,ARTICLE,CONTAIN,
57/2024/tt-nhnn,57/2024/tt-nhnn_9,ARTICLE,CONTAIN,
57/2024/tt-nhnn,57/2024/tt-nhnn_10,ARTICLE,CONTAIN,
57/2024/tt-nhnn,57/2024/tt-nhnn_11,ARTICLE,CONTAIN,
57/2024/tt-nhnn_11,32/2024/qh15_101,ARTICLE,GUIDE,
57/2024/tt-nhnn,57/2024/tt-nhnn_12,ARTICLE,CONTAIN,
57/2024/tt-nhnn_12,57/2024/tt-nhnn_11,ARTICLE,GUIDE,
57/2024/tt-nhnn,57/2024/tt-nhnn_13,ARTICLE,CONTAIN,
57/2024/tt-nhnn_13,57/2024/tt-nhnn_11,ARTICLE,GUIDE,
57/2024/tt-nhnn_13,57/2024/tt-nhnn_12,ARTICLE,GUIDE,
57/2024/tt-nhnn,57/2024/tt-nhnn_14,ARTICLE,CONTAIN,
57/2024/tt-nhnn_14,32/2024/qh15_34,ARTICLE,GUIDE,
57/2024/tt-nhnn,57/2024/tt-nhnn_15,ARTICLE,CONTAIN,
57/2024/tt-nhnn,57/2024/tt-nhnn_16,ARTICLE,CONTAIN,
57/2024/tt-nhnn,57/2024/tt-nhnn_17,ARTICLE,CONTAIN,
56/2024/tt-nhnn,56/2024/tt-nhnn_1,ARTICLE,CONTAIN,
56/2024/tt-nhnn,56/2024/tt-nhnn_2,ARTICLE,CONTAIN,
56/2024/tt-nhnn,56/2024/tt-nhnn_3,ARTICLE,CONTAIN,
56/2024/tt-nhnn,56/2024/tt-nhnn_4,ARTICLE,CONTAIN,
56/2024/tt-nhnn,56/2024/tt-nhnn_5,ARTICLE,CONTAIN,
56/2024/tt-nhnn,56/2024/tt-nhnn_6,ARTICLE,CONTAIN,
56/2024/tt-nhnn_6,56/2024/tt-nhnn_5,ARTICLE,GUIDE,
56/2024/tt-nhnn,56/2024/tt-nhnn_7,ARTICLE,CONTAIN,
56/2024/tt-nhnn_7,56/2024/tt-nhnn_5,ARTICLE,GUIDE,
56/2024/tt-nhnn_7,56/2024/tt-nhnn_10,ARTICLE,GUIDE,
56/2024/tt-nhnn_7,56/2024/tt-nhnn_11,ARTICLE,GUIDE,
56/2024/tt-nhnn_7,56/2024/tt-nhnn_12,ARTICLE,GUIDE,
56/2024/tt-nhnn_7,56/2024/tt-nhnn_13,ARTICLE,GUIDE,
56/2024/tt-nhnn_7,56/2024/tt-nhnn_14,ARTICLE,GUIDE,
56/2024/tt-nhnn_7,56/2024/tt-nhnn_15,ARTICLE,GUIDE,
56/2024/tt-nhnn,56/2024/tt-nhnn_8,ARTICLE,CONTAIN,
56/2024/tt-nhnn_8,56/2024/tt-nhnn_5,ARTICLE,GUIDE,
56/2024/tt-nhnn,56/2024/tt-nhnn_9,ARTICLE,CONTAIN,
56/2024/tt-nhnn,56/2024/tt-nhnn_10,ARTICLE,CONTAIN,
56/2024/tt-nhnn,56/2024/tt-nhnn_11,ARTICLE,CONTAIN,
56/2024/tt-nhnn_11,32/2024/qh15_101,ARTICLE,GUIDE,
56/2024/tt-nhnn,56/2024/tt-nhnn_12,ARTICLE,CONTAIN,
56/2024/tt-nhnn_12,56/2024/tt-nhnn_11,ARTICLE,GUIDE,
56/2024/tt-nhnn,56/2024/tt-nhnn_13,ARTICLE,CONTAIN,
56/2024/tt-nhnn_13,56/2024/tt-nhnn_11,ARTICLE,GUIDE,
56/2024/tt-nhnn_13,56/2024/tt-nhnn_12,ARTICLE,GUIDE,
56/2024/tt-nhnn,56/2024/tt-nhnn_14,ARTICLE,CONTAIN,
56/2024/tt-nhnn_14,32/2024/qh15_97,ARTICLE,GUIDE,
56/2024/tt-nhnn_14,32/2024/qh15_98,ARTICLE,GUIDE,
56/2024/tt-nhnn_14,32/2024/qh15_101,ARTICLE,GUIDE,
56/2024/tt-nhnn_14,32/2024/qh15_29,ARTICLE,GUIDE,
56/2024/tt-nhnn_14,56/2024/tt-nhnn_11,ARTICLE,GUIDE,
56/2024/tt-nhnn,56/2024/tt-nhnn_15,ARTICLE,CONTAIN,
56/2024/tt-nhnn_15,56/2024/tt-nhnn_11,ARTICLE,GUIDE,
56/2024/tt-nhnn,56/2024/tt-nhnn_16,ARTICLE,CONTAIN,
56/2024/tt-nhnn,56/2024/tt-nhnn_17,ARTICLE,CONTAIN,
56/2024/tt-nhnn,56/2024/tt-nhnn_18,ARTICLE,CONTAIN,
56/2024/tt-nhnn,56/2024/tt-nhnn_19,ARTICLE,CONTAIN,
56/2024/tt-nhnn_19,56/2024/tt-nhnn_5,ARTICLE,GUIDE,
56/2024/tt-nhnn,56/2024/tt-nhnn_20,ARTICLE,CONTAIN,
56/2024/tt-nhnn,56/2024/tt-nhnn_21,ARTICLE,CONTAIN,
56/2024/tt-nhnn,56/2024/tt-nhnn_22,ARTICLE,CONTAIN,
56/2024/tt-nhnn_22,56/2024/tt-nhnn_19,ARTICLE,GUIDE,
56/2024/tt-nhnn,56/2024/tt-nhnn_23,ARTICLE,CONTAIN,
56/2024/tt-nhnn_23,56/2024/tt-nhnn_3,ARTICLE,GUIDE,
56/2024/tt-nhnn_23,56/2024/tt-nhnn_15,ARTICLE,GUIDE,
56/2024/tt-nhnn_23,56/2024/tt-nhnn_5,ARTICLE,GUIDE,
56/2024/tt-nhnn_23,56/2024/tt-nhnn_19,ARTICLE,GUIDE,
56/2024/tt-nhnn,56/2024/tt-nhnn_24,ARTICLE,CONTAIN,
56/2024/tt-nhnn,56/2024/tt-nhnn_25,ARTICLE,CONTAIN,
162/2024/nđ-cp,162/2024/nđ-cp_1,ARTICLE,CONTAIN,
162/2024/nđ-cp_1,32/2024/qh15_29,ARTICLE,GUIDE,
162/2024/nđ-cp,162/2024/nđ-cp_2,ARTICLE,CONTAIN,
162/2024/nđ-cp,162/2024/nđ-cp_3,ARTICLE,CONTAIN,
162/2024/nđ-cp,162/2024/nđ-cp_4,ARTICLE,CONTAIN,
162/2024/nđ-cp,162/2024/nđ-cp_5,ARTICLE,CONTAIN,
162/2024/nđ-cp,162/2024/nđ-cp_6,ARTICLE,CONTAIN,
162/2024/nđ-cp_6,162/2024/nđ-cp_5,ARTICLE,GUIDE,
162/2024/nđ-cp_6,162/2024/nđ-cp_4,ARTICLE,GUIDE,
162/2024/nđ-cp,162/2024/nđ-cp_7,ARTICLE,CONTAIN,
162/2024/nđ-cp_7,162/2024/nđ-cp_5,ARTICLE,GUIDE,
162/2024/nđ-cp,162/2024/nđ-cp_8,ARTICLE,CONTAIN,
162/2024/nđ-cp,162/2024/nđ-cp_9,ARTICLE,CONTAIN,
162/2024/nđ-cp_9,162/2024/nđ-cp_8,ARTICLE,GUIDE,
162/2024/nđ-cp,162/2024/nđ-cp_10,ARTICLE,CONTAIN,
162/2024/nđ-cp_10,162/2024/NĐ-CP_1,ARTICLE,GUIDE,
162/2024/nđ-cp_10,32/2024/qh15_41,ARTICLE,GUIDE,
162/2024/nđ-cp,162/2024/nđ-cp_11,ARTICLE,CONTAIN,
162/2024/nđ-cp,162/2024/nđ-cp_12,ARTICLE,CONTAIN,
162/2024/nđ-cp_12,162/2024/nđ-cp_13,ARTICLE,GUIDE,
162/2024/nđ-cp,162/2024/nđ-cp_13,ARTICLE,CONTAIN,
162/2024/nđ-cp,162/2024/nđ-cp_14,ARTICLE,CONTAIN,
162/2024/nđ-cp,162/2024/nđ-cp_15,ARTICLE,CONTAIN,
59/2024/tt-nhnn,59/2024/tt-nhnn_1,ARTICLE,CONTAIN,
59/2024/tt-nhnn_1,12/2021/tt-nhnn_2,ARTICLE,AMEND,
59/2024/tt-nhnn_1,12/2021/tt-nhnn_3,ARTICLE,AMEND,
59/2024/tt-nhnn,59/2024/tt-nhnn_2,ARTICLE,CONTAIN,
59/2024/tt-nhnn,59/2024/tt-nhnn_3,ARTICLE,CONTAIN,
59/2024/tt-nhnn,59/2024/tt-nhnn_4,ARTICLE,CONTAIN,
60/2024/tt-nhnn,60/2024/tt-nhnn_1,ARTICLE,CONTAIN,
60/2024/tt-nhnn,60/2024/tt-nhnn_2,ARTICLE,CONTAIN,
60/2024/tt-nhnn,60/2024/tt-nhnn_3,ARTICLE,CONTAIN,
60/2024/tt-nhnn_3,60/2024/tt-nhnn_8,ARTICLE,GUIDE,
60/2024/tt-nhnn,60/2024/tt-nhnn_4,ARTICLE,CONTAIN,
60/2024/tt-nhnn,60/2024/tt-nhnn_5,ARTICLE,CONTAIN,
60/2024/tt-nhnn_5,60/2024/tt-nhnn_4,ARTICLE,GUIDE,
60/2024/tt-nhnn,60/2024/tt-nhnn_6,ARTICLE,CONTAIN,
60/2024/tt-nhnn,60/2024/tt-nhnn_7,ARTICLE,CONTAIN,
60/2024/tt-nhnn,60/2024/tt-nhnn_8,ARTICLE,CONTAIN,
60/2024/tt-nhnn,60/2024/tt-nhnn_9,ARTICLE,CONTAIN,
60/2024/tt-nhnn,60/2024/tt-nhnn_10,ARTICLE,CONTAIN,
60/2024/tt-nhnn,60/2024/tt-nhnn_11,ARTICLE,CONTAIN,
60/2024/tt-nhnn,60/2024/tt-nhnn_12,ARTICLE,CONTAIN,
60/2024/tt-nhnn,60/2024/tt-nhnn_13,ARTICLE,CONTAIN,
60/2024/tt-nhnn,60/2024/tt-nhnn_14,ARTICLE,CONTAIN,
60/2024/tt-nhnn,60/2024/tt-nhnn_15,ARTICLE,CONTAIN,
58/2024/tt-nhnn,58/2024/tt-nhnn_1,ARTICLE,CONTAIN,
58/2024/tt-nhnn,58/2024/tt-nhnn_2,ARTICLE,CONTAIN,
58/2024/tt-nhnn,58/2024/tt-nhnn_3,ARTICLE,CONTAIN,
58/2024/tt-nhnn,58/2024/tt-nhnn_4,ARTICLE,CONTAIN,
58/2024/tt-nhnn_4,58/2024/tt-nhnn_5,ARTICLE,GUIDE,
58/2024/tt-nhnn_4,58/2024/tt-nhnn_6,ARTICLE,GUIDE,
58/2024/tt-nhnn,58/2024/tt-nhnn_5,ARTICLE,CONTAIN,
58/2024/tt-nhnn_5,58/2024/tt-nhnn_7,ARTICLE,GUIDE,
58/2024/tt-nhnn,58/2024/tt-nhnn_6,ARTICLE,CONTAIN,
58/2024/tt-nhnn_6,58/2024/tt-nhnn_10,ARTICLE,GUIDE,
58/2024/tt-nhnn,58/2024/tt-nhnn_7,ARTICLE,CONTAIN,
58/2024/tt-nhnn,58/2024/tt-nhnn_8,ARTICLE,CONTAIN,
58/2024/tt-nhnn,58/2024/tt-nhnn_9,ARTICLE,CONTAIN,
58/2024/tt-nhnn_9,58/2024/tt-nhnn_5,ARTICLE,GUIDE,
58/2024/tt-nhnn,58/2024/tt-nhnn_10,ARTICLE,CONTAIN,
58/2024/tt-nhnn_10,87/2023/NĐ-CP_5,ARTICLE,GUIDE,
58/2024/tt-nhnn_10,58/2024/tt-nhnn_6,ARTICLE,GUIDE,
58/2024/tt-nhnn,58/2024/tt-nhnn_11,ARTICLE,CONTAIN,
58/2024/tt-nhnn_11,58/2024/tt-nhnn_12,ARTICLE,GUIDE,
58/2024/tt-nhnn_11,58/2024/tt-nhnn_9,ARTICLE,GUIDE,
58/2024/tt-nhnn,58/2024/tt-nhnn_12,ARTICLE,CONTAIN,
58/2024/tt-nhnn_12,58/2024/tt-nhnn_11,ARTICLE,GUIDE,
58/2024/tt-nhnn,58/2024/tt-nhnn_13,ARTICLE,CONTAIN,
58/2024/tt-nhnn,58/2024/tt-nhnn_14,ARTICLE,CONTAIN,
58/2024/tt-nhnn,58/2024/tt-nhnn_15,ARTICLE,CONTAIN,
58/2024/tt-nhnn,58/2024/tt-nhnn_16,ARTICLE,CONTAIN,
58/2024/tt-nhnn,58/2024/tt-nhnn_17,ARTICLE,CONTAIN,
61/2024/tt-nhnn,61/2024/tt-nhnn_1,ARTICLE,CONTAIN,
61/2024/tt-nhnn,61/2024/tt-nhnn_2,ARTICLE,CONTAIN,
61/2024/tt-nhnn,61/2024/tt-nhnn_3,ARTICLE,CONTAIN,
61/2024/tt-nhnn,61/2024/tt-nhnn_4,ARTICLE,CONTAIN,
61/2024/tt-nhnn,61/2024/tt-nhnn_5,ARTICLE,CONTAIN,
61/2024/tt-nhnn,61/2024/tt-nhnn_6,ARTICLE,CONTAIN,
61/2024/tt-nhnn_6,61/2024/tt-nhnn_13,ARTICLE,GUIDE,
61/2024/tt-nhnn,61/2024/tt-nhnn_7,ARTICLE,CONTAIN,
61/2024/tt-nhnn,61/2024/tt-nhnn_8,ARTICLE,CONTAIN,
61/2024/tt-nhnn_8,32/2024/qh15_3,ARTICLE,GUIDE,
61/2024/tt-nhnn,61/2024/tt-nhnn_9,ARTICLE,CONTAIN,
61/2024/tt-nhnn,61/2024/tt-nhnn_10,ARTICLE,CONTAIN,
61/2024/tt-nhnn,61/2024/tt-nhnn_11,ARTICLE,CONTAIN,
61/2024/tt-nhnn,61/2024/tt-nhnn_12,ARTICLE,CONTAIN,
61/2024/tt-nhnn,61/2024/tt-nhnn_13,ARTICLE,CONTAIN,
61/2024/tt-nhnn_13,61/2024/tt-nhnn_11,ARTICLE,GUIDE,
61/2024/tt-nhnn_13,61/2024/tt-nhnn_3,ARTICLE,GUIDE,
61/2024/tt-nhnn_13,61/2024/tt-nhnn_15,ARTICLE,GUIDE,
61/2024/tt-nhnn_13,61/2024/tt-nhnn_23,ARTICLE,GUIDE,
61/2024/tt-nhnn_13,61/2024/tt-nhnn_16,ARTICLE,GUIDE,
61/2024/tt-nhnn_13,04/2014/qh13_26,ARTICLE,GUIDE,
61/2024/tt-nhnn_13,04/2014/qh13_25,ARTICLE,GUIDE,
61/2024/tt-nhnn_13,04/2014/qh13_20,ARTICLE,GUIDE,
61/2024/tt-nhnn,61/2024/tt-nhnn_14,ARTICLE,CONTAIN,
61/2024/tt-nhnn,61/2024/tt-nhnn_15,ARTICLE,CONTAIN,
61/2024/tt-nhnn,61/2024/tt-nhnn_16,ARTICLE,CONTAIN,
61/2024/tt-nhnn,61/2024/tt-nhnn_17,ARTICLE,CONTAIN,
61/2024/tt-nhnn,61/2024/tt-nhnn_18,ARTICLE,CONTAIN,
61/2024/tt-nhnn,61/2024/tt-nhnn_19,ARTICLE,CONTAIN,
61/2024/tt-nhnn,61/2024/tt-nhnn_20,ARTICLE,CONTAIN,
61/2024/tt-nhnn_20,61/2024/tt-nhnn_23,ARTICLE,GUIDE,
61/2024/tt-nhnn_20,61/2024/tt-nhnn_13,ARTICLE,GUIDE,
61/2024/tt-nhnn,61/2024/tt-nhnn_21,ARTICLE,CONTAIN,
61/2024/tt-nhnn,61/2024/tt-nhnn_22,ARTICLE,CONTAIN,
61/2024/tt-nhnn_22,61/2024/tt-nhnn_16,ARTICLE,GUIDE,
61/2024/tt-nhnn,61/2024/tt-nhnn_23,ARTICLE,CONTAIN,
61/2024/tt-nhnn,61/2024/tt-nhnn_24,ARTICLE,CONTAIN,
61/2024/tt-nhnn,61/2024/tt-nhnn_25,ARTICLE,CONTAIN,
61/2024/tt-nhnn,61/2024/tt-nhnn_26,ARTICLE,CONTAIN,
61/2024/tt-nhnn,61/2024/tt-nhnn_27,ARTICLE,CONTAIN,
61/2024/tt-nhnn,61/2024/tt-nhnn_28,ARTICLE,CONTAIN,
61/2024/tt-nhnn,61/2024/tt-nhnn_29,ARTICLE,CONTAIN,
61/2024/tt-nhnn,61/2024/tt-nhnn_30,ARTICLE,CONTAIN,
61/2024/tt-nhnn_30,61/2024/tt-nhnn_22,ARTICLE,GUIDE,
61/2024/tt-nhnn,61/2024/tt-nhnn_31,ARTICLE,CONTAIN,
61/2024/tt-nhnn,61/2024/tt-nhnn_32,ARTICLE,CONTAIN,
61/2024/tt-nhnn,61/2024/tt-nhnn_33,ARTICLE,CONTAIN,
61/2024/tt-nhnn,61/2024/tt-nhnn_34,ARTICLE,CONTAIN,
61/2024/tt-nhnn,61/2024/tt-nhnn_35,ARTICLE,CONTAIN,
61/2024/tt-nhnn,61/2024/tt-nhnn_36,ARTICLE,CONTAIN,
62/2024/tt-nhnn,62/2024/tt-nhnn_1,ARTICLE,CONTAIN,
62/2024/tt-nhnn,62/2024/tt-nhnn_2,ARTICLE,CONTAIN,
62/2024/tt-nhnn,62/2024/tt-nhnn_3,ARTICLE,CONTAIN,
62/2024/tt-nhnn,62/2024/tt-nhnn_4,ARTICLE,CONTAIN,
62/2024/tt-nhnn,62/2024/tt-nhnn_5,ARTICLE,CONTAIN,
62/2024/tt-nhnn,62/2024/tt-nhnn_6,ARTICLE,CONTAIN,
62/2024/tt-nhnn,62/2024/tt-nhnn_7,ARTICLE,CONTAIN,
62/2024/tt-nhnn,62/2024/tt-nhnn_8,ARTICLE,CONTAIN,
62/2024/tt-nhnn,62/2024/tt-nhnn_9,ARTICLE,CONTAIN,
62/2024/tt-nhnn_9,62/2024/tt-nhnn_12,ARTICLE,GUIDE,
62/2024/tt-nhnn,62/2024/tt-nhnn_10,ARTICLE,CONTAIN,
62/2024/tt-nhnn_10,62/2024/tt-nhnn_9,ARTICLE,GUIDE,
62/2024/tt-nhnn_10,62/2024/tt-nhnn_12,ARTICLE,GUIDE,
62/2024/tt-nhnn_10,59/2020/qh14_201,ARTICLE,GUIDE,
62/2024/tt-nhnn,62/2024/tt-nhnn_11,ARTICLE,CONTAIN,
62/2024/tt-nhnn_11,62/2024/tt-nhnn_9,ARTICLE,GUIDE,
62/2024/tt-nhnn_11,62/2024/tt-nhnn_12,ARTICLE,GUIDE,
62/2024/tt-nhnn_11,32/2024/qh15_101,ARTICLE,GUIDE,
62/2024/tt-nhnn,62/2024/tt-nhnn_12,ARTICLE,CONTAIN,
62/2024/tt-nhnn_12,62/2024/tt-nhnn_9,ARTICLE,GUIDE,
62/2024/tt-nhnn,62/2024/tt-nhnn_13,ARTICLE,CONTAIN,
62/2024/tt-nhnn,62/2024/tt-nhnn_14,ARTICLE,CONTAIN,
62/2024/tt-nhnn_14,62/2024/tt-nhnn_11,ARTICLE,GUIDE,
62/2024/tt-nhnn_14,62/2024/tt-nhnn_7,ARTICLE,GUIDE,
62/2024/tt-nhnn,62/2024/tt-nhnn_15,ARTICLE,CONTAIN,
62/2024/tt-nhnn_15,32/2024/qh15_6,ARTICLE,GUIDE,
62/2024/tt-nhnn,62/2024/tt-nhnn_16,ARTICLE,CONTAIN,
62/2024/tt-nhnn_16,62/2024/tt-nhnn_18,ARTICLE,GUIDE,
62/2024/tt-nhnn,62/2024/tt-nhnn_17,ARTICLE,CONTAIN,
62/2024/tt-nhnn_17,62/2024/tt-nhnn_18,ARTICLE,GUIDE,
62/2024/tt-nhnn_17,32/2024/qh15_101,ARTICLE,GUIDE,
62/2024/tt-nhnn,62/2024/tt-nhnn_18,ARTICLE,CONTAIN,
62/2024/tt-nhnn,62/2024/tt-nhnn_19,ARTICLE,CONTAIN,
62/2024/tt-nhnn_19,62/2024/tt-nhnn_17,ARTICLE,GUIDE,
62/2024/tt-nhnn_19,62/2024/tt-nhnn_7,ARTICLE,GUIDE,
62/2024/tt-nhnn,62/2024/tt-nhnn_20,ARTICLE,CONTAIN,
62/2024/tt-nhnn,62/2024/tt-nhnn_21,ARTICLE,CONTAIN,
62/2024/tt-nhnn_21,62/2024/tt-nhnn_23,ARTICLE,GUIDE,
62/2024/tt-nhnn_21,32/2024/qh15_57,ARTICLE,GUIDE,
62/2024/tt-nhnn_21,32/2024/qh15_58,ARTICLE,GUIDE,
62/2024/tt-nhnn,62/2024/tt-nhnn_22,ARTICLE,CONTAIN,
62/2024/tt-nhnn_22,62/2024/tt-nhnn_23,ARTICLE,GUIDE,
62/2024/tt-nhnn_22,32/2024/qh15_101,ARTICLE,GUIDE,
62/2024/tt-nhnn,62/2024/tt-nhnn_23,ARTICLE,CONTAIN,
62/2024/tt-nhnn,62/2024/tt-nhnn_24,ARTICLE,CONTAIN,
62/2024/tt-nhnn_24,62/2024/tt-nhnn_22,ARTICLE,GUIDE,
62/2024/tt-nhnn_24,62/2024/tt-nhnn_7,ARTICLE,GUIDE,
62/2024/tt-nhnn,62/2024/tt-nhnn_25,ARTICLE,CONTAIN,
62/2024/tt-nhnn,62/2024/tt-nhnn_26,ARTICLE,CONTAIN,
62/2024/tt-nhnn_26,62/2024/tt-nhnn_13,ARTICLE,GUIDE,
62/2024/tt-nhnn_26,62/2024/tt-nhnn_14,ARTICLE,GUIDE,
62/2024/tt-nhnn_26,62/2024/tt-nhnn_19,ARTICLE,GUIDE,
62/2024/tt-nhnn_26,62/2024/tt-nhnn_24,ARTICLE,GUIDE,
62/2024/tt-nhnn_26,62/2024/tt-nhnn_25,ARTICLE,GUIDE,
62/2024/tt-nhnn,62/2024/tt-nhnn_27,ARTICLE,CONTAIN,
62/2024/tt-nhnn_27,62/2024/tt-nhnn_8,ARTICLE,GUIDE,
62/2024/tt-nhnn_27,62/2024/tt-nhnn_15,ARTICLE,GUIDE,
62/2024/tt-nhnn_27,62/2024/tt-nhnn_20,ARTICLE,GUIDE,
62/2024/tt-nhnn,62/2024/tt-nhnn_28,ARTICLE,CONTAIN,
62/2024/tt-nhnn_28,62/2024/tt-nhnn_13,ARTICLE,GUIDE,
62/2024/tt-nhnn_28,62/2024/tt-nhnn_14,ARTICLE,GUIDE,
62/2024/tt-nhnn_28,62/2024/tt-nhnn_19,ARTICLE,GUIDE,
62/2024/tt-nhnn_28,62/2024/tt-nhnn_24,ARTICLE,GUIDE,
62/2024/tt-nhnn,62/2024/tt-nhnn_29,ARTICLE,CONTAIN,
62/2024/tt-nhnn,62/2024/tt-nhnn_30,ARTICLE,CONTAIN,
63/2024/tt-nhnn,63/2024/tt-nhnn_1,ARTICLE,CONTAIN,
63/2024/tt-nhnn_1,32/2024/qh15_36,ARTICLE,GUIDE,
63/2024/tt-nhnn_1,32/2024/qh15_202,ARTICLE,GUIDE,
63/2024/tt-nhnn_1,32/2024/qh15_187,ARTICLE,GUIDE,
63/2024/tt-nhnn_1,32/2024/qh15_203,ARTICLE,GUIDE,
63/2024/tt-nhnn,63/2024/tt-nhnn_2,ARTICLE,CONTAIN,
63/2024/tt-nhnn,63/2024/tt-nhnn_3,ARTICLE,CONTAIN,
63/2024/tt-nhnn,63/2024/tt-nhnn_4,ARTICLE,CONTAIN,
63/2024/tt-nhnn,63/2024/tt-nhnn_5,ARTICLE,CONTAIN,
63/2024/tt-nhnn_5,32/2024/qh15_203,ARTICLE,GUIDE,
63/2024/tt-nhnn_5,32/2024/qh15_29,ARTICLE,GUIDE,
63/2024/tt-nhnn,63/2024/tt-nhnn_6,ARTICLE,CONTAIN,
63/2024/tt-nhnn,63/2024/tt-nhnn_7,ARTICLE,CONTAIN,
63/2024/tt-nhnn,63/2024/tt-nhnn_8,ARTICLE,CONTAIN,
63/2024/tt-nhnn_8,63/2024/tt-nhnn_1,ARTICLE,GUIDE,
63/2024/tt-nhnn_8,63/2024/tt-nhnn_4,ARTICLE,GUIDE,
63/2024/tt-nhnn_8,63/2024/tt-nhnn_17,ARTICLE,GUIDE,
63/2024/tt-nhnn,63/2024/tt-nhnn_9,ARTICLE,CONTAIN,
63/2024/tt-nhnn_9,63/2024/tt-nhnn_1,ARTICLE,GUIDE,
63/2024/tt-nhnn_9,63/2024/tt-nhnn_17,ARTICLE,GUIDE,
63/2024/tt-nhnn,63/2024/tt-nhnn_10,ARTICLE,CONTAIN,
63/2024/tt-nhnn_10,63/2024/tt-nhnn_1,ARTICLE,GUIDE,
63/2024/tt-nhnn_10,63/2024/tt-nhnn_9,ARTICLE,GUIDE,
63/2024/tt-nhnn,63/2024/tt-nhnn_11,ARTICLE,CONTAIN,
63/2024/tt-nhnn,63/2024/tt-nhnn_12,ARTICLE,CONTAIN,
63/2024/tt-nhnn_12,63/2024/tt-nhnn_4,ARTICLE,GUIDE,
63/2024/tt-nhnn_12,63/2024/tt-nhnn_8,ARTICLE,GUIDE,
63/2024/tt-nhnn_12,63/2024/tt-nhnn_9,ARTICLE,GUIDE,
63/2024/tt-nhnn_12,63/2024/tt-nhnn_10,ARTICLE,GUIDE,
63/2024/tt-nhnn_12,63/2024/tt-nhnn_11,ARTICLE,GUIDE,
63/2024/tt-nhnn,63/2024/tt-nhnn_13,ARTICLE,CONTAIN,
63/2024/tt-nhnn,63/2024/tt-nhnn_14,ARTICLE,CONTAIN,
63/2024/tt-nhnn_14,63/2024/tt-nhnn_8,ARTICLE,GUIDE,
63/2024/tt-nhnn_14,63/2024/tt-nhnn_9,ARTICLE,GUIDE,
63/2024/tt-nhnn_14,63/2024/tt-nhnn_10,ARTICLE,GUIDE,
63/2024/tt-nhnn_14,63/2024/tt-nhnn_11,ARTICLE,GUIDE,
63/2024/tt-nhnn_14,63/2024/tt-nhnn_15,ARTICLE,GUIDE,
63/2024/tt-nhnn,63/2024/tt-nhnn_15,ARTICLE,CONTAIN,
63/2024/tt-nhnn,63/2024/tt-nhnn_16,ARTICLE,CONTAIN,
63/2024/tt-nhnn_16,63/2024/tt-nhnn_8,ARTICLE,GUIDE,
63/2024/tt-nhnn_16,63/2024/tt-nhnn_9,ARTICLE,GUIDE,
63/2024/tt-nhnn_16,63/2024/tt-nhnn_10,ARTICLE,GUIDE,
63/2024/tt-nhnn_16,63/2024/tt-nhnn_11,ARTICLE,GUIDE,
63/2024/tt-nhnn_16,63/2024/tt-nhnn_4,ARTICLE,GUIDE,
63/2024/tt-nhnn_16,63/2024/tt-nhnn_17,ARTICLE,GUIDE,
63/2024/tt-nhnn,63/2024/tt-nhnn_17,ARTICLE,CONTAIN,
63/2024/tt-nhnn_17,63/2024/tt-nhnn_15,ARTICLE,GUIDE,
63/2024/tt-nhnn,63/2024/tt-nhnn_18,ARTICLE,CONTAIN,
63/2024/tt-nhnn_18,63/2024/tt-nhnn_19,ARTICLE,GUIDE,
63/2024/tt-nhnn,63/2024/tt-nhnn_19,ARTICLE,CONTAIN,
63/2024/tt-nhnn,63/2024/tt-nhnn_20,ARTICLE,CONTAIN,
63/2024/tt-nhnn,63/2024/tt-nhnn_21,ARTICLE,CONTAIN,
63/2024/tt-nhnn_21,63/2024/tt-nhnn_18,ARTICLE,GUIDE,
63/2024/tt-nhnn_21,63/2024/tt-nhnn_4,ARTICLE,GUIDE,
63/2024/tt-nhnn,63/2024/tt-nhnn_22,ARTICLE,CONTAIN,
63/2024/tt-nhnn_22,63/2024/tt-nhnn_1,ARTICLE,GUIDE,
63/2024/tt-nhnn,63/2024/tt-nhnn_23,ARTICLE,CONTAIN,
63/2024/tt-nhnn,63/2024/tt-nhnn_24,ARTICLE,CONTAIN,
63/2024/tt-nhnn,63/2024/tt-nhnn_25,ARTICLE,CONTAIN,
63/2024/tt-nhnn_25,63/2024/tt-nhnn_1,ARTICLE,GUIDE,
63/2024/tt-nhnn_25,63/2024/tt-nhnn_4,ARTICLE,GUIDE,
63/2024/tt-nhnn_25,63/2024/tt-nhnn_8,ARTICLE,GUIDE,
63/2024/tt-nhnn_25,63/2024/tt-nhnn_13,ARTICLE,GUIDE,
63/2024/tt-nhnn_25,63/2024/tt-nhnn_24,ARTICLE,GUIDE,
63/2024/tt-nhnn,63/2024/tt-nhnn_26,ARTICLE,CONTAIN,
63/2024/tt-nhnn_26,14/2019/TT-NHNN_1,ARTICLE,REPEAL,
63/2024/tt-nhnn_26,14/2019/TT-NHNN_2,ARTICLE,REPEAL,
63/2024/tt-nhnn,63/2024/tt-nhnn_27,ARTICLE,CONTAIN,
64/2024/tt-nhnn,64/2024/tt-nhnn_1,ARTICLE,CONTAIN,
64/2024/tt-nhnn,64/2024/tt-nhnn_2,ARTICLE,CONTAIN,
64/2024/tt-nhnn,64/2024/tt-nhnn_3,ARTICLE,CONTAIN,
64/2024/tt-nhnn,64/2024/tt-nhnn_4,ARTICLE,CONTAIN,
64/2024/tt-nhnn,64/2024/tt-nhnn_5,ARTICLE,CONTAIN,
64/2024/tt-nhnn_5,64/2024/tt-nhnn_6,ARTICLE,GUIDE,
64/2024/tt-nhnn,64/2024/tt-nhnn_6,ARTICLE,CONTAIN,
64/2024/tt-nhnn,64/2024/tt-nhnn_7,ARTICLE,CONTAIN,
64/2024/tt-nhnn,64/2024/tt-nhnn_8,ARTICLE,CONTAIN,
64/2024/tt-nhnn,64/2024/tt-nhnn_9,ARTICLE,CONTAIN,
64/2024/tt-nhnn,64/2024/tt-nhnn_10,ARTICLE,CONTAIN,
64/2024/tt-nhnn,64/2024/tt-nhnn_11,ARTICLE,CONTAIN,
64/2024/tt-nhnn,64/2024/tt-nhnn_12,ARTICLE,CONTAIN,
64/2024/tt-nhnn,64/2024/tt-nhnn_13,ARTICLE,CONTAIN,
64/2024/tt-nhnn,64/2024/tt-nhnn_14,ARTICLE,CONTAIN,
64/2024/tt-nhnn,64/2024/tt-nhnn_15,ARTICLE,CONTAIN,
64/2024/tt-nhnn,64/2024/tt-nhnn_16,ARTICLE,CONTAIN,
26/2025/nđ-cp,26/2025/nđ-cp_1,ARTICLE,CONTAIN,
26/2025/nđ-cp,26/2025/nđ-cp_2,ARTICLE,CONTAIN,
26/2025/nđ-cp,26/2025/nđ-cp_3,ARTICLE,CONTAIN,
26/2025/nđ-cp,26/2025/nđ-cp_4,ARTICLE,CONTAIN,
26/2025/nđ-cp,26/2025/nđ-cp_5,ARTICLE,CONTAIN,
69/2025/nđ-cp,69/2025/nđ-cp_1,ARTICLE,CONTAIN,
69/2025/nđ-cp_1,01/2014/NĐ-CP_1,ARTICLE,AMEND,
69/2025/nđ-cp_1,01/2014/NĐ-CP_3,ARTICLE,AMEND,
69/2025/nđ-cp_1,01/2014/NĐ-CP_6,ARTICLE,AMEND,
69/2025/nđ-cp_1,01/2014/NĐ-CP_7,ARTICLE,AMEND,
69/2025/nđ-cp_1,01/2014/NĐ-CP_11,ARTICLE,AMEND,
69/2025/nđ-cp_1,01/2014/NĐ-CP_14,ARTICLE,AMEND,
69/2025/nđ-cp_1,01/2014/NĐ-CP_15,ARTICLE,AMEND,
69/2025/nđ-cp_1,01/2014/NĐ-CP_16,ARTICLE,AMEND,
69/2025/nđ-cp_1,01/2014/NĐ-CP_8,ARTICLE,REPLACE,
69/2025/nđ-cp_1,01/2014/NĐ-CP_12,ARTICLE,REPLACE,
69/2025/nđ-cp_1,01/2014/NĐ-CP_15,ARTICLE,REPLACE,
69/2025/nđ-cp,69/2025/nđ-cp_2,ARTICLE,CONTAIN,
01/2025/tt-nhnn,01/2025/tt-nhnn_1,ARTICLE,CONTAIN,
01/2025/tt-nhnn,01/2025/tt-nhnn_2,ARTICLE,CONTAIN,
01/2025/tt-nhnn,01/2025/tt-nhnn_3,ARTICLE,CONTAIN,
01/2025/tt-nhnn,01/2025/tt-nhnn_4,ARTICLE,CONTAIN,
01/2025/tt-nhnn,01/2025/tt-nhnn_5,ARTICLE,CONTAIN,
01/2025/tt-nhnn,01/2025/tt-nhnn_6,ARTICLE,CONTAIN,
01/2025/tt-nhnn,01/2025/tt-nhnn_7,ARTICLE,CONTAIN,
01/2025/tt-nhnn,01/2025/tt-nhnn_8,ARTICLE,CONTAIN,
01/2025/tt-nhnn_8,32/2024/qh15_101,ARTICLE,GUIDE,
01/2025/tt-nhnn,01/2025/tt-nhnn_9,ARTICLE,CONTAIN,
01/2025/tt-nhnn_9,01/2025/tt-nhnn_8,ARTICLE,GUIDE,
01/2025/tt-nhnn_9,01/2025/tt-nhnn_3,ARTICLE,GUIDE,
01/2025/tt-nhnn,01/2025/tt-nhnn_10,ARTICLE,CONTAIN,
01/2025/tt-nhnn_10,01/2025/tt-nhnn_8,ARTICLE,GUIDE,
01/2025/tt-nhnn,01/2025/tt-nhnn_11,ARTICLE,CONTAIN,
01/2025/tt-nhnn_11,01/2025/tt-nhnn_12,ARTICLE,GUIDE,
01/2025/tt-nhnn,01/2025/tt-nhnn_12,ARTICLE,CONTAIN,
01/2025/tt-nhnn,01/2025/tt-nhnn_13,ARTICLE,CONTAIN,
01/2025/tt-nhnn,01/2025/tt-nhnn_14,ARTICLE,CONTAIN,
01/2025/tt-nhnn_14,01/2025/tt-nhnn_9,ARTICLE,GUIDE,
01/2025/tt-nhnn,01/2025/tt-nhnn_15,ARTICLE,CONTAIN,
01/2025/tt-nhnn,01/2025/tt-nhnn_16,ARTICLE,CONTAIN,
01/2025/tt-nhnn,01/2025/tt-nhnn_17,ARTICLE,CONTAIN,
01/2025/tt-nhnn,01/2025/tt-nhnn_18,ARTICLE,CONTAIN,
01/2025/tt-nhnn_18,01/2025/tt-nhnn,ARTICLE,GUIDE,
01/2025/tt-nhnn,01/2025/tt-nhnn_19,ARTICLE,CONTAIN,
01/2025/tt-nhnn,01/2025/tt-nhnn_20,ARTICLE,CONTAIN,
01/2025/tt-nhnn,01/2025/tt-nhnn_21,ARTICLE,CONTAIN,
02/2025/tt-nhnn,02/2025/tt-nhnn_1,ARTICLE,CONTAIN,
02/2025/tt-nhnn,02/2025/tt-nhnn_2,ARTICLE,CONTAIN,
02/2025/tt-nhnn,02/2025/tt-nhnn_3,ARTICLE,CONTAIN,
02/2025/tt-nhnn,02/2025/tt-nhnn_4,ARTICLE,CONTAIN,
02/2025/tt-nhnn,02/2025/tt-nhnn_5,ARTICLE,CONTAIN,
02/2025/tt-nhnn,02/2025/tt-nhnn_6,ARTICLE,CONTAIN,
02/2025/tt-nhnn,02/2025/tt-nhnn_7,ARTICLE,CONTAIN,
02/2025/tt-nhnn,02/2025/tt-nhnn_8,ARTICLE,CONTAIN,
02/2025/tt-nhnn,02/2025/tt-nhnn_9,ARTICLE,CONTAIN,
02/2025/tt-nhnn,02/2025/tt-nhnn_10,ARTICLE,CONTAIN,
02/2025/tt-nhnn,02/2025/tt-nhnn_11,ARTICLE,CONTAIN,
02/2025/tt-nhnn,02/2025/tt-nhnn_12,ARTICLE,CONTAIN,
02/2025/tt-nhnn,02/2025/tt-nhnn_13,ARTICLE,CONTAIN,
02/2025/tt-nhnn,02/2025/tt-nhnn_14,ARTICLE,CONTAIN,
02/2025/tt-nhnn,02/2025/tt-nhnn_15,ARTICLE,CONTAIN,
02/2025/tt-nhnn,02/2025/tt-nhnn_16,ARTICLE,CONTAIN,
02/2025/tt-nhnn_16,02/2025/tt-nhnn_10,ARTICLE,GUIDE,
02/2025/tt-nhnn,02/2025/tt-nhnn_17,ARTICLE,CONTAIN,
02/2025/tt-nhnn,02/2025/tt-nhnn_18,ARTICLE,CONTAIN,
02/2025/tt-nhnn_18,12/2021/tt-nhnn_6,ARTICLE,REPEAL,
02/2025/tt-nhnn,02/2025/tt-nhnn_19,ARTICLE,CONTAIN,
94/2025/nđ-cp,94/2025/nđ-cp_1,ARTICLE,CONTAIN,
94/2025/nđ-cp,94/2025/nđ-cp_2,ARTICLE,CONTAIN,
94/2025/nđ-cp,94/2025/nđ-cp_3,ARTICLE,CONTAIN,
94/2025/nđ-cp,94/2025/nđ-cp_4,ARTICLE,CONTAIN,
94/2025/nđ-cp,94/2025/nđ-cp_5,ARTICLE,CONTAIN,
94/2025/nđ-cp,94/2025/nđ-cp_6,ARTICLE,CONTAIN,
94/2025/nđ-cp_6,94/2025/nđ-cp_20,ARTICLE,GUIDE,
94/2025/nđ-cp,94/2025/nđ-cp_7,ARTICLE,CONTAIN,
94/2025/nđ-cp,94/2025/nđ-cp_8,ARTICLE,CONTAIN,
94/2025/nđ-cp,94/2025/nđ-cp_9,ARTICLE,CONTAIN,
94/2025/nđ-cp_9,94/2025/nđ-cp_8,ARTICLE,GUIDE,
94/2025/nđ-cp,94/2025/nđ-cp_10,ARTICLE,CONTAIN,
94/2025/nđ-cp_10,94/2025/nđ-cp_9,ARTICLE,GUIDE,
94/2025/nđ-cp_10,94/2025/nđ-cp_8,ARTICLE,GUIDE,
94/2025/nđ-cp,94/2025/nđ-cp_11,ARTICLE,CONTAIN,
94/2025/nđ-cp_11,94/2025/nđ-cp_8,ARTICLE,GUIDE,
94/2025/nđ-cp,94/2025/nđ-cp_12,ARTICLE,CONTAIN,
94/2025/nđ-cp,94/2025/nđ-cp_13,ARTICLE,CONTAIN,
94/2025/nđ-cp_13,94/2025/nđ-cp_12,ARTICLE,GUIDE,
94/2025/nđ-cp_13,94/2025/nđ-cp_8,ARTICLE,GUIDE,
94/2025/nđ-cp_13,94/2025/nđ-cp_11,ARTICLE,GUIDE,
94/2025/nđ-cp,94/2025/nđ-cp_14,ARTICLE,CONTAIN,
94/2025/nđ-cp_14,94/2025/nđ-cp_15,ARTICLE,GUIDE,
94/2025/nđ-cp,94/2025/nđ-cp_15,ARTICLE,CONTAIN,
94/2025/nđ-cp_15,94/2025/nđ-cp_1,ARTICLE,GUIDE,
94/2025/nđ-cp_15,94/2025/nđ-cp_8,ARTICLE,GUIDE,
94/2025/nđ-cp_15,94/2025/nđ-cp_11,ARTICLE,GUIDE,
94/2025/nđ-cp,94/2025/nđ-cp_16,ARTICLE,CONTAIN,
94/2025/nđ-cp,94/2025/nđ-cp_17,ARTICLE,CONTAIN,
94/2025/nđ-cp,94/2025/nđ-cp_18,ARTICLE,CONTAIN,
94/2025/nđ-cp,94/2025/nđ-cp_19,ARTICLE,CONTAIN,
94/2025/nđ-cp_19,94/2025/nđ-cp_20,ARTICLE,GUIDE,
94/2025/nđ-cp_19,94/2025/nđ-cp_21,ARTICLE,GUIDE,
94/2025/nđ-cp_19,94/2025/nđ-cp_8,ARTICLE,GUIDE,
94/2025/nđ-cp_19,94/2025/nđ-cp_11,ARTICLE,GUIDE,
94/2025/nđ-cp,94/2025/nđ-cp_20,ARTICLE,CONTAIN,
94/2025/nđ-cp,94/2025/nđ-cp_21,ARTICLE,CONTAIN,
94/2025/nđ-cp,94/2025/nđ-cp_22,ARTICLE,CONTAIN,
94/2025/nđ-cp_22,94/2025/nđ-cp_24,ARTICLE,GUIDE,
94/2025/nđ-cp,94/2025/nđ-cp_23,ARTICLE,CONTAIN,
94/2025/nđ-cp_23,94/2025/nđ-cp_24,ARTICLE,GUIDE,
94/2025/nđ-cp,94/2025/nđ-cp_24,ARTICLE,CONTAIN,
94/2025/nđ-cp_24,94/2025/nđ-cp_10,ARTICLE,GUIDE,
94/2025/nđ-cp_24,94/2025/nđ-cp_13,ARTICLE,GUIDE,
94/2025/nđ-cp,94/2025/nđ-cp_25,ARTICLE,CONTAIN,
94/2025/nđ-cp,94/2025/nđ-cp_26,ARTICLE,CONTAIN,
03/2025/tt-nhnn,03/2025/tt-nhnn_1,ARTICLE,CONTAIN,
03/2025/tt-nhnn,03/2025/tt-nhnn_2,ARTICLE,CONTAIN,
03/2025/tt-nhnn,03/2025/tt-nhnn_3,ARTICLE,CONTAIN,
03/2025/tt-nhnn_3,03/2025/tt-nhnn_7,ARTICLE,GUIDE,
03/2025/tt-nhnn_3,03/2025/tt-nhnn_8,ARTICLE,GUIDE,
03/2025/tt-nhnn,03/2025/tt-nhnn_4,ARTICLE,CONTAIN,
03/2025/tt-nhnn,03/2025/tt-nhnn_5,ARTICLE,CONTAIN,
03/2025/tt-nhnn,03/2025/tt-nhnn_6,ARTICLE,CONTAIN,
03/2025/tt-nhnn_6,03/2025/tt-nhnn_4,ARTICLE,GUIDE,
03/2025/tt-nhnn_6,03/2025/tt-nhnn_5,ARTICLE,GUIDE,
03/2025/tt-nhnn,03/2025/tt-nhnn_7,ARTICLE,CONTAIN,
03/2025/tt-nhnn_7,03/2025/tt-nhnn_5,ARTICLE,GUIDE,
03/2025/tt-nhnn_7,03/2025/tt-nhnn_6,ARTICLE,GUIDE,
03/2025/tt-nhnn,03/2025/tt-nhnn_8,ARTICLE,CONTAIN,
03/2025/tt-nhnn,03/2025/tt-nhnn_9,ARTICLE,CONTAIN,
03/2025/tt-nhnn,03/2025/tt-nhnn_10,ARTICLE,CONTAIN,
03/2025/tt-nhnn,03/2025/tt-nhnn_11,ARTICLE,CONTAIN,
03/2025/tt-nhnn_11,06/2019/tt-nhnn_3,ARTICLE,REPLACE,
03/2025/tt-nhnn_11,06/2019/tt-nhnn_5,ARTICLE,REPLACE,
03/2025/tt-nhnn_11,03/2025/tt-nhnn_5,ARTICLE,GUIDE,
03/2025/tt-nhnn,03/2025/tt-nhnn_12,ARTICLE,CONTAIN,
06/2025/qđ-ttg,06/2025/qđ-ttg_1,ARTICLE,CONTAIN,
06/2025/qđ-ttg,06/2025/qđ-ttg_2,ARTICLE,CONTAIN,
06/2025/qđ-ttg,06/2025/qđ-ttg_3,ARTICLE,CONTAIN,
06/2025/qđ-ttg,06/2025/qđ-ttg_4,ARTICLE,CONTAIN,
06/2025/qđ-ttg,06/2025/qđ-ttg_5,ARTICLE,CONTAIN,
06/2025/tt-nhnn,06/2025/tt-nhnn_1,ARTICLE,CONTAIN,
06/2025/tt-nhnn_1,07/2024/TT-NHNN_7,ARTICLE,AMEND,
06/2025/tt-nhnn,06/2025/tt-nhnn_2,ARTICLE,CONTAIN,
06/2025/tt-nhnn,06/2025/tt-nhnn_3,ARTICLE,CONTAIN,
07/2025/tt-nhnn,07/2025/tt-nhnn_1,ARTICLE,CONTAIN,
07/2025/tt-nhnn_1,39/2024/tt-nhnn_1,ARTICLE,AMEND,
07/2025/tt-nhnn_1,39/2024/tt-nhnn_7,ARTICLE,AMEND,
07/2025/tt-nhnn_1,39/2024/tt-nhnn_10,ARTICLE,AMEND,
07/2025/tt-nhnn_1,32/2024/qh15_179,ARTICLE,GUIDE,
07/2025/tt-nhnn_1,32/2024/qh15_180,ARTICLE,GUIDE,
07/2025/tt-nhnn_1,32/2024/qh15_183,ARTICLE,GUIDE,
07/2025/tt-nhnn,07/2025/tt-nhnn_2,ARTICLE,CONTAIN,
07/2025/tt-nhnn_2,39/2024/tt-nhnn_6,ARTICLE,REPEAL,
07/2025/tt-nhnn_2,39/2024/tt-nhnn_22,ARTICLE,REPEAL,
07/2025/tt-nhnn_2,39/2024/tt-nhnn_3,ARTICLE,REPLACE,
07/2025/tt-nhnn_2,39/2024/tt-nhnn_4,ARTICLE,REPLACE,
07/2025/tt-nhnn_2,39/2024/tt-nhnn_8,ARTICLE,REPLACE,
07/2025/tt-nhnn_2,39/2024/tt-nhnn_9,ARTICLE,REPLACE,
07/2025/tt-nhnn_2,39/2024/tt-nhnn_11,ARTICLE,REPLACE,
07/2025/tt-nhnn_2,39/2024/tt-nhnn_12,ARTICLE,REPLACE,
07/2025/tt-nhnn_2,39/2024/tt-nhnn_14,ARTICLE,REPLACE,
07/2025/tt-nhnn_2,39/2024/tt-nhnn_16,ARTICLE,REPLACE,
07/2025/tt-nhnn_2,39/2024/tt-nhnn_17,ARTICLE,REPLACE,
07/2025/tt-nhnn_2,39/2024/tt-nhnn_18,ARTICLE,REPLACE,
07/2025/tt-nhnn,07/2025/tt-nhnn_3,ARTICLE,CONTAIN,
07/2025/tt-nhnn,07/2025/tt-nhnn_4,ARTICLE,CONTAIN,
08/2025/tt-nhnn,08/2025/tt-nhnn_1,ARTICLE,CONTAIN,
08/2025/tt-nhnn_1,43/2015/tt-nhnn_1,ARTICLE,AMEND,
08/2025/tt-nhnn_1,43/2015/tt-nhnn_3,ARTICLE,AMEND,
08/2025/tt-nhnn_1,43/2015/tt-nhnn_4,ARTICLE,AMEND,
08/2025/tt-nhnn_1,43/2015/tt-nhnn_6,ARTICLE,AMEND,
08/2025/tt-nhnn_1,43/2015/tt-nhnn_8,ARTICLE,AMEND,
08/2025/tt-nhnn_1,43/2015/tt-nhnn_2,ARTICLE,REPLACE,
08/2025/tt-nhnn_1,43/2015/tt-nhnn_3,ARTICLE,REPLACE,
08/2025/tt-nhnn_1,43/2015/tt-nhnn_5,ARTICLE,REPLACE,
08/2025/tt-nhnn_1,43/2015/tt-nhnn_6,ARTICLE,REPLACE,
08/2025/tt-nhnn_1,43/2015/tt-nhnn_7,ARTICLE,REPLACE,
08/2025/tt-nhnn_1,43/2015/tt-nhnn_8,ARTICLE,REPLACE,
08/2025/tt-nhnn_1,43/2015/tt-nhnn_10,ARTICLE,REPLACE,
08/2025/tt-nhnn_1,43/2015/tt-nhnn_11,ARTICLE,REPLACE,
08/2025/tt-nhnn_1,43/2015/tt-nhnn_12,ARTICLE,REPLACE,
08/2025/tt-nhnn_1,43/2015/tt-nhnn_13,ARTICLE,REPLACE,
08/2025/tt-nhnn_1,43/2015/tt-nhnn_14,ARTICLE,REPLACE,
08/2025/tt-nhnn_1,43/2015/tt-nhnn_15,ARTICLE,REPLACE,
08/2025/tt-nhnn_1,43/2015/tt-nhnn_16,ARTICLE,REPLACE,
08/2025/tt-nhnn_1,43/2015/tt-nhnn_17,ARTICLE,REPLACE,
08/2025/tt-nhnn_1,43/2015/tt-nhnn_18,ARTICLE,REPLACE,
08/2025/tt-nhnn_1,43/2015/tt-nhnn_19,ARTICLE,REPLACE,
08/2025/tt-nhnn_1,43/2015/tt-nhnn_20,ARTICLE,REPLACE,
08/2025/tt-nhnn_1,43/2015/tt-nhnn_22,ARTICLE,REPLACE,
08/2025/tt-nhnn,08/2025/tt-nhnn_2,ARTICLE,CONTAIN,
08/2025/tt-nhnn_2,29/2024/tt-nhnn_32,ARTICLE,AMEND,
08/2025/tt-nhnn_2,29/2024/tt-nhnn_32,ARTICLE,REPEAL,
08/2025/tt-nhnn_2,29/2024/tt-nhnn_36,ARTICLE,REPEAL,
08/2025/tt-nhnn_2,29/2024/tt-nhnn_7,ARTICLE,REPLACE,
08/2025/tt-nhnn_2,29/2024/tt-nhnn_12,ARTICLE,REPLACE,
08/2025/tt-nhnn_2,29/2024/tt-nhnn_26,ARTICLE,REPLACE,
08/2025/tt-nhnn_2,29/2024/tt-nhnn_34,ARTICLE,REPLACE,
08/2025/tt-nhnn,08/2025/tt-nhnn_3,ARTICLE,CONTAIN,
08/2025/tt-nhnn_3,32/2024/tt-nhnn_1,ARTICLE,AMEND,
08/2025/tt-nhnn_3,32/2024/tt-nhnn_3,ARTICLE,AMEND,
08/2025/tt-nhnn_3,32/2024/tt-nhnn_5,ARTICLE,AMEND,
08/2025/tt-nhnn_3,32/2024/tt-nhnn_14,ARTICLE,AMEND,
08/2025/tt-nhnn_3,32/2024/tt-nhnn_37,ARTICLE,AMEND,
08/2025/tt-nhnn_3,32/2024/tt-nhnn_4,ARTICLE,REPLACE,
08/2025/tt-nhnn_3,32/2024/tt-nhnn_30,ARTICLE,REPLACE,
08/2025/tt-nhnn_3,32/2024/tt-nhnn_37,ARTICLE,REPLACE,
08/2025/tt-nhnn_3,32/2024/tt-nhnn_5,ARTICLE,REPLACE,
08/2025/tt-nhnn_3,32/2024/tt-nhnn_23,ARTICLE,REPLACE,
08/2025/tt-nhnn_3,32/2024/tt-nhnn_36,ARTICLE,REPLACE,
08/2025/tt-nhnn_3,32/2024/tt-nhnn_19,ARTICLE,REPLACE,
08/2025/tt-nhnn_3,32/2024/tt-nhnn_22,ARTICLE,REPLACE,
08/2025/tt-nhnn_3,32/2024/tt-nhnn_29,ARTICLE,REPLACE,
08/2025/tt-nhnn_3,32/2024/tt-nhnn_41,ARTICLE,REPLACE,
08/2025/tt-nhnn_3,32/2024/tt-nhnn_30,ARTICLE,GUIDE,
08/2025/tt-nhnn,08/2025/tt-nhnn_4,ARTICLE,CONTAIN,
08/2025/tt-nhnn,08/2025/tt-nhnn_5,ARTICLE,CONTAIN,
08/2025/tt-nhnn_5,27/2022/tt-nhnn_1,ARTICLE,REPEAL,
08/2025/tt-nhnn_5,11/2023/tt-nhnn_1,ARTICLE,REPEAL,
08/2025/tt-nhnn_5,14/2024/tt-nhnn_14,ARTICLE,GUIDE,
05/2025/tt-nhnn,05/2025/tt-nhnn_1,ARTICLE,CONTAIN,
05/2025/tt-nhnn_1,01/2014/tt-nhnn_4,ARTICLE,AMEND,
05/2025/tt-nhnn_1,01/2014/tt-nhnn_11,ARTICLE,AMEND,
05/2025/tt-nhnn_1,01/2014/tt-nhnn_12,ARTICLE,AMEND,
05/2025/tt-nhnn_1,01/2014/tt-nhnn_20,ARTICLE,AMEND,
05/2025/tt-nhnn_1,01/2014/tt-nhnn_26,ARTICLE,AMEND,
05/2025/tt-nhnn_1,01/2014/tt-nhnn_31,ARTICLE,AMEND,
05/2025/tt-nhnn_1,01/2014/tt-nhnn_48,ARTICLE,AMEND,
05/2025/tt-nhnn_1,01/2014/tt-nhnn_63,ARTICLE,AMEND,
05/2025/tt-nhnn_1,01/2014/tt-nhnn_70,ARTICLE,AMEND,
05/2025/tt-nhnn_1,05/2025/tt-nhnn_62,ARTICLE,GUIDE,
05/2025/tt-nhnn,05/2025/tt-nhnn_2,ARTICLE,CONTAIN,
05/2025/tt-nhnn_2,01/2014/tt-nhnn_18,ARTICLE,REPEAL,
05/2025/tt-nhnn_2,01/2014/tt-nhnn_10,ARTICLE,REPLACE,
05/2025/tt-nhnn_2,01/2014/tt-nhnn_11,ARTICLE,REPLACE,
05/2025/tt-nhnn_2,01/2014/tt-nhnn_13,ARTICLE,REPLACE,
05/2025/tt-nhnn_2,01/2014/tt-nhnn_14,ARTICLE,REPLACE,
05/2025/tt-nhnn_2,01/2014/tt-nhnn_15,ARTICLE,REPLACE,
05/2025/tt-nhnn_2,01/2014/tt-nhnn_17,ARTICLE,REPLACE,
05/2025/tt-nhnn_2,01/2014/tt-nhnn_18,ARTICLE,REPLACE,
05/2025/tt-nhnn_2,01/2014/tt-nhnn_19,ARTICLE,REPLACE,
05/2025/tt-nhnn_2,01/2014/tt-nhnn_20,ARTICLE,REPLACE,
05/2025/tt-nhnn_2,01/2014/tt-nhnn_21,ARTICLE,REPLACE,
05/2025/tt-nhnn_2,01/2014/tt-nhnn_24,ARTICLE,REPLACE,
05/2025/tt-nhnn_2,01/2014/tt-nhnn_31,ARTICLE,REPLACE,
05/2025/tt-nhnn_2,01/2014/tt-nhnn_37,ARTICLE,REPLACE,
05/2025/tt-nhnn_2,01/2014/tt-nhnn_39,ARTICLE,REPLACE,
05/2025/tt-nhnn_2,01/2014/tt-nhnn_45,ARTICLE,REPLACE,
05/2025/tt-nhnn_2,01/2014/tt-nhnn_50,ARTICLE,REPLACE,
05/2025/tt-nhnn_2,01/2014/tt-nhnn_53,ARTICLE,REPLACE,
05/2025/tt-nhnn_2,01/2014/tt-nhnn_59,ARTICLE,REPLACE,
05/2025/tt-nhnn_2,01/2014/tt-nhnn_65,ARTICLE,REPLACE,
05/2025/tt-nhnn_2,01/2014/tt-nhnn_69,ARTICLE,REPLACE,
05/2025/tt-nhnn_2,01/2014/tt-nhnn_73,ARTICLE,REPLACE,
05/2025/tt-nhnn,05/2025/tt-nhnn_3,ARTICLE,CONTAIN,
05/2025/tt-nhnn,05/2025/tt-nhnn_4,ARTICLE,CONTAIN,
05/2025/tt-nhnn_4,19/2021/tt-nhnn_1,ARTICLE,REPEAL,
156/2025/nđ-cp,156/2025/nđ-cp_1,ARTICLE,CONTAIN,
156/2025/nđ-cp_1,55/2015/NĐ-CP_2,ARTICLE,AMEND,
156/2025/nđ-cp_1,55/2015/NĐ-CP_3,ARTICLE,AMEND,
156/2025/nđ-cp_1,55/2015/NĐ-CP_7,ARTICLE,AMEND,
156/2025/nđ-cp_1,55/2015/NĐ-CP_8,ARTICLE,AMEND,
156/2025/nđ-cp_1,55/2015/NĐ-CP_9,ARTICLE,AMEND,
156/2025/nđ-cp_1,55/2015/NĐ-CP_12,ARTICLE,AMEND,
156/2025/nđ-cp_1,55/2015/NĐ-CP_13,ARTICLE,AMEND,
156/2025/nđ-cp_1,55/2015/NĐ-CP_15,ARTICLE,AMEND,
156/2025/nđ-cp_1,55/2015/NĐ-CP_18,ARTICLE,AMEND,
156/2025/nđ-cp_1,55/2015/NĐ-CP_21,ARTICLE,AMEND,
156/2025/nđ-cp_1,55/2015/NĐ-CP_25,ARTICLE,AMEND,
156/2025/nđ-cp_1,116/2018/NĐ-CP_1,ARTICLE,GUIDE,
156/2025/nđ-cp_1,156/2025/nđ-cp_14,ARTICLE,GUIDE,
156/2025/nđ-cp_1,55/2015/NĐ-CP_9,ARTICLE,GUIDE,
156/2025/nđ-cp_1,55/2015/NĐ-CP_12,ARTICLE,GUIDE,
156/2025/nđ-cp_1,55/2015/NĐ-CP_14,ARTICLE,GUIDE,
156/2025/nđ-cp_1,55/2015/NĐ-CP_15,ARTICLE,GUIDE,
156/2025/nđ-cp,156/2025/nđ-cp_2,ARTICLE,CONTAIN,
156/2025/nđ-cp_2,55/2015/NĐ-CP_12,ARTICLE,AMEND,
156/2025/nđ-cp_2,55/2015/NĐ-CP_19,ARTICLE,AMEND,
156/2025/nđ-cp_2,55/2015/NĐ-CP_8,ARTICLE,REPEAL,
156/2025/nđ-cp_2,55/2015/NĐ-CP_20,ARTICLE,REPEAL,
156/2025/nđ-cp_2,55/2015/NĐ-CP_21,ARTICLE,REPEAL,
156/2025/nđ-cp_2,55/2015/NĐ-CP_22,ARTICLE,REPEAL,
156/2025/nđ-cp_2,55/2015/NĐ-CP_5,ARTICLE,REPLACE,
156/2025/nđ-cp_2,55/2015/NĐ-CP_12,ARTICLE,REPLACE,
156/2025/nđ-cp_2,55/2015/NĐ-CP_13,ARTICLE,REPLACE,
156/2025/nđ-cp_2,55/2015/NĐ-CP_14,ARTICLE,REPLACE,
156/2025/nđ-cp_2,55/2015/NĐ-CP_17,ARTICLE,REPLACE,
156/2025/nđ-cp_2,55/2015/NĐ-CP_18,ARTICLE,REPLACE,
156/2025/nđ-cp_2,55/2015/NĐ-CP_19,ARTICLE,REPLACE,
156/2025/nđ-cp_2,55/2015/NĐ-CP_21,ARTICLE,REPLACE,
156/2025/nđ-cp_2,55/2015/NĐ-CP_22,ARTICLE,REPLACE,
156/2025/nđ-cp,156/2025/nđ-cp_3,ARTICLE,CONTAIN,
156/2025/nđ-cp,156/2025/nđ-cp_4,ARTICLE,CONTAIN,
09/2025/tt-nhnn,09/2025/tt-nhnn_1,ARTICLE,CONTAIN,
09/2025/tt-nhnn_1,25/2023/tt-nhnn_3,ARTICLE,AMEND,
09/2025/tt-nhnn_1,25/2023/tt-nhnn_14,ARTICLE,AMEND,
09/2025/tt-nhnn_1,25/2023/tt-nhnn_20,ARTICLE,AMEND,
09/2025/tt-nhnn_1,25/2023/tt-nhnn_21,ARTICLE,AMEND,
09/2025/tt-nhnn_1,25/2023/tt-nhnn_30,ARTICLE,AMEND,
09/2025/tt-nhnn,09/2025/tt-nhnn_2,ARTICLE,CONTAIN,
09/2025/tt-nhnn_2,25/2023/tt-nhnn_6,ARTICLE,REPEAL,
09/2025/tt-nhnn_2,25/2023/tt-nhnn_14,ARTICLE,REPEAL,
09/2025/tt-nhnn_2,25/2023/tt-nhnn_14,ARTICLE,REPLACE,
09/2025/tt-nhnn_2,25/2023/tt-nhnn_16,ARTICLE,REPLACE,
09/2025/tt-nhnn_2,25/2023/tt-nhnn_27,ARTICLE,REPLACE,
09/2025/tt-nhnn_2,25/2023/tt-nhnn_29,ARTICLE,REPLACE,
09/2025/tt-nhnn_2,25/2023/tt-nhnn_30,ARTICLE,REPLACE,
09/2025/tt-nhnn_2,25/2023/tt-nhnn_20,ARTICLE,REPLACE,
09/2025/tt-nhnn,09/2025/tt-nhnn_3,ARTICLE,CONTAIN,
09/2025/tt-nhnn,09/2025/tt-nhnn_4,ARTICLE,CONTAIN,
10/2025/tt-nhnn,10/2025/tt-nhnn_1,ARTICLE,CONTAIN,
10/2025/tt-nhnn_1,32/2024/qh15_202,ARTICLE,GUIDE,
10/2025/tt-nhnn,10/2025/tt-nhnn_2,ARTICLE,CONTAIN,
10/2025/tt-nhnn,10/2025/tt-nhnn_3,ARTICLE,CONTAIN,
10/2025/tt-nhnn,10/2025/tt-nhnn_4,ARTICLE,CONTAIN,
10/2025/tt-nhnn,10/2025/tt-nhnn_5,ARTICLE,CONTAIN,
10/2025/tt-nhnn,10/2025/tt-nhnn_6,ARTICLE,CONTAIN,
10/2025/tt-nhnn,10/2025/tt-nhnn_7,ARTICLE,CONTAIN,
10/2025/tt-nhnn,10/2025/tt-nhnn_8,ARTICLE,CONTAIN,
10/2025/tt-nhnn_8,10/2025/tt-nhnn_12,ARTICLE,GUIDE,
10/2025/tt-nhnn,10/2025/tt-nhnn_9,ARTICLE,CONTAIN,
10/2025/tt-nhnn_9,10/2025/tt-nhnn_3,ARTICLE,GUIDE,
10/2025/tt-nhnn,10/2025/tt-nhnn_10,ARTICLE,CONTAIN,
10/2025/tt-nhnn,10/2025/tt-nhnn_11,ARTICLE,CONTAIN,
10/2025/tt-nhnn_11,10/2025/tt-nhnn_12,ARTICLE,GUIDE,
10/2025/tt-nhnn_11,10/2025/tt-nhnn_8,ARTICLE,GUIDE,
10/2025/tt-nhnn_11,10/2025/tt-nhnn_9,ARTICLE,GUIDE,
10/2025/tt-nhnn_11,32/2024/qh15_101,ARTICLE,GUIDE,
10/2025/tt-nhnn,10/2025/tt-nhnn_12,ARTICLE,CONTAIN,
10/2025/tt-nhnn_12,10/2025/tt-nhnn_7,ARTICLE,GUIDE,
10/2025/tt-nhnn_12,10/2025/tt-nhnn_3,ARTICLE,GUIDE,
10/2025/tt-nhnn,10/2025/tt-nhnn_13,ARTICLE,CONTAIN,
10/2025/tt-nhnn_13,10/2025/tt-nhnn_5,ARTICLE,GUIDE,
10/2025/tt-nhnn_13,10/2025/tt-nhnn_6,ARTICLE,GUIDE,
10/2025/tt-nhnn_13,10/2025/tt-nhnn_10,ARTICLE,GUIDE,
10/2025/tt-nhnn_13,10/2025/tt-nhnn_11,ARTICLE,GUIDE,
10/2025/tt-nhnn,10/2025/tt-nhnn_14,ARTICLE,CONTAIN,
10/2025/tt-nhnn_14,32/2024/qh15_175,ARTICLE,GUIDE,
10/2025/tt-nhnn_14,32/2024/qh15_167,ARTICLE,GUIDE,
10/2025/tt-nhnn_14,32/2024/qh15_177,ARTICLE,GUIDE,
10/2025/tt-nhnn_14,10/2025/tt-nhnn_11,ARTICLE,GUIDE,
10/2025/tt-nhnn_14,10/2025/tt-nhnn_5,ARTICLE,GUIDE,
10/2025/tt-nhnn_14,32/2024/qh15_101,ARTICLE,GUIDE,
10/2025/tt-nhnn_14,10/2025/tt-nhnn_6,ARTICLE,GUIDE,
10/2025/tt-nhnn,10/2025/tt-nhnn_15,ARTICLE,CONTAIN,
10/2025/tt-nhnn,10/2025/tt-nhnn_16,ARTICLE,CONTAIN,
10/2025/tt-nhnn_16,10/2025/tt-nhnn_28,ARTICLE,GUIDE,
10/2025/tt-nhnn_16,10/2025/tt-nhnn_20,ARTICLE,GUIDE,
10/2025/tt-nhnn_16,32/2024/qh15_203,ARTICLE,GUIDE,
10/2025/tt-nhnn,10/2025/tt-nhnn_17,ARTICLE,CONTAIN,
10/2025/tt-nhnn_17,10/2025/tt-nhnn_27,ARTICLE,GUIDE,
10/2025/tt-nhnn_17,10/2025/tt-nhnn_5,ARTICLE,GUIDE,
10/2025/tt-nhnn_17,10/2025/tt-nhnn_29,ARTICLE,GUIDE,
10/2025/tt-nhnn_17,10/2025/tt-nhnn_21,ARTICLE,GUIDE,
10/2025/tt-nhnn,10/2025/tt-nhnn_18,ARTICLE,CONTAIN,
10/2025/tt-nhnn_18,32/2024/qh15_164,ARTICLE,GUIDE,
10/2025/tt-nhnn_18,32/2024/qh15_187,ARTICLE,GUIDE,
10/2025/tt-nhnn_18,10/2025/tt-nhnn_27,ARTICLE,GUIDE,
10/2025/tt-nhnn_18,10/2025/tt-nhnn_25,ARTICLE,GUIDE,
10/2025/tt-nhnn_18,10/2025/tt-nhnn_29,ARTICLE,GUIDE,
10/2025/tt-nhnn_18,10/2025/tt-nhnn_17,ARTICLE,GUIDE,
10/2025/tt-nhnn,10/2025/tt-nhnn_19,ARTICLE,CONTAIN,
10/2025/tt-nhnn_19,10/2025/tt-nhnn_27,ARTICLE,GUIDE,
10/2025/tt-nhnn_19,10/2025/tt-nhnn_25,ARTICLE,GUIDE,
10/2025/tt-nhnn_19,10/2025/tt-nhnn_29,ARTICLE,GUIDE,
10/2025/tt-nhnn_19,10/2025/tt-nhnn_17,ARTICLE,GUIDE,
10/2025/tt-nhnn,10/2025/tt-nhnn_20,ARTICLE,CONTAIN,
10/2025/tt-nhnn_20,32/2024/qh15_36,ARTICLE,GUIDE,
10/2025/tt-nhnn_20,32/2024/qh15_202,ARTICLE,GUIDE,
10/2025/tt-nhnn_20,10/2025/tt-nhnn_17,ARTICLE,GUIDE,
10/2025/tt-nhnn,10/2025/tt-nhnn_21,ARTICLE,CONTAIN,
10/2025/tt-nhnn_21,10/2025/tt-nhnn_13,ARTICLE,GUIDE,
10/2025/tt-nhnn,10/2025/tt-nhnn_22,ARTICLE,CONTAIN,
10/2025/tt-nhnn_22,10/2025/tt-nhnn_10,ARTICLE,GUIDE,
10/2025/tt-nhnn_22,10/2025/tt-nhnn_17,ARTICLE,GUIDE,
10/2025/tt-nhnn_22,10/2025/tt-nhnn_18,ARTICLE,GUIDE,
10/2025/tt-nhnn_22,10/2025/tt-nhnn_19,ARTICLE,GUIDE,
10/2025/tt-nhnn_22,10/2025/tt-nhnn_20,ARTICLE,GUIDE,
10/2025/tt-nhnn,10/2025/tt-nhnn_23,ARTICLE,CONTAIN,
10/2025/tt-nhnn,10/2025/tt-nhnn_24,ARTICLE,CONTAIN,
10/2025/tt-nhnn_24,10/2025/tt-nhnn_28,ARTICLE,GUIDE,
10/2025/tt-nhnn_24,32/2024/qh15_204,ARTICLE,GUIDE,
10/2025/tt-nhnn,10/2025/tt-nhnn_25,ARTICLE,CONTAIN,
10/2025/tt-nhnn_25,10/2025/tt-nhnn_17,ARTICLE,GUIDE,
10/2025/tt-nhnn_25,10/2025/tt-nhnn_18,ARTICLE,GUIDE,
10/2025/tt-nhnn_25,10/2025/tt-nhnn_19,ARTICLE,GUIDE,
10/2025/tt-nhnn_25,10/2025/tt-nhnn_20,ARTICLE,GUIDE,
10/2025/tt-nhnn,10/2025/tt-nhnn_26,ARTICLE,CONTAIN,
10/2025/tt-nhnn_26,10/2025/tt-nhnn_24,ARTICLE,GUIDE,
10/2025/tt-nhnn,10/2025/tt-nhnn_27,ARTICLE,CONTAIN,
10/2025/tt-nhnn_27,10/2025/tt-nhnn_17,ARTICLE,GUIDE,
10/2025/tt-nhnn_27,10/2025/tt-nhnn_18,ARTICLE,GUIDE,
10/2025/tt-nhnn_27,10/2025/tt-nhnn_19,ARTICLE,GUIDE,
10/2025/tt-nhnn,10/2025/tt-nhnn_28,ARTICLE,CONTAIN,
10/2025/tt-nhnn,10/2025/tt-nhnn_29,ARTICLE,CONTAIN,
10/2025/tt-nhnn,10/2025/tt-nhnn_30,ARTICLE,CONTAIN,
10/2025/tt-nhnn_30,10/2025/tt-nhnn_24,ARTICLE,GUIDE,
10/2025/tt-nhnn,10/2025/tt-nhnn_31,ARTICLE,CONTAIN,
10/2025/tt-nhnn_31,10/2025/tt-nhnn_17,ARTICLE,GUIDE,
10/2025/tt-nhnn,10/2025/tt-nhnn_32,ARTICLE,CONTAIN,
10/2025/tt-nhnn,10/2025/tt-nhnn_33,ARTICLE,CONTAIN,
10/2025/tt-nhnn_33,32/2024/qh15_47,ARTICLE,GUIDE,
10/2025/tt-nhnn_33,32/2024/qh15_48,ARTICLE,GUIDE,
10/2025/tt-nhnn,10/2025/tt-nhnn_34,ARTICLE,CONTAIN,
10/2025/tt-nhnn_34,10/2025/tt-nhnn_18,ARTICLE,GUIDE,
10/2025/tt-nhnn_34,10/2025/tt-nhnn_33,ARTICLE,GUIDE,
10/2025/tt-nhnn,10/2025/tt-nhnn_35,ARTICLE,CONTAIN,
10/2025/tt-nhnn,10/2025/tt-nhnn_36,ARTICLE,CONTAIN,
10/2025/tt-nhnn_36,13/2019/tt-nhnn_3,ARTICLE,REPEAL,
10/2025/tt-nhnn_36,24/2023/tt-nhnn_6,ARTICLE,REPEAL,
10/2025/tt-nhnn,10/2025/tt-nhnn_37,ARTICLE,CONTAIN,
11/2025/tt-nhnn,11/2025/tt-nhnn_1,ARTICLE,CONTAIN,
11/2025/tt-nhnn_1,17/2015/tt-nhnn_4,ARTICLE,AMEND,
11/2025/tt-nhnn,11/2025/tt-nhnn_2,ARTICLE,CONTAIN,
11/2025/tt-nhnn_2,17/2015/tt-nhnn_9,ARTICLE,REPLACE,
11/2025/tt-nhnn_2,17/2015/tt-nhnn_10,ARTICLE,REPLACE,
11/2025/tt-nhnn_2,17/2015/tt-nhnn_11,ARTICLE,REPLACE,
11/2025/tt-nhnn_2,17/2015/tt-nhnn_12,ARTICLE,REPLACE,
11/2025/tt-nhnn_2,17/2015/tt-nhnn_15,ARTICLE,REPLACE,
11/2025/tt-nhnn,11/2025/tt-nhnn_3,ARTICLE,CONTAIN,
11/2025/tt-nhnn,11/2025/tt-nhnn_4,ARTICLE,CONTAIN,
12/2025/tt-nhnn,12/2025/tt-nhnn_1,ARTICLE,CONTAIN,
12/2025/tt-nhnn_1,56/2024/TT-NHNN_10,ARTICLE,AMEND,
12/2025/tt-nhnn_1,56/2024/TT-NHNN_7,ARTICLE,AMEND,
12/2025/tt-nhnn_1,56/2024/TT-NHNN_11,ARTICLE,AMEND,
12/2025/tt-nhnn_1,56/2024/TT-NHNN_12,ARTICLE,AMEND,
12/2025/tt-nhnn_1,56/2024/TT-NHNN_5,ARTICLE,REPLACE,
12/2025/tt-nhnn,12/2025/tt-nhnn_2,ARTICLE,CONTAIN,
12/2025/tt-nhnn_2,57/2024/tt-nhnn_10,ARTICLE,AMEND,
12/2025/tt-nhnn_2,57/2024/tt-nhnn_7,ARTICLE,AMEND,
12/2025/tt-nhnn_2,57/2024/tt-nhnn_11,ARTICLE,AMEND,
12/2025/tt-nhnn_2,57/2024/tt-nhnn_12,ARTICLE,AMEND,
12/2025/tt-nhnn_2,57/2024/tt-nhnn_13,ARTICLE,AMEND,
12/2025/tt-nhnn_2,57/2024/tt-nhnn_14,ARTICLE,REPLACE,
12/2025/tt-nhnn,12/2025/tt-nhnn_3,ARTICLE,CONTAIN,
12/2025/tt-nhnn,12/2025/tt-nhnn_4,ARTICLE,CONTAIN,
96/2025/qh15,96/2025/qh15_1,ARTICLE,CONTAIN,
96/2025/qh15_1,32/2024/qh15_193,ARTICLE,AMEND,
96/2025/qh15_1,32/2024/qh15_198,ARTICLE,AMEND,
96/2025/qh15_1,32/2024/qh15_169,ARTICLE,REPEAL,
96/2025/qh15_1,32/2024/qh15_172,ARTICLE,REPEAL,
96/2025/qh15_1,32/2024/qh15_179,ARTICLE,REPEAL,
96/2025/qh15_1,32/2024/qh15_183,ARTICLE,REPEAL,
96/2025/qh15_1,32/2024/qh15_193,ARTICLE,REPEAL,
96/2025/qh15_1,32/2024/qh15_180,ARTICLE,REPEAL,
96/2025/qh15,96/2025/qh15_2,ARTICLE,CONTAIN,
96/2025/qh15,96/2025/qh15_3,ARTICLE,CONTAIN,
96/2025/qh15_3,31/2005/qh11_90,ARTICLE,GUIDE,
14/2025/tt-nhnn,14/2025/tt-nhnn_1,ARTICLE,CONTAIN,
14/2025/tt-nhnn_1,32/2024/qh15_159,ARTICLE,GUIDE,
14/2025/tt-nhnn,14/2025/tt-nhnn_2,ARTICLE,CONTAIN,
14/2025/tt-nhnn_2,14/2025/tt-nhnn_8,ARTICLE,GUIDE,
14/2025/tt-nhnn_2,32/2024/qh15_4,ARTICLE,GUIDE,
14/2025/tt-nhnn,14/2025/tt-nhnn_3,ARTICLE,CONTAIN,
14/2025/tt-nhnn,14/2025/tt-nhnn_4,ARTICLE,CONTAIN,
14/2025/tt-nhnn,14/2025/tt-nhnn_5,ARTICLE,CONTAIN,
14/2025/tt-nhnn_5,14/2025/tt-nhnn_7,ARTICLE,GUIDE,
14/2025/tt-nhnn,14/2025/tt-nhnn_6,ARTICLE,CONTAIN,
14/2025/tt-nhnn,14/2025/tt-nhnn_7,ARTICLE,CONTAIN,
14/2025/tt-nhnn_7,14/2025/tt-nhnn_82,ARTICLE,REPEAL,
14/2025/tt-nhnn_7,14/2025/tt-nhnn_32,ARTICLE,GUIDE,
14/2025/tt-nhnn_7,14/2025/tt-nhnn_33,ARTICLE,GUIDE,
14/2025/tt-nhnn,14/2025/tt-nhnn_8,ARTICLE,CONTAIN,
14/2025/tt-nhnn_8,14/2025/tt-nhnn_2,ARTICLE,GUIDE,
14/2025/tt-nhnn_8,14/2025/tt-nhnn_9,ARTICLE,GUIDE,
14/2025/tt-nhnn_8,14/2025/tt-nhnn_10,ARTICLE,GUIDE,
14/2025/tt-nhnn_8,14/2025/tt-nhnn_25,ARTICLE,GUIDE,
14/2025/tt-nhnn_8,14/2025/tt-nhnn_26,ARTICLE,GUIDE,
14/2025/tt-nhnn_8,14/2025/tt-nhnn_27,ARTICLE,GUIDE,
14/2025/tt-nhnn_8,14/2025/tt-nhnn_28,ARTICLE,GUIDE,
14/2025/tt-nhnn_8,14/2025/tt-nhnn_29,ARTICLE,GUIDE,
14/2025/tt-nhnn,14/2025/tt-nhnn_9,ARTICLE,CONTAIN,
14/2025/tt-nhnn_9,14/2025/tt-nhnn_11,ARTICLE,GUIDE,
14/2025/tt-nhnn_9,14/2025/tt-nhnn_16,ARTICLE,GUIDE,
14/2025/tt-nhnn_9,14/2025/tt-nhnn_17,ARTICLE,GUIDE,
14/2025/tt-nhnn,14/2025/tt-nhnn_10,ARTICLE,CONTAIN,
14/2025/tt-nhnn,14/2025/tt-nhnn_11,ARTICLE,CONTAIN,
14/2025/tt-nhnn,14/2025/tt-nhnn_12,ARTICLE,CONTAIN,
14/2025/tt-nhnn_12,14/2025/tt-nhnn_16,ARTICLE,GUIDE,
14/2025/tt-nhnn_12,14/2025/tt-nhnn_11,ARTICLE,GUIDE,
14/2025/tt-nhnn,14/2025/tt-nhnn_13,ARTICLE,CONTAIN,
14/2025/tt-nhnn,14/2025/tt-nhnn_14,ARTICLE,CONTAIN,
14/2025/tt-nhnn,14/2025/tt-nhnn_15,ARTICLE,CONTAIN,
14/2025/tt-nhnn,14/2025/tt-nhnn_16,ARTICLE,CONTAIN,
14/2025/tt-nhnn_16,14/2025/tt-nhnn_12,ARTICLE,GUIDE,
14/2025/tt-nhnn_16,14/2025/tt-nhnn_13,ARTICLE,GUIDE,
14/2025/tt-nhnn_16,14/2025/tt-nhnn_14,ARTICLE,GUIDE,
14/2025/tt-nhnn,14/2025/tt-nhnn_17,ARTICLE,CONTAIN,
14/2025/tt-nhnn_17,14/2025/tt-nhnn_16,ARTICLE,GUIDE,
14/2025/tt-nhnn_17,14/2025/tt-nhnn_19,ARTICLE,GUIDE,
14/2025/tt-nhnn,14/2025/tt-nhnn_18,ARTICLE,CONTAIN,
14/2025/tt-nhnn_18,14/2025/tt-nhnn_12,ARTICLE,GUIDE,
14/2025/tt-nhnn_18,14/2025/tt-nhnn_13,ARTICLE,GUIDE,
14/2025/tt-nhnn_18,14/2025/tt-nhnn_14,ARTICLE,GUIDE,
14/2025/tt-nhnn_18,14/2025/tt-nhnn_15,ARTICLE,GUIDE,
14/2025/tt-nhnn_18,14/2025/tt-nhnn_16,ARTICLE,GUIDE,
14/2025/tt-nhnn_18,14/2025/tt-nhnn_19,ARTICLE,GUIDE,
14/2025/tt-nhnn,14/2025/tt-nhnn_19,ARTICLE,CONTAIN,
14/2025/tt-nhnn_19,14/2025/tt-nhnn_12,ARTICLE,GUIDE,
14/2025/tt-nhnn_19,14/2025/tt-nhnn_13,ARTICLE,GUIDE,
14/2025/tt-nhnn_19,14/2025/tt-nhnn_14,ARTICLE,GUIDE,
14/2025/tt-nhnn_19,14/2025/tt-nhnn_15,ARTICLE,GUIDE,
14/2025/tt-nhnn_19,14/2025/tt-nhnn_18,ARTICLE,GUIDE,
14/2025/tt-nhnn,14/2025/tt-nhnn_20,ARTICLE,CONTAIN,
14/2025/tt-nhnn,14/2025/tt-nhnn_21,ARTICLE,CONTAIN,
14/2025/tt-nhnn_21,14/2025/tt-nhnn_12,ARTICLE,GUIDE,
14/2025/tt-nhnn_21,14/2025/tt-nhnn_15,ARTICLE,GUIDE,
14/2025/tt-nhnn_21,14/2025/tt-nhnn_16,ARTICLE,GUIDE,
14/2025/tt-nhnn_21,14/2025/tt-nhnn_20,ARTICLE,GUIDE,
14/2025/tt-nhnn,14/2025/tt-nhnn_22,ARTICLE,CONTAIN,
14/2025/tt-nhnn_22,14/2025/tt-nhnn_11,ARTICLE,GUIDE,
14/2025/tt-nhnn,14/2025/tt-nhnn_23,ARTICLE,CONTAIN,
14/2025/tt-nhnn_23,14/2025/tt-nhnn_11,ARTICLE,GUIDE,
14/2025/tt-nhnn_23,14/2025/tt-nhnn_19,ARTICLE,GUIDE,
14/2025/tt-nhnn,14/2025/tt-nhnn_24,ARTICLE,CONTAIN,
14/2025/tt-nhnn,14/2025/tt-nhnn_25,ARTICLE,CONTAIN,
14/2025/tt-nhnn_25,14/2025/tt-nhnn_8,ARTICLE,GUIDE,
14/2025/tt-nhnn_25,14/2025/tt-nhnn_26,ARTICLE,GUIDE,
14/2025/tt-nhnn_25,14/2025/tt-nhnn_27,ARTICLE,GUIDE,
14/2025/tt-nhnn_25,14/2025/tt-nhnn_28,ARTICLE,GUIDE,
14/2025/tt-nhnn_25,14/2025/tt-nhnn_29,ARTICLE,GUIDE,
14/2025/tt-nhnn,14/2025/tt-nhnn_26,ARTICLE,CONTAIN,
14/2025/tt-nhnn,14/2025/tt-nhnn_27,ARTICLE,CONTAIN,
14/2025/tt-nhnn,14/2025/tt-nhnn_28,ARTICLE,CONTAIN,
14/2025/tt-nhnn,14/2025/tt-nhnn_29,ARTICLE,CONTAIN,
14/2025/tt-nhnn_29,14/2025/tt-nhnn_8,ARTICLE,GUIDE,
14/2025/tt-nhnn,14/2025/tt-nhnn_30,ARTICLE,CONTAIN,
14/2025/tt-nhnn_30,14/2025/tt-nhnn_2,ARTICLE,GUIDE,
14/2025/tt-nhnn,14/2025/tt-nhnn_31,ARTICLE,CONTAIN,
14/2025/tt-nhnn_31,14/2025/tt-nhnn_30,ARTICLE,GUIDE,
14/2025/tt-nhnn_31,14/2025/tt-nhnn_37,ARTICLE,GUIDE,
14/2025/tt-nhnn_31,14/2025/tt-nhnn_38,ARTICLE,GUIDE,
14/2025/tt-nhnn_31,14/2025/tt-nhnn_39,ARTICLE,GUIDE,
14/2025/tt-nhnn,14/2025/tt-nhnn_32,ARTICLE,CONTAIN,
14/2025/tt-nhnn_32,14/2025/tt-nhnn_7,ARTICLE,GUIDE,
14/2025/tt-nhnn,14/2025/tt-nhnn_33,ARTICLE,CONTAIN,
14/2025/tt-nhnn_33,14/2025/tt-nhnn_32,ARTICLE,GUIDE,
14/2025/tt-nhnn_33,14/2025/tt-nhnn_7,ARTICLE,GUIDE,
14/2025/tt-nhnn,14/2025/tt-nhnn_34,ARTICLE,CONTAIN,
14/2025/tt-nhnn,14/2025/tt-nhnn_35,ARTICLE,CONTAIN,
14/2025/tt-nhnn,14/2025/tt-nhnn_36,ARTICLE,CONTAIN,
14/2025/tt-nhnn,14/2025/tt-nhnn_37,ARTICLE,CONTAIN,
14/2025/tt-nhnn_37,14/2025/tt-nhnn_18,ARTICLE,GUIDE,
14/2025/tt-nhnn,14/2025/tt-nhnn_38,ARTICLE,CONTAIN,
14/2025/tt-nhnn_38,14/2025/tt-nhnn_16,ARTICLE,GUIDE,
14/2025/tt-nhnn_38,14/2025/tt-nhnn_20,ARTICLE,GUIDE,
14/2025/tt-nhnn,14/2025/tt-nhnn_39,ARTICLE,CONTAIN,
14/2025/tt-nhnn_39,14/2025/tt-nhnn_37,ARTICLE,GUIDE,
14/2025/tt-nhnn_39,14/2025/tt-nhnn_38,ARTICLE,GUIDE,
14/2025/tt-nhnn,14/2025/tt-nhnn_40,ARTICLE,CONTAIN,
14/2025/tt-nhnn_40,14/2025/tt-nhnn_37,ARTICLE,GUIDE,
14/2025/tt-nhnn_40,14/2025/tt-nhnn_38,ARTICLE,GUIDE,
14/2025/tt-nhnn_40,14/2025/tt-nhnn_39,ARTICLE,GUIDE,
14/2025/tt-nhnn,14/2025/tt-nhnn_41,ARTICLE,CONTAIN,
14/2025/tt-nhnn_41,14/2025/tt-nhnn_42,ARTICLE,GUIDE,
14/2025/tt-nhnn_41,14/2025/tt-nhnn_43,ARTICLE,GUIDE,
14/2025/tt-nhnn_41,14/2025/tt-nhnn_44,ARTICLE,GUIDE,
14/2025/tt-nhnn_41,14/2025/tt-nhnn_45,ARTICLE,GUIDE,
14/2025/tt-nhnn_41,14/2025/tt-nhnn_46,ARTICLE,GUIDE,
14/2025/tt-nhnn_41,14/2025/tt-nhnn_47,ARTICLE,GUIDE,
14/2025/tt-nhnn,14/2025/tt-nhnn_42,ARTICLE,CONTAIN,
14/2025/tt-nhnn_42,14/2025/tt-nhnn_45,ARTICLE,GUIDE,
14/2025/tt-nhnn_42,14/2025/tt-nhnn_46,ARTICLE,GUIDE,
14/2025/tt-nhnn_42,14/2025/tt-nhnn_41,ARTICLE,GUIDE,
14/2025/tt-nhnn,14/2025/tt-nhnn_43,ARTICLE,CONTAIN,
14/2025/tt-nhnn_43,14/2025/tt-nhnn_44,ARTICLE,GUIDE,
14/2025/tt-nhnn_43,14/2025/tt-nhnn_45,ARTICLE,GUIDE,
14/2025/tt-nhnn_43,14/2025/tt-nhnn_46,ARTICLE,GUIDE,
14/2025/tt-nhnn_43,14/2025/tt-nhnn_25,ARTICLE,GUIDE,
14/2025/tt-nhnn,14/2025/tt-nhnn_44,ARTICLE,CONTAIN,
14/2025/tt-nhnn_44,14/2025/tt-nhnn_26,ARTICLE,GUIDE,
14/2025/tt-nhnn_44,14/2025/tt-nhnn_16,ARTICLE,GUIDE,
14/2025/tt-nhnn_44,14/2025/tt-nhnn_45,ARTICLE,GUIDE,
14/2025/tt-nhnn_44,14/2025/tt-nhnn_46,ARTICLE,GUIDE,
14/2025/tt-nhnn_44,14/2025/tt-nhnn_43,ARTICLE,GUIDE,
14/2025/tt-nhnn,14/2025/tt-nhnn_45,ARTICLE,CONTAIN,
14/2025/tt-nhnn_45,14/2025/tt-nhnn_28,ARTICLE,GUIDE,
14/2025/tt-nhnn_45,14/2025/tt-nhnn_41,ARTICLE,GUIDE,
14/2025/tt-nhnn_45,14/2025/tt-nhnn_43,ARTICLE,GUIDE,
14/2025/tt-nhnn_45,14/2025/tt-nhnn_44,ARTICLE,GUIDE,
14/2025/tt-nhnn_45,14/2025/tt-nhnn_42,ARTICLE,GUIDE,
14/2025/tt-nhnn,14/2025/tt-nhnn_46,ARTICLE,CONTAIN,
14/2025/tt-nhnn_46,14/2025/tt-nhnn_29,ARTICLE,GUIDE,
14/2025/tt-nhnn_46,14/2025/tt-nhnn_41,ARTICLE,GUIDE,
14/2025/tt-nhnn_46,14/2025/tt-nhnn_43,ARTICLE,GUIDE,
14/2025/tt-nhnn,14/2025/tt-nhnn_47,ARTICLE,CONTAIN,
14/2025/tt-nhnn_47,14/2025/tt-nhnn_27,ARTICLE,GUIDE,
14/2025/tt-nhnn_47,14/2025/tt-nhnn_25,ARTICLE,GUIDE,
14/2025/tt-nhnn_47,14/2025/tt-nhnn_10,ARTICLE,GUIDE,
14/2025/tt-nhnn,14/2025/tt-nhnn_48,ARTICLE,CONTAIN,
14/2025/tt-nhnn,14/2025/tt-nhnn_49,ARTICLE,CONTAIN,
14/2025/tt-nhnn_49,14/2025/tt-nhnn_38,ARTICLE,GUIDE,
14/2025/tt-nhnn,14/2025/tt-nhnn_50,ARTICLE,CONTAIN,
14/2025/tt-nhnn_50,14/2025/tt-nhnn_49,ARTICLE,GUIDE,
14/2025/tt-nhnn,14/2025/tt-nhnn_51,ARTICLE,CONTAIN,
14/2025/tt-nhnn_51,14/2025/tt-nhnn_49,ARTICLE,GUIDE,
14/2025/tt-nhnn_51,14/2025/tt-nhnn_44,ARTICLE,GUIDE,
14/2025/tt-nhnn_51,14/2025/tt-nhnn_16,ARTICLE,GUIDE,
14/2025/tt-nhnn,14/2025/tt-nhnn_52,ARTICLE,CONTAIN,
14/2025/tt-nhnn_52,14/2025/tt-nhnn_45,ARTICLE,GUIDE,
14/2025/tt-nhnn_52,14/2025/tt-nhnn_46,ARTICLE,GUIDE,
14/2025/tt-nhnn,14/2025/tt-nhnn_53,ARTICLE,CONTAIN,
14/2025/tt-nhnn_53,14/2025/tt-nhnn_49,ARTICLE,GUIDE,
14/2025/tt-nhnn_53,14/2025/tt-nhnn_8,ARTICLE,GUIDE,
14/2025/tt-nhnn_53,14/2025/tt-nhnn_10,ARTICLE,GUIDE,
14/2025/tt-nhnn_53,14/2025/tt-nhnn_25,ARTICLE,GUIDE,
14/2025/tt-nhnn_53,14/2025/tt-nhnn_27,ARTICLE,GUIDE,
14/2025/tt-nhnn,14/2025/tt-nhnn_54,ARTICLE,CONTAIN,
14/2025/tt-nhnn,14/2025/tt-nhnn_55,ARTICLE,CONTAIN,
14/2025/tt-nhnn_55,14/2025/tt-nhnn_39,ARTICLE,GUIDE,
14/2025/tt-nhnn,14/2025/tt-nhnn_56,ARTICLE,CONTAIN,
14/2025/tt-nhnn,14/2025/tt-nhnn_57,ARTICLE,CONTAIN,
14/2025/tt-nhnn,14/2025/tt-nhnn_58,ARTICLE,CONTAIN,
14/2025/tt-nhnn_58,14/2025/tt-nhnn_47,ARTICLE,GUIDE,
14/2025/tt-nhnn_58,14/2025/tt-nhnn_53,ARTICLE,GUIDE,
14/2025/tt-nhnn_58,14/2025/tt-nhnn_57,ARTICLE,GUIDE,
14/2025/tt-nhnn,14/2025/tt-nhnn_59,ARTICLE,CONTAIN,
14/2025/tt-nhnn_59,14/2025/tt-nhnn_28,ARTICLE,GUIDE,
14/2025/tt-nhnn_59,14/2025/tt-nhnn_29,ARTICLE,GUIDE,
14/2025/tt-nhnn_59,14/2025/tt-nhnn_45,ARTICLE,GUIDE,
14/2025/tt-nhnn_59,14/2025/tt-nhnn_46,ARTICLE,GUIDE,
14/2025/tt-nhnn_59,14/2025/tt-nhnn_52,ARTICLE,GUIDE,
14/2025/tt-nhnn,14/2025/tt-nhnn_60,ARTICLE,CONTAIN,
14/2025/tt-nhnn,14/2025/tt-nhnn_61,ARTICLE,CONTAIN,
14/2025/tt-nhnn,14/2025/tt-nhnn_62,ARTICLE,CONTAIN,
14/2025/tt-nhnn_62,14/2025/tt-nhnn_60,ARTICLE,GUIDE,
14/2025/tt-nhnn_62,14/2025/tt-nhnn_61,ARTICLE,GUIDE,
14/2025/tt-nhnn,14/2025/tt-nhnn_63,ARTICLE,CONTAIN,
14/2025/tt-nhnn_63,14/2025/tt-nhnn_75,ARTICLE,GUIDE,
14/2025/tt-nhnn,14/2025/tt-nhnn_64,ARTICLE,CONTAIN,
14/2025/tt-nhnn,14/2025/tt-nhnn_65,ARTICLE,CONTAIN,
14/2025/tt-nhnn,14/2025/tt-nhnn_66,ARTICLE,CONTAIN,
14/2025/tt-nhnn,14/2025/tt-nhnn_67,ARTICLE,CONTAIN,
14/2025/tt-nhnn_67,14/2025/tt-nhnn_7,ARTICLE,GUIDE,
14/2025/tt-nhnn,14/2025/tt-nhnn_68,ARTICLE,CONTAIN,
14/2025/tt-nhnn_68,14/2025/tt-nhnn_42,ARTICLE,GUIDE,
14/2025/tt-nhnn_68,14/2025/tt-nhnn_50,ARTICLE,GUIDE,
14/2025/tt-nhnn_68,14/2025/tt-nhnn_51,ARTICLE,GUIDE,
14/2025/tt-nhnn_68,14/2025/tt-nhnn_52,ARTICLE,GUIDE,
14/2025/tt-nhnn_68,14/2025/tt-nhnn_53,ARTICLE,GUIDE,
14/2025/tt-nhnn,14/2025/tt-nhnn_69,ARTICLE,CONTAIN,
14/2025/tt-nhnn,14/2025/tt-nhnn_70,ARTICLE,CONTAIN,
14/2025/tt-nhnn_70,14/2025/tt-nhnn_71,ARTICLE,GUIDE,
14/2025/tt-nhnn_70,14/2025/tt-nhnn_72,ARTICLE,GUIDE,
14/2025/tt-nhnn,14/2025/tt-nhnn_71,ARTICLE,CONTAIN,
14/2025/tt-nhnn,14/2025/tt-nhnn_72,ARTICLE,CONTAIN,
14/2025/tt-nhnn,14/2025/tt-nhnn_73,ARTICLE,CONTAIN,
14/2025/tt-nhnn,14/2025/tt-nhnn_74,ARTICLE,CONTAIN,
14/2025/tt-nhnn,14/2025/tt-nhnn_75,ARTICLE,CONTAIN,
14/2025/tt-nhnn_75,14/2025/tt-nhnn_32,ARTICLE,GUIDE,
14/2025/tt-nhnn,14/2025/tt-nhnn_76,ARTICLE,CONTAIN,
14/2025/tt-nhnn,14/2025/tt-nhnn_77,ARTICLE,CONTAIN,
14/2025/tt-nhnn_77,14/2025/tt-nhnn_5,ARTICLE,GUIDE,
14/2025/tt-nhnn_77,14/2025/tt-nhnn_33,ARTICLE,GUIDE,
14/2025/tt-nhnn,14/2025/tt-nhnn_78,ARTICLE,CONTAIN,
14/2025/tt-nhnn_78,14/2025/tt-nhnn_5,ARTICLE,GUIDE,
14/2025/tt-nhnn_78,14/2025/tt-nhnn_7,ARTICLE,GUIDE,
14/2025/tt-nhnn_78,14/2025/tt-nhnn_32,ARTICLE,GUIDE,
14/2025/tt-nhnn_78,14/2025/tt-nhnn_33,ARTICLE,GUIDE,
14/2025/tt-nhnn_78,14/2025/tt-nhnn_34,ARTICLE,GUIDE,
14/2025/tt-nhnn,14/2025/tt-nhnn_79,ARTICLE,CONTAIN,
14/2025/tt-nhnn_79,14/2025/tt-nhnn_5,ARTICLE,GUIDE,
14/2025/tt-nhnn,14/2025/tt-nhnn_80,ARTICLE,CONTAIN,
14/2025/tt-nhnn_80,14/2025/tt-nhnn_5,ARTICLE,GUIDE,
14/2025/tt-nhnn_80,14/2025/tt-nhnn_7,ARTICLE,GUIDE,
14/2025/tt-nhnn_80,14/2025/tt-nhnn_32,ARTICLE,GUIDE,
14/2025/tt-nhnn_80,14/2025/tt-nhnn_33,ARTICLE,GUIDE,
14/2025/tt-nhnn_80,14/2025/tt-nhnn_34,ARTICLE,GUIDE,
14/2025/tt-nhnn_80,14/2025/tt-nhnn_78,ARTICLE,GUIDE,
14/2025/tt-nhnn,14/2025/tt-nhnn_81,ARTICLE,CONTAIN,
14/2025/tt-nhnn,14/2025/tt-nhnn_82,ARTICLE,CONTAIN,
14/2025/tt-nhnn_82,26/2022/tt-nhnn_1,ARTICLE,REPEAL,
14/2025/tt-nhnn_82,14/2025/tt-nhnn_7,ARTICLE,GUIDE,
14/2025/tt-nhnn_82,14/2025/tt-nhnn_33,ARTICLE,GUIDE,
13/2025/tt-nhnn,13/2025/tt-nhnn_1,ARTICLE,CONTAIN,
13/2025/tt-nhnn,13/2025/tt-nhnn_2,ARTICLE,CONTAIN,
13/2025/tt-nhnn,13/2025/tt-nhnn_3,ARTICLE,CONTAIN,
13/2025/tt-nhnn,13/2025/tt-nhnn_4,ARTICLE,CONTAIN,
13/2025/tt-nhnn,13/2025/tt-nhnn_5,ARTICLE,CONTAIN,
13/2025/tt-nhnn,13/2025/tt-nhnn_6,ARTICLE,CONTAIN,
13/2025/tt-nhnn,13/2025/tt-nhnn_7,ARTICLE,CONTAIN,
13/2025/tt-nhnn,13/2025/tt-nhnn_8,ARTICLE,CONTAIN,
13/2025/tt-nhnn_8,13/2025/tt-nhnn_21,ARTICLE,GUIDE,
13/2025/tt-nhnn,13/2025/tt-nhnn_9,ARTICLE,CONTAIN,
13/2025/tt-nhnn_9,13/2025/tt-nhnn_4,ARTICLE,GUIDE,
13/2025/tt-nhnn,13/2025/tt-nhnn_10,ARTICLE,CONTAIN,
13/2025/tt-nhnn,13/2025/tt-nhnn_11,ARTICLE,CONTAIN,
13/2025/tt-nhnn,13/2025/tt-nhnn_12,ARTICLE,CONTAIN,
13/2025/tt-nhnn,13/2025/tt-nhnn_13,ARTICLE,CONTAIN,
13/2025/tt-nhnn,13/2025/tt-nhnn_14,ARTICLE,CONTAIN,
13/2025/tt-nhnn,13/2025/tt-nhnn_15,ARTICLE,CONTAIN,
13/2025/tt-nhnn,13/2025/tt-nhnn_16,ARTICLE,CONTAIN,
13/2025/tt-nhnn,13/2025/tt-nhnn_17,ARTICLE,CONTAIN,
13/2025/tt-nhnn_17,13/2025/tt-nhnn_16,ARTICLE,GUIDE,
13/2025/tt-nhnn,13/2025/tt-nhnn_18,ARTICLE,CONTAIN,
13/2025/tt-nhnn,13/2025/tt-nhnn_19,ARTICLE,CONTAIN,
13/2025/tt-nhnn,13/2025/tt-nhnn_20,ARTICLE,CONTAIN,
13/2025/tt-nhnn,13/2025/tt-nhnn_21,ARTICLE,CONTAIN,
13/2025/tt-nhnn,13/2025/tt-nhnn_22,ARTICLE,CONTAIN,
13/2025/tt-nhnn,13/2025/tt-nhnn_23,ARTICLE,CONTAIN,
13/2025/tt-nhnn,13/2025/tt-nhnn_24,ARTICLE,CONTAIN,
13/2025/tt-nhnn,13/2025/tt-nhnn_25,ARTICLE,CONTAIN,
13/2025/tt-nhnn_25,13/2025/tt-nhnn_24,ARTICLE,GUIDE,
13/2025/tt-nhnn,13/2025/tt-nhnn_26,ARTICLE,CONTAIN,
13/2025/tt-nhnn_26,13/2025/tt-nhnn_21,ARTICLE,GUIDE,
13/2025/tt-nhnn,13/2025/tt-nhnn_27,ARTICLE,CONTAIN,
13/2025/tt-nhnn,13/2025/tt-nhnn_28,ARTICLE,CONTAIN,
13/2025/tt-nhnn,13/2025/tt-nhnn_29,ARTICLE,CONTAIN,
13/2025/tt-nhnn,13/2025/tt-nhnn_30,ARTICLE,CONTAIN,
13/2025/tt-nhnn,13/2025/tt-nhnn_31,ARTICLE,CONTAIN,
13/2025/tt-nhnn,13/2025/tt-nhnn_32,ARTICLE,CONTAIN,
13/2025/tt-nhnn,13/2025/tt-nhnn_33,ARTICLE,CONTAIN,
15/2025/tt-nhnn,15/2025/tt-nhnn_1,ARTICLE,CONTAIN,
15/2025/tt-nhnn,15/2025/tt-nhnn_2,ARTICLE,CONTAIN,
15/2025/tt-nhnn,15/2025/tt-nhnn_3,ARTICLE,CONTAIN,
15/2025/tt-nhnn_3,106/2020/NĐ-CP_3,ARTICLE,GUIDE,
15/2025/tt-nhnn_3,106/2020/NĐ-CP_4,ARTICLE,GUIDE,
15/2025/tt-nhnn_3,120/2020/NĐ-CP_5,ARTICLE,GUIDE,
15/2025/tt-nhnn,15/2025/tt-nhnn_4,ARTICLE,CONTAIN,
15/2025/tt-nhnn,15/2025/tt-nhnn_5,ARTICLE,CONTAIN,
15/2025/tt-nhnn,15/2025/tt-nhnn_6,ARTICLE,CONTAIN,
16/2025/tt-nhnn,16/2025/tt-nhnn_1,ARTICLE,CONTAIN,
16/2025/tt-nhnn_1,04/2021/tt-nhnn_11,ARTICLE,AMEND,
16/2025/tt-nhnn_1,04/2021/tt-nhnn_12,ARTICLE,AMEND,
16/2025/tt-nhnn_1,04/2021/tt-nhnn_14,ARTICLE,AMEND,
16/2025/tt-nhnn_1,04/2021/tt-nhnn_14,ARTICLE,GUIDE,
16/2025/tt-nhnn_1,04/2021/tt-nhnn_10,ARTICLE,GUIDE,
16/2025/tt-nhnn,16/2025/tt-nhnn_2,ARTICLE,CONTAIN,
16/2025/tt-nhnn_2,04/2021/tt-nhnn_14,ARTICLE,AMEND,
16/2025/tt-nhnn_2,04/2021/tt-nhnn_9,ARTICLE,REPLACE,
16/2025/tt-nhnn_2,04/2021/tt-nhnn_14,ARTICLE,REPLACE,
16/2025/tt-nhnn,16/2025/tt-nhnn_3,ARTICLE,CONTAIN,
16/2025/tt-nhnn,16/2025/tt-nhnn_4,ARTICLE,CONTAIN,
16/2025/tt-nhnn_4,42/2024/tt-nhnn_2,ARTICLE,REPEAL,
18/2025/tt-nhnn,18/2025/tt-nhnn_1,ARTICLE,CONTAIN,
18/2025/tt-nhnn,18/2025/tt-nhnn_2,ARTICLE,CONTAIN,
18/2025/tt-nhnn,18/2025/tt-nhnn_3,ARTICLE,CONTAIN,
18/2025/tt-nhnn,18/2025/tt-nhnn_4,ARTICLE,CONTAIN,
18/2025/tt-nhnn_4,18/2025/tt-nhnn_3,ARTICLE,GUIDE,
18/2025/tt-nhnn_4,18/2025/tt-nhnn_7,ARTICLE,GUIDE,
18/2025/tt-nhnn,18/2025/tt-nhnn_5,ARTICLE,CONTAIN,
18/2025/tt-nhnn,18/2025/tt-nhnn_6,ARTICLE,CONTAIN,
18/2025/tt-nhnn_6,18/2025/tt-nhnn_3,ARTICLE,GUIDE,
18/2025/tt-nhnn_6,18/2025/tt-nhnn_5,ARTICLE,GUIDE,
18/2025/tt-nhnn,18/2025/tt-nhnn_7,ARTICLE,CONTAIN,
18/2025/tt-nhnn_7,18/2025/tt-nhnn_3,ARTICLE,GUIDE,
18/2025/tt-nhnn,18/2025/tt-nhnn_8,ARTICLE,CONTAIN,
18/2025/tt-nhnn,18/2025/tt-nhnn_9,ARTICLE,CONTAIN,
18/2025/tt-nhnn,18/2025/tt-nhnn_10,ARTICLE,CONTAIN,
18/2025/tt-nhnn_10,18/2025/tt-nhnn_4,ARTICLE,GUIDE,
18/2025/tt-nhnn_10,18/2025/tt-nhnn_7,ARTICLE,GUIDE,
18/2025/tt-nhnn_10,18/2025/tt-nhnn_8,ARTICLE,GUIDE,
18/2025/tt-nhnn_10,18/2025/tt-nhnn_9,ARTICLE,GUIDE,
18/2025/tt-nhnn_10,18/2025/tt-nhnn_11,ARTICLE,GUIDE,
18/2025/tt-nhnn,18/2025/tt-nhnn_11,ARTICLE,CONTAIN,
18/2025/tt-nhnn_11,18/2025/tt-nhnn_3,ARTICLE,GUIDE,
18/2025/tt-nhnn_11,18/2025/tt-nhnn_6,ARTICLE,GUIDE,
18/2025/tt-nhnn_11,18/2025/tt-nhnn_8,ARTICLE,GUIDE,
18/2025/tt-nhnn_11,18/2025/tt-nhnn_9,ARTICLE,GUIDE,
18/2025/tt-nhnn,18/2025/tt-nhnn_12,ARTICLE,CONTAIN,
18/2025/tt-nhnn,18/2025/tt-nhnn_13,ARTICLE,CONTAIN,
18/2025/tt-nhnn_13,18/2025/tt-nhnn_3,ARTICLE,GUIDE,
18/2025/tt-nhnn_13,18/2025/tt-nhnn_9,ARTICLE,GUIDE,
18/2025/tt-nhnn,18/2025/tt-nhnn_14,ARTICLE,CONTAIN,
18/2025/tt-nhnn_14,18/2025/tt-nhnn_3,ARTICLE,GUIDE,
18/2025/tt-nhnn_14,18/2025/tt-nhnn_4,ARTICLE,GUIDE,
18/2025/tt-nhnn_14,18/2025/tt-nhnn_6,ARTICLE,GUIDE,
18/2025/tt-nhnn_14,18/2025/tt-nhnn_9,ARTICLE,GUIDE,
18/2025/tt-nhnn,18/2025/tt-nhnn_15,ARTICLE,CONTAIN,
18/2025/tt-nhnn_15,18/2025/tt-nhnn_3,ARTICLE,GUIDE,
18/2025/tt-nhnn,18/2025/tt-nhnn_16,ARTICLE,CONTAIN,
18/2025/tt-nhnn,18/2025/tt-nhnn_17,ARTICLE,CONTAIN,
18/2025/tt-nhnn,18/2025/tt-nhnn_18,ARTICLE,CONTAIN,
17/2025/tt-nhnn,17/2025/tt-nhnn_1,ARTICLE,CONTAIN,
17/2025/tt-nhnn_1,19/2018/tt-nhnn_4,ARTICLE,AMEND,
17/2025/tt-nhnn_1,19/2018/tt-nhnn_9,ARTICLE,AMEND,
17/2025/tt-nhnn_1,19/2018/tt-nhnn_21,ARTICLE,AMEND,
17/2025/tt-nhnn_1,19/2018/tt-nhnn_22,ARTICLE,AMEND,
17/2025/tt-nhnn,17/2025/tt-nhnn_2,ARTICLE,CONTAIN,
17/2025/tt-nhnn_2,19/2018/TT-NHNN_5,ARTICLE,REPEAL,
17/2025/tt-nhnn_2,19/2018/TT-NHNN_6,ARTICLE,REPEAL,
17/2025/tt-nhnn_2,19/2018/TT-NHNN_11,ARTICLE,REPEAL,
17/2025/tt-nhnn_2,19/2018/TT-NHNN_17,ARTICLE,REPEAL,
17/2025/tt-nhnn_2,19/2018/TT-NHNN_18,ARTICLE,REPLACE,
17/2025/tt-nhnn,17/2025/tt-nhnn_3,ARTICLE,CONTAIN,
17/2025/tt-nhnn,17/2025/tt-nhnn_4,ARTICLE,CONTAIN,
04/2025/tt-nhnn,04/2025/tt-nhnn_1,ARTICLE,CONTAIN,
04/2025/tt-nhnn,04/2025/tt-nhnn_2,ARTICLE,CONTAIN,
04/2025/tt-nhnn,04/2025/tt-nhnn_3,ARTICLE,CONTAIN,
04/2025/tt-nhnn,04/2025/tt-nhnn_4,ARTICLE,CONTAIN,
04/2025/tt-nhnn,04/2025/tt-nhnn_5,ARTICLE,CONTAIN,
20/2025/tt-nhnn,20/2025/tt-nhnn_1,ARTICLE,CONTAIN,
20/2025/tt-nhnn,20/2025/tt-nhnn_2,ARTICLE,CONTAIN,
20/2025/tt-nhnn,20/2025/tt-nhnn_3,ARTICLE,CONTAIN,
20/2025/tt-nhnn_3,20/2025/tt-nhnn_4,ARTICLE,GUIDE,
20/2025/tt-nhnn,20/2025/tt-nhnn_4,ARTICLE,CONTAIN,
20/2025/tt-nhnn,20/2025/tt-nhnn_5,ARTICLE,CONTAIN,
20/2025/tt-nhnn,20/2025/tt-nhnn_6,ARTICLE,CONTAIN,
20/2025/tt-nhnn,20/2025/tt-nhnn_7,ARTICLE,CONTAIN,
20/2025/tt-nhnn_7,32/2024/qh15_41,ARTICLE,GUIDE,
20/2025/tt-nhnn_7,32/2024/qh15_42,ARTICLE,GUIDE,
20/2025/tt-nhnn_7,20/2025/tt-nhnn_6,ARTICLE,GUIDE,
20/2025/tt-nhnn,20/2025/tt-nhnn_8,ARTICLE,CONTAIN,
20/2025/tt-nhnn_8,20/2025/tt-nhnn_7,ARTICLE,GUIDE,
20/2025/tt-nhnn,20/2025/tt-nhnn_9,ARTICLE,CONTAIN,
20/2025/tt-nhnn_9,20/2025/tt-nhnn_4,ARTICLE,GUIDE,
20/2025/tt-nhnn_9,20/2025/tt-nhnn_7,ARTICLE,GUIDE,
20/2025/tt-nhnn_9,20/2025/tt-nhnn_8,ARTICLE,GUIDE,
20/2025/tt-nhnn,20/2025/tt-nhnn_10,ARTICLE,CONTAIN,
20/2025/tt-nhnn,20/2025/tt-nhnn_11,ARTICLE,CONTAIN,
20/2025/tt-nhnn,20/2025/tt-nhnn_12,ARTICLE,CONTAIN,
20/2025/tt-nhnn,20/2025/tt-nhnn_13,ARTICLE,CONTAIN,
20/2025/tt-nhnn_13,20/2025/tt-nhnn_4,ARTICLE,GUIDE,
20/2025/tt-nhnn_13,20/2025/tt-nhnn_12,ARTICLE,GUIDE,
20/2025/tt-nhnn,20/2025/tt-nhnn_14,ARTICLE,CONTAIN,
20/2025/tt-nhnn_14,20/2025/tt-nhnn,ARTICLE,GUIDE,
20/2025/tt-nhnn,20/2025/tt-nhnn_15,ARTICLE,CONTAIN,
20/2025/tt-nhnn,20/2025/tt-nhnn_16,ARTICLE,CONTAIN,
20/2025/tt-nhnn_16,13/2019/tt-nhnn_2,ARTICLE,REPEAL,
20/2025/tt-nhnn,20/2025/tt-nhnn_17,ARTICLE,CONTAIN,
20/2025/tt-nhnn,20/2025/tt-nhnn_18,ARTICLE,CONTAIN,
19/2025/tt-nhnn,19/2025/tt-nhnn_1,ARTICLE,CONTAIN,
19/2025/tt-nhnn,19/2025/tt-nhnn_2,ARTICLE,CONTAIN,
19/2025/tt-nhnn,19/2025/tt-nhnn_3,ARTICLE,CONTAIN,
19/2025/tt-nhnn_3,19/2025/tt-nhnn_5,ARTICLE,GUIDE,
19/2025/tt-nhnn_3,19/2025/tt-nhnn_6,ARTICLE,GUIDE,
19/2025/tt-nhnn,19/2025/tt-nhnn_4,ARTICLE,CONTAIN,
19/2025/tt-nhnn,19/2025/tt-nhnn_5,ARTICLE,CONTAIN,
19/2025/tt-nhnn,19/2025/tt-nhnn_6,ARTICLE,CONTAIN,
19/2025/tt-nhnn,19/2025/tt-nhnn_7,ARTICLE,CONTAIN,
19/2025/tt-nhnn,19/2025/tt-nhnn_8,ARTICLE,CONTAIN,
19/2025/tt-nhnn,19/2025/tt-nhnn_9,ARTICLE,CONTAIN,
19/2025/tt-nhnn,19/2025/tt-nhnn_10,ARTICLE,CONTAIN,
19/2025/tt-nhnn,19/2025/tt-nhnn_11,ARTICLE,CONTAIN,
19/2025/tt-nhnn_11,32/2024/qh15_57,ARTICLE,GUIDE,
19/2025/tt-nhnn_11,32/2024/qh15_58,ARTICLE,GUIDE,
19/2025/tt-nhnn_11,19/2025/tt-nhnn_14,ARTICLE,GUIDE,
19/2025/tt-nhnn_11,19/2025/tt-nhnn_8,ARTICLE,GUIDE,
19/2025/tt-nhnn,19/2025/tt-nhnn_12,ARTICLE,CONTAIN,
19/2025/tt-nhnn_12,19/2025/tt-nhnn_11,ARTICLE,GUIDE,
19/2025/tt-nhnn_12,19/2025/tt-nhnn_8,ARTICLE,GUIDE,
19/2025/tt-nhnn,19/2025/tt-nhnn_13,ARTICLE,CONTAIN,
19/2025/tt-nhnn_13,19/2025/tt-nhnn_11,ARTICLE,GUIDE,
19/2025/tt-nhnn_13,19/2025/tt-nhnn_14,ARTICLE,GUIDE,
19/2025/tt-nhnn,19/2025/tt-nhnn_14,ARTICLE,CONTAIN,
19/2025/tt-nhnn,19/2025/tt-nhnn_15,ARTICLE,CONTAIN,
19/2025/tt-nhnn_15,19/2025/tt-nhnn_14,ARTICLE,GUIDE,
19/2025/tt-nhnn,19/2025/tt-nhnn_16,ARTICLE,CONTAIN,
19/2025/tt-nhnn_16,19/2025/tt-nhnn_14,ARTICLE,GUIDE,
19/2025/tt-nhnn,19/2025/tt-nhnn_17,ARTICLE,CONTAIN,
19/2025/tt-nhnn_17,19/2025/tt-nhnn_18,ARTICLE,GUIDE,
19/2025/tt-nhnn_17,19/2025/tt-nhnn_10,ARTICLE,GUIDE,
19/2025/tt-nhnn,19/2025/tt-nhnn_18,ARTICLE,CONTAIN,
19/2025/tt-nhnn,19/2025/tt-nhnn_19,ARTICLE,CONTAIN,
19/2025/tt-nhnn,19/2025/tt-nhnn_20,ARTICLE,CONTAIN,
19/2025/tt-nhnn_20,19/2025/tt-nhnn_7,ARTICLE,GUIDE,
19/2025/tt-nhnn_20,19/2025/tt-nhnn_17,ARTICLE,GUIDE,
19/2025/tt-nhnn,19/2025/tt-nhnn_21,ARTICLE,CONTAIN,
19/2025/tt-nhnn,19/2025/tt-nhnn_22,ARTICLE,CONTAIN,
19/2025/tt-nhnn_22,19/2025/tt-nhnn_12,ARTICLE,GUIDE,
19/2025/tt-nhnn,19/2025/tt-nhnn_23,ARTICLE,CONTAIN,
19/2025/tt-nhnn,19/2025/tt-nhnn_24,ARTICLE,CONTAIN,
19/2025/tt-nhnn,19/2025/tt-nhnn_25,ARTICLE,CONTAIN,
19/2025/tt-nhnn,19/2025/tt-nhnn_26,ARTICLE,CONTAIN,
19/2025/tt-nhnn,19/2025/tt-nhnn_27,ARTICLE,CONTAIN,
19/2025/tt-nhnn,19/2025/tt-nhnn_28,ARTICLE,CONTAIN,
19/2025/tt-nhnn_28,19/2025/tt-nhnn_25,ARTICLE,GUIDE,
19/2025/tt-nhnn,19/2025/tt-nhnn_29,ARTICLE,CONTAIN,
19/2025/tt-nhnn_29,19/2025/tt-nhnn_3,ARTICLE,GUIDE,
19/2025/tt-nhnn,19/2025/tt-nhnn_30,ARTICLE,CONTAIN,
19/2025/tt-nhnn_30,19/2025/tt-nhnn_7,ARTICLE,GUIDE,
19/2025/tt-nhnn_30,19/2025/tt-nhnn_17,ARTICLE,GUIDE,
19/2025/tt-nhnn_30,19/2025/tt-nhnn_19,ARTICLE,GUIDE,
19/2025/tt-nhnn_30,19/2025/tt-nhnn_20,ARTICLE,GUIDE,
19/2025/tt-nhnn_30,19/2025/tt-nhnn_21,ARTICLE,GUIDE,
19/2025/tt-nhnn_30,19/2025/tt-nhnn_26,ARTICLE,GUIDE,
19/2025/tt-nhnn_30,19/2025/tt-nhnn_27,ARTICLE,GUIDE,
19/2025/tt-nhnn_30,19/2025/tt-nhnn_29,ARTICLE,GUIDE,
19/2025/tt-nhnn,19/2025/tt-nhnn_31,ARTICLE,CONTAIN,
19/2025/tt-nhnn_31,19/2025/tt-nhnn_18,ARTICLE,GUIDE,
19/2025/tt-nhnn_31,19/2025/tt-nhnn_23,ARTICLE,GUIDE,
19/2025/tt-nhnn_31,19/2025/tt-nhnn_28,ARTICLE,GUIDE,
19/2025/tt-nhnn,19/2025/tt-nhnn_32,ARTICLE,CONTAIN,
19/2025/tt-nhnn_32,19/2025/tt-nhnn_20,ARTICLE,GUIDE,
19/2025/tt-nhnn_32,19/2025/tt-nhnn_26,ARTICLE,GUIDE,
19/2025/tt-nhnn_32,19/2025/tt-nhnn_4,ARTICLE,GUIDE,
19/2025/tt-nhnn,19/2025/tt-nhnn_33,ARTICLE,CONTAIN,
19/2025/tt-nhnn_33,19/2025/tt-nhnn_4,ARTICLE,GUIDE,
19/2025/tt-nhnn_33,19/2025/tt-nhnn_15,ARTICLE,GUIDE,
19/2025/tt-nhnn_33,19/2025/tt-nhnn_16,ARTICLE,GUIDE,
19/2025/tt-nhnn_33,19/2025/tt-nhnn_18,ARTICLE,GUIDE,
19/2025/tt-nhnn_33,19/2025/tt-nhnn_23,ARTICLE,GUIDE,
19/2025/tt-nhnn_33,19/2025/tt-nhnn_27,ARTICLE,GUIDE,
19/2025/tt-nhnn_33,19/2025/tt-nhnn_28,ARTICLE,GUIDE,
19/2025/tt-nhnn_33,19/2025/tt-nhnn_32,ARTICLE,GUIDE,
19/2025/tt-nhnn,19/2025/tt-nhnn_34,ARTICLE,CONTAIN,
19/2025/tt-nhnn_34,19/2025/tt-nhnn_17,ARTICLE,GUIDE,
19/2025/tt-nhnn,19/2025/tt-nhnn_35,ARTICLE,CONTAIN,
19/2025/tt-nhnn,19/2025/tt-nhnn_36,ARTICLE,CONTAIN,
23/2025/tt-nhnn,23/2025/tt-nhnn_1,ARTICLE,CONTAIN,
23/2025/tt-nhnn_1,30/2019/tt-nhnn_3,ARTICLE,AMEND,
23/2025/tt-nhnn,23/2025/tt-nhnn_2,ARTICLE,CONTAIN,
23/2025/tt-nhnn_2,30/2019/tt-nhnn_7,ARTICLE,AMEND,
23/2025/tt-nhnn_2,32/2024/qh15_4,ARTICLE,GUIDE,
23/2025/tt-nhnn_2,23/2025/tt-nhnn_6,ARTICLE,GUIDE,
23/2025/tt-nhnn,23/2025/tt-nhnn_3,ARTICLE,CONTAIN,
23/2025/tt-nhnn_3,30/2019/tt-nhnn_9,ARTICLE,AMEND,
23/2025/tt-nhnn_3,30/2019/tt-nhnn_9,ARTICLE,REPLACE,
23/2025/tt-nhnn,23/2025/tt-nhnn_4,ARTICLE,CONTAIN,
23/2025/tt-nhnn_4,30/2019/tt-nhnn_12,ARTICLE,AMEND,
23/2025/tt-nhnn_4,30/2019/tt-nhnn_12,ARTICLE,REPLACE,
23/2025/tt-nhnn,23/2025/tt-nhnn_5,ARTICLE,CONTAIN,
23/2025/tt-nhnn_5,30/2019/tt-nhnn_13,ARTICLE,AMEND,
23/2025/tt-nhnn_5,23/2025/tt-nhnn_12,ARTICLE,GUIDE,
23/2025/tt-nhnn_5,23/2025/tt-nhnn_16,ARTICLE,GUIDE,
23/2025/tt-nhnn,23/2025/tt-nhnn_6,ARTICLE,CONTAIN,
23/2025/tt-nhnn_6,30/2019/tt-nhnn_14,ARTICLE,AMEND,
23/2025/tt-nhnn_6,30/2019/tt-nhnn_10,ARTICLE,REPLACE,
23/2025/tt-nhnn,23/2025/tt-nhnn_7,ARTICLE,CONTAIN,
23/2025/tt-nhnn_7,30/2019/tt-nhnn_16,ARTICLE,AMEND,
23/2025/tt-nhnn,23/2025/tt-nhnn_8,ARTICLE,CONTAIN,
23/2025/tt-nhnn_8,30/2019/tt-nhnn_16,ARTICLE,AMEND,
23/2025/tt-nhnn,23/2025/tt-nhnn_9,ARTICLE,CONTAIN,
23/2025/tt-nhnn,23/2025/tt-nhnn_10,ARTICLE,CONTAIN,
23/2025/tt-nhnn,23/2025/tt-nhnn_11,ARTICLE,CONTAIN,
23/2025/tt-nhnn,23/2025/tt-nhnn_12,ARTICLE,CONTAIN,
22/2025/tt-nhnn,22/2025/tt-nhnn_1,ARTICLE,CONTAIN,
22/2025/tt-nhnn_1,19/2023/tt-nhnn_5,ARTICLE,AMEND,
22/2025/tt-nhnn_1,19/2023/tt-nhnn_9,ARTICLE,AMEND,
22/2025/tt-nhnn_1,19/2023/tt-nhnn_12,ARTICLE,AMEND,
22/2025/tt-nhnn_1,19/2023/tt-nhnn_17,ARTICLE,AMEND,
22/2025/tt-nhnn_1,19/2023/tt-nhnn_23,ARTICLE,AMEND,
22/2025/tt-nhnn_1,19/2023/tt-nhnn_25,ARTICLE,AMEND,
22/2025/tt-nhnn_1,19/2023/tt-nhnn_26,ARTICLE,AMEND,
22/2025/tt-nhnn_1,19/2023/tt-nhnn_30,ARTICLE,AMEND,
22/2025/tt-nhnn,22/2025/tt-nhnn_2,ARTICLE,CONTAIN,
22/2025/tt-nhnn_2,19/2023/tt-nhnn_21,ARTICLE,REPLACE,
22/2025/tt-nhnn_2,19/2023/tt-nhnn_23,ARTICLE,REPLACE,
22/2025/tt-nhnn_2,19/2023/tt-nhnn_22,ARTICLE,REPLACE,
22/2025/tt-nhnn_2,19/2023/tt-nhnn_25,ARTICLE,REPLACE,
22/2025/tt-nhnn_2,19/2023/tt-nhnn_26,ARTICLE,REPLACE,
22/2025/tt-nhnn,22/2025/tt-nhnn_3,ARTICLE,CONTAIN,
22/2025/tt-nhnn,22/2025/tt-nhnn_4,ARTICLE,CONTAIN,
02/2021/qđ-ttg,02/2021/qđ-ttg_1,ARTICLE,CONTAIN,
02/2021/qđ-ttg_1,28/2015/QĐ-TTG_10,ARTICLE,AMEND,
02/2021/qđ-ttg,02/2021/qđ-ttg_2,ARTICLE,CONTAIN,
02/2021/qđ-ttg,02/2021/qđ-ttg_3,ARTICLE,CONTAIN,
24/2025/tt-nhnn,24/2025/tt-nhnn_1,ARTICLE,CONTAIN,
24/2025/tt-nhnn_1,63/2024/tt-nhnn_3,ARTICLE,AMEND,
24/2025/tt-nhnn,24/2025/tt-nhnn_2,ARTICLE,CONTAIN,
24/2025/tt-nhnn_2,24/2025/tt-nhnn_6,ARTICLE,AMEND,
24/2025/tt-nhnn,24/2025/tt-nhnn_3,ARTICLE,CONTAIN,
24/2025/tt-nhnn_3,63/2024/tt-nhnn_16,ARTICLE,AMEND,
24/2025/tt-nhnn,24/2025/tt-nhnn_4,ARTICLE,CONTAIN,
24/2025/tt-nhnn_4,63/2024/tt-nhnn_22,ARTICLE,AMEND,
24/2025/tt-nhnn,24/2025/tt-nhnn_5,ARTICLE,CONTAIN,
24/2025/tt-nhnn,24/2025/tt-nhnn_6,ARTICLE,CONTAIN,
232/2025/nđ-cp,232/2025/nđ-cp_1,ARTICLE,CONTAIN,
232/2025/nđ-cp_1,24/2012/NĐ-CP_1,ARTICLE,AMEND,
232/2025/nđ-cp_1,24/2012/NĐ-CP_3,ARTICLE,AMEND,
232/2025/nđ-cp_1,24/2012/NĐ-CP_4,ARTICLE,AMEND,
232/2025/nđ-cp_1,24/2012/NĐ-CP_6,ARTICLE,AMEND,
232/2025/nđ-cp_1,24/2012/NĐ-CP_11,ARTICLE,AMEND,
232/2025/nđ-cp_1,24/2012/NĐ-CP_12,ARTICLE,AMEND,
232/2025/nđ-cp_1,24/2012/NĐ-CP_14,ARTICLE,AMEND,
232/2025/nđ-cp_1,24/2012/NĐ-CP_16,ARTICLE,AMEND,
232/2025/nđ-cp_1,24/2012/NĐ-CP_17,ARTICLE,AMEND,
232/2025/nđ-cp_1,24/2012/NĐ-CP_19,ARTICLE,AMEND,
232/2025/nđ-cp_1,24/2012/NĐ-CP_20,ARTICLE,AMEND,
232/2025/nđ-cp_1,232/2025/NĐ-CP_11,ARTICLE,GUIDE,
232/2025/nđ-cp_1,32/2024/qh15_112,ARTICLE,GUIDE,
232/2025/nđ-cp,232/2025/nđ-cp_2,ARTICLE,CONTAIN,
232/2025/nđ-cp_2,24/2012/NĐ-CP_4,ARTICLE,REPEAL,
232/2025/nđ-cp,232/2025/nđ-cp_3,ARTICLE,CONTAIN,
25/2025/tt-nhnn,25/2025/tt-nhnn_1,ARTICLE,CONTAIN,
25/2025/tt-nhnn_1,17/2024/tt-nhnn_7,ARTICLE,AMEND,
25/2025/tt-nhnn,25/2025/tt-nhnn_2,ARTICLE,CONTAIN,
25/2025/tt-nhnn_2,25/2025/tt-nhnn_9,ARTICLE,REPEAL,
25/2025/tt-nhnn_2,25/2025/tt-nhnn_9,ARTICLE,REPLACE,
25/2025/tt-nhnn,25/2025/tt-nhnn_3,ARTICLE,CONTAIN,
25/2025/tt-nhnn_3,25/2025/tt-nhnn,ARTICLE,AMEND,
25/2025/tt-nhnn,25/2025/tt-nhnn_4,ARTICLE,CONTAIN,
25/2025/tt-nhnn_4,17/2024/tt-nhnn_13,ARTICLE,AMEND,
25/2025/tt-nhnn,25/2025/tt-nhnn_5,ARTICLE,CONTAIN,
25/2025/tt-nhnn_5,25/2025/tt-nhnn_15,ARTICLE,AMEND,
25/2025/tt-nhnn_5,25/2025/tt-nhnn_15,ARTICLE,GUIDE,
25/2025/tt-nhnn_5,25/2025/tt-nhnn_16,ARTICLE,GUIDE,
25/2025/tt-nhnn,25/2025/tt-nhnn_6,ARTICLE,CONTAIN,
25/2025/tt-nhnn_6,25/2025/tt-nhnn_12,ARTICLE,REPEAL,
25/2025/tt-nhnn_6,25/2025/tt-nhnn_5,ARTICLE,REPEAL,
25/2025/tt-nhnn_6,25/2025/tt-nhnn_19,ARTICLE,REPEAL,
25/2025/tt-nhnn_6,25/2025/tt-nhnn_21,ARTICLE,REPEAL,
25/2025/tt-nhnn,25/2025/tt-nhnn_7,ARTICLE,CONTAIN,
25/2025/tt-nhnn_7,25/2025/tt-nhnn_16,ARTICLE,AMEND,
25/2025/tt-nhnn_7,25/2025/tt-nhnn_11,ARTICLE,GUIDE,
25/2025/tt-nhnn,25/2025/tt-nhnn_8,ARTICLE,CONTAIN,
25/2025/tt-nhnn_8,25/2025/tt-nhnn_17,ARTICLE,AMEND,
25/2025/tt-nhnn_8,25/2025/tt-nhnn_17,ARTICLE,GUIDE,
25/2025/tt-nhnn_8,25/2025/tt-nhnn_21,ARTICLE,GUIDE,
25/2025/tt-nhnn_8,25/2025/tt-nhnn_15,ARTICLE,GUIDE,
25/2025/tt-nhnn,25/2025/tt-nhnn_9,ARTICLE,CONTAIN,
25/2025/tt-nhnn_9,17/2024/tt-nhnn_19,ARTICLE,AMEND,
25/2025/tt-nhnn,25/2025/tt-nhnn_10,ARTICLE,CONTAIN,
25/2025/tt-nhnn_10,17/2024/tt-nhnn_21,ARTICLE,AMEND,
25/2025/tt-nhnn_10,25/2025/tt-nhnn_19,ARTICLE,GUIDE,
25/2025/tt-nhnn,25/2025/tt-nhnn_11,ARTICLE,CONTAIN,
25/2025/tt-nhnn_11,17/2024/tt-nhnn_22,ARTICLE,AMEND,
25/2025/tt-nhnn,25/2025/tt-nhnn_12,ARTICLE,CONTAIN,
25/2025/tt-nhnn_12,25/2025/tt-nhnn_25,ARTICLE,AMEND,
25/2025/tt-nhnn,25/2025/tt-nhnn_13,ARTICLE,CONTAIN,
25/2025/tt-nhnn,25/2025/tt-nhnn_14,ARTICLE,CONTAIN,
25/2025/tt-nhnn,25/2025/tt-nhnn_15,ARTICLE,CONTAIN,
25/2025/tt-nhnn_15,25/2025/tt-nhnn_4,ARTICLE,GUIDE,
25/2025/tt-nhnn_15,25/2025/tt-nhnn_5,ARTICLE,GUIDE,
25/2025/tt-nhnn_15,25/2025/tt-nhnn_9,ARTICLE,GUIDE,
25/2025/tt-nhnn_15,25/2025/tt-nhnn_10,ARTICLE,GUIDE,
27/2025/tt-nhnn,27/2025/tt-nhnn_1,ARTICLE,CONTAIN,
27/2025/tt-nhnn,27/2025/tt-nhnn_2,ARTICLE,CONTAIN,
27/2025/tt-nhnn,27/2025/tt-nhnn_3,ARTICLE,CONTAIN,
27/2025/tt-nhnn_3,14/2022/qh15_15,ARTICLE,GUIDE,
27/2025/tt-nhnn,27/2025/tt-nhnn_4,ARTICLE,CONTAIN,
27/2025/tt-nhnn_4,27/2025/tt-nhnn_3,ARTICLE,GUIDE,
27/2025/tt-nhnn,27/2025/tt-nhnn_5,ARTICLE,CONTAIN,
27/2025/tt-nhnn_5,14/2022/qh15_24,ARTICLE,GUIDE,
27/2025/tt-nhnn_5,14/2022/qh15_12,ARTICLE,GUIDE,
27/2025/tt-nhnn_5,14/2022/qh15_13,ARTICLE,GUIDE,
27/2025/tt-nhnn_5,14/2022/qh15_14,ARTICLE,GUIDE,
27/2025/tt-nhnn_5,14/2022/qh15_10,ARTICLE,GUIDE,
27/2025/tt-nhnn_5,27/2025/tt-nhnn_4,ARTICLE,GUIDE,
27/2025/tt-nhnn_5,14/2022/qh15_38,ARTICLE,GUIDE,
27/2025/tt-nhnn_5,14/2022/qh15_40,ARTICLE,GUIDE,
27/2025/tt-nhnn_5,14/2022/qh15_44,ARTICLE,GUIDE,
27/2025/tt-nhnn,27/2025/tt-nhnn_6,ARTICLE,CONTAIN,
27/2025/tt-nhnn_6,14/2022/qh15_25,ARTICLE,GUIDE,
27/2025/tt-nhnn_6,27/2025/tt-nhnn_10,ARTICLE,GUIDE,
27/2025/tt-nhnn,27/2025/tt-nhnn_7,ARTICLE,CONTAIN,
27/2025/tt-nhnn_7,14/2022/qh15_26,ARTICLE,GUIDE,
27/2025/tt-nhnn_7,27/2025/tt-nhnn_10,ARTICLE,GUIDE,
27/2025/tt-nhnn_7,14/2022/qh15_37,ARTICLE,GUIDE,
27/2025/tt-nhnn,27/2025/tt-nhnn_8,ARTICLE,CONTAIN,
27/2025/tt-nhnn,27/2025/tt-nhnn_9,ARTICLE,CONTAIN,
27/2025/tt-nhnn_9,27/2025/tt-nhnn_8,ARTICLE,GUIDE,
27/2025/tt-nhnn_9,27/2025/tt-nhnn_10,ARTICLE,GUIDE,
27/2025/tt-nhnn,27/2025/tt-nhnn_10,ARTICLE,CONTAIN,
27/2025/tt-nhnn_10,14/2022/qh15_3,ARTICLE,GUIDE,
27/2025/tt-nhnn_10,14/2022/qh15_17,ARTICLE,GUIDE,
27/2025/tt-nhnn,27/2025/tt-nhnn_11,ARTICLE,CONTAIN,
27/2025/tt-nhnn,27/2025/tt-nhnn_12,ARTICLE,CONTAIN,
27/2025/tt-nhnn,27/2025/tt-nhnn_13,ARTICLE,CONTAIN,
27/2025/tt-nhnn_13,27/2025/tt-nhnn_10,ARTICLE,GUIDE,
17/2020/tt-nhnn7,17/2020/tt-nhnn7_1,ARTICLE,CONTAIN,
17/2020/tt-nhnn7_1,33/2013/tt-nhnn_3,ARTICLE,AMEND,
17/2020/tt-nhnn7,17/2020/tt-nhnn7_2,ARTICLE,CONTAIN,
17/2020/tt-nhnn7,17/2020/tt-nhnn7_3,ARTICLE,CONTAIN,
17/2020/tt-nhnn7,17/2020/tt-nhnn7_4,ARTICLE,CONTAIN,
26/2025/tt-nhnn,26/2025/tt-nhnn_1,ARTICLE,CONTAIN,
26/2025/tt-nhnn_1,62/2024/tt-nhnn_1,ARTICLE,AMEND,
26/2025/tt-nhnn,26/2025/tt-nhnn_2,ARTICLE,CONTAIN,
26/2025/tt-nhnn_2,26/2025/tt-nhnn_5,ARTICLE,AMEND,
26/2025/tt-nhnn_2,26/2025/tt-nhnn_17,ARTICLE,GUIDE,
26/2025/tt-nhnn,26/2025/tt-nhnn_3,ARTICLE,CONTAIN,
26/2025/tt-nhnn_3,62/2024/tt-nhnn_8,ARTICLE,AMEND,
26/2025/tt-nhnn,26/2025/tt-nhnn_4,ARTICLE,CONTAIN,
26/2025/tt-nhnn_4,62/2024/tt-nhnn_13,ARTICLE,AMEND,
26/2025/tt-nhnn,26/2025/tt-nhnn_5,ARTICLE,CONTAIN,
26/2025/tt-nhnn_5,62/2024/tt-nhnn_14,ARTICLE,AMEND,
26/2025/tt-nhnn,26/2025/tt-nhnn_6,ARTICLE,CONTAIN,
26/2025/tt-nhnn_6,62/2024/tt-nhnn_15,ARTICLE,AMEND,
26/2025/tt-nhnn,26/2025/tt-nhnn_7,ARTICLE,CONTAIN,
26/2025/tt-nhnn_7,62/2024/tt-nhnn_16,ARTICLE,AMEND,
26/2025/tt-nhnn,26/2025/tt-nhnn_8,ARTICLE,CONTAIN,
26/2025/tt-nhnn_8,26/2025/tt-nhnn_17,ARTICLE,AMEND,
26/2025/tt-nhnn,26/2025/tt-nhnn_9,ARTICLE,CONTAIN,
26/2025/tt-nhnn_9,62/2024/tt-nhnn_19,ARTICLE,AMEND,
26/2025/tt-nhnn,26/2025/tt-nhnn_10,ARTICLE,CONTAIN,
26/2025/tt-nhnn_10,62/2024/tt-nhnn_20,ARTICLE,AMEND,
26/2025/tt-nhnn,26/2025/tt-nhnn_11,ARTICLE,CONTAIN,
26/2025/tt-nhnn_11,62/2024/tt-nhnn_24,ARTICLE,AMEND,
26/2025/tt-nhnn,26/2025/tt-nhnn_12,ARTICLE,CONTAIN,
26/2025/tt-nhnn_12,62/2024/tt-nhnn_25,ARTICLE,AMEND,
26/2025/tt-nhnn,26/2025/tt-nhnn_13,ARTICLE,CONTAIN,
26/2025/tt-nhnn_13,62/2024/tt-nhnn_26,ARTICLE,AMEND,
26/2025/tt-nhnn_13,26/2025/tt-nhnn_19,ARTICLE,GUIDE,
26/2025/tt-nhnn_13,26/2025/tt-nhnn_25,ARTICLE,GUIDE,
26/2025/tt-nhnn,26/2025/tt-nhnn_14,ARTICLE,CONTAIN,
26/2025/tt-nhnn_14,26/2025/tt-nhnn_27,ARTICLE,AMEND,
26/2025/tt-nhnn_14,26/2025/tt-nhnn_8,ARTICLE,GUIDE,
26/2025/tt-nhnn_14,26/2025/tt-nhnn_15,ARTICLE,GUIDE,
26/2025/tt-nhnn_14,26/2025/tt-nhnn_20,ARTICLE,GUIDE,
26/2025/tt-nhnn,26/2025/tt-nhnn_15,ARTICLE,CONTAIN,
26/2025/tt-nhnn,26/2025/tt-nhnn_16,ARTICLE,CONTAIN,
21/2025/tt-nhnn,21/2025/tt-nhnn_1,ARTICLE,CONTAIN,
21/2025/tt-nhnn,21/2025/tt-nhnn_2,ARTICLE,CONTAIN,
21/2025/tt-nhnn_2,32/2024/qh15_156,ARTICLE,GUIDE,
21/2025/tt-nhnn,21/2025/tt-nhnn_3,ARTICLE,CONTAIN,
21/2025/tt-nhnn_3,21/2025/tt-nhnn_22,ARTICLE,GUIDE,
21/2025/tt-nhnn,21/2025/tt-nhnn_4,ARTICLE,CONTAIN,
21/2025/tt-nhnn,21/2025/tt-nhnn_5,ARTICLE,CONTAIN,
21/2025/tt-nhnn_5,21/2025/tt-nhnn_22,ARTICLE,GUIDE,
21/2025/tt-nhnn,21/2025/tt-nhnn_6,ARTICLE,CONTAIN,
21/2025/tt-nhnn_6,21/2025/tt-nhnn_7,ARTICLE,GUIDE,
21/2025/tt-nhnn_6,21/2025/tt-nhnn_8,ARTICLE,GUIDE,
21/2025/tt-nhnn_6,21/2025/tt-nhnn_9,ARTICLE,GUIDE,
21/2025/tt-nhnn_6,21/2025/tt-nhnn_10,ARTICLE,GUIDE,
21/2025/tt-nhnn_6,21/2025/tt-nhnn_11,ARTICLE,GUIDE,
21/2025/tt-nhnn_6,21/2025/tt-nhnn_12,ARTICLE,GUIDE,
21/2025/tt-nhnn,21/2025/tt-nhnn_7,ARTICLE,CONTAIN,
21/2025/tt-nhnn,21/2025/tt-nhnn_8,ARTICLE,CONTAIN,
21/2025/tt-nhnn,21/2025/tt-nhnn_9,ARTICLE,CONTAIN,
21/2025/tt-nhnn_9,21/2025/tt-nhnn_7,ARTICLE,GUIDE,
21/2025/tt-nhnn_9,21/2025/tt-nhnn_8,ARTICLE,GUIDE,
21/2025/tt-nhnn_9,21/2025/tt-nhnn_10,ARTICLE,GUIDE,
21/2025/tt-nhnn_9,21/2025/tt-nhnn_11,ARTICLE,GUIDE,
21/2025/tt-nhnn_9,21/2025/tt-nhnn_12,ARTICLE,GUIDE,
21/2025/tt-nhnn,21/2025/tt-nhnn_10,ARTICLE,CONTAIN,
21/2025/tt-nhnn,21/2025/tt-nhnn_11,ARTICLE,CONTAIN,
21/2025/tt-nhnn,21/2025/tt-nhnn_12,ARTICLE,CONTAIN,
21/2025/tt-nhnn,21/2025/tt-nhnn_13,ARTICLE,CONTAIN,
21/2025/tt-nhnn_13,21/2025/tt-nhnn_7,ARTICLE,GUIDE,
21/2025/tt-nhnn_13,21/2025/tt-nhnn_9,ARTICLE,GUIDE,
21/2025/tt-nhnn_13,21/2025/tt-nhnn_10,ARTICLE,GUIDE,
21/2025/tt-nhnn_13,21/2025/tt-nhnn_14,ARTICLE,GUIDE,
21/2025/tt-nhnn_13,21/2025/tt-nhnn_15,ARTICLE,GUIDE,
21/2025/tt-nhnn,21/2025/tt-nhnn_14,ARTICLE,CONTAIN,
21/2025/tt-nhnn,21/2025/tt-nhnn_15,ARTICLE,CONTAIN,
21/2025/tt-nhnn,21/2025/tt-nhnn_16,ARTICLE,CONTAIN,
21/2025/tt-nhnn,21/2025/tt-nhnn_17,ARTICLE,CONTAIN,
21/2025/tt-nhnn,21/2025/tt-nhnn_18,ARTICLE,CONTAIN,
21/2025/tt-nhnn_18,21/2025/tt-nhnn_7,ARTICLE,GUIDE,
21/2025/tt-nhnn_18,21/2025/tt-nhnn_8,ARTICLE,GUIDE,
21/2025/tt-nhnn_18,21/2025/tt-nhnn_9,ARTICLE,GUIDE,
21/2025/tt-nhnn_18,21/2025/tt-nhnn_10,ARTICLE,GUIDE,
21/2025/tt-nhnn_18,21/2025/tt-nhnn_11,ARTICLE,GUIDE,
21/2025/tt-nhnn_18,21/2025/tt-nhnn_12,ARTICLE,GUIDE,
21/2025/tt-nhnn_18,21/2025/tt-nhnn_19,ARTICLE,GUIDE,
21/2025/tt-nhnn,21/2025/tt-nhnn_19,ARTICLE,CONTAIN,
21/2025/tt-nhnn,21/2025/tt-nhnn_20,ARTICLE,CONTAIN,
21/2025/tt-nhnn_20,21/2025/tt-nhnn_19,ARTICLE,GUIDE,
21/2025/tt-nhnn,21/2025/tt-nhnn_21,ARTICLE,CONTAIN,
21/2025/tt-nhnn_21,32/2024/qh15_156,ARTICLE,GUIDE,
21/2025/tt-nhnn_21,32/2024/qh15_162,ARTICLE,GUIDE,
21/2025/tt-nhnn,21/2025/tt-nhnn_22,ARTICLE,CONTAIN,
21/2025/tt-nhnn,21/2025/tt-nhnn_23,ARTICLE,CONTAIN,
21/2025/tt-nhnn_23,21/2025/tt-nhnn_7,ARTICLE,GUIDE,
21/2025/tt-nhnn_23,21/2025/tt-nhnn_8,ARTICLE,GUIDE,
21/2025/tt-nhnn_23,21/2025/tt-nhnn_9,ARTICLE,GUIDE,
21/2025/tt-nhnn_23,21/2025/tt-nhnn_10,ARTICLE,GUIDE,
21/2025/tt-nhnn_23,21/2025/tt-nhnn_11,ARTICLE,GUIDE,
21/2025/tt-nhnn_23,21/2025/tt-nhnn_12,ARTICLE,GUIDE,
21/2025/tt-nhnn,21/2025/tt-nhnn_24,ARTICLE,CONTAIN,
21/2025/tt-nhnn_24,21/2025/tt-nhnn_23,ARTICLE,GUIDE,
21/2025/tt-nhnn,21/2025/tt-nhnn_25,ARTICLE,CONTAIN,
21/2025/tt-nhnn_25,21/2025/tt-nhnn_24,ARTICLE,GUIDE,
21/2025/tt-nhnn,21/2025/tt-nhnn_26,ARTICLE,CONTAIN,
21/2025/tt-nhnn,21/2025/tt-nhnn_27,ARTICLE,CONTAIN,
21/2025/tt-nhnn_27,21/2025/tt-nhnn_5,ARTICLE,GUIDE,
21/2025/tt-nhnn,21/2025/tt-nhnn_28,ARTICLE,CONTAIN,
21/2025/tt-nhnn_28,21/2025/tt-nhnn_5,ARTICLE,GUIDE,
21/2025/tt-nhnn,21/2025/tt-nhnn_29,ARTICLE,CONTAIN,
21/2025/tt-nhnn,21/2025/tt-nhnn_30,ARTICLE,CONTAIN,
28/2025/tt-nhnn,28/2025/tt-nhnn_1,ARTICLE,CONTAIN,
28/2025/tt-nhnn_1,27/2024/tt-nhnn_13,ARTICLE,AMEND,
28/2025/tt-nhnn,28/2025/tt-nhnn_2,ARTICLE,CONTAIN,
28/2025/tt-nhnn_2,28/2025/tt-nhnn_17,ARTICLE,AMEND,
28/2025/tt-nhnn_2,28/2025/tt-nhnn_17,ARTICLE,REPLACE,
28/2025/tt-nhnn,28/2025/tt-nhnn_3,ARTICLE,CONTAIN,
28/2025/tt-nhnn_3,27/2024/tt-nhnn_20,ARTICLE,AMEND,
28/2025/tt-nhnn,28/2025/tt-nhnn_4,ARTICLE,CONTAIN,
28/2025/tt-nhnn_4,27/2024/tt-nhnn_21,ARTICLE,AMEND,
28/2025/tt-nhnn,28/2025/tt-nhnn_5,ARTICLE,CONTAIN,
28/2025/tt-nhnn_5,28/2025/tt-nhnn_23,ARTICLE,AMEND,
28/2025/tt-nhnn_5,28/2025/tt-nhnn_17,ARTICLE,GUIDE,
28/2025/tt-nhnn,28/2025/tt-nhnn_6,ARTICLE,CONTAIN,
28/2025/tt-nhnn_6,27/2024/tt-nhnn_25,ARTICLE,AMEND,
28/2025/tt-nhnn,28/2025/tt-nhnn_7,ARTICLE,CONTAIN,
28/2025/tt-nhnn_7,27/2024/tt-nhnn_26,ARTICLE,AMEND,
28/2025/tt-nhnn,28/2025/tt-nhnn_8,ARTICLE,CONTAIN,
28/2025/tt-nhnn_8,27/2024/tt-nhnn_29,ARTICLE,AMEND,
28/2025/tt-nhnn,28/2025/tt-nhnn_9,ARTICLE,CONTAIN,
28/2025/tt-nhnn_9,28/2025/tt-nhnn_32,ARTICLE,AMEND,
28/2025/tt-nhnn_9,28/2025/tt-nhnn_17,ARTICLE,GUIDE,
28/2025/tt-nhnn_9,28/2025/tt-nhnn_6,ARTICLE,GUIDE,
28/2025/tt-nhnn_9,28/2025/tt-nhnn_13,ARTICLE,GUIDE,
28/2025/tt-nhnn_9,28/2025/tt-nhnn_29,ARTICLE,GUIDE,
28/2025/tt-nhnn_9,28/2025/tt-nhnn_26,ARTICLE,GUIDE,
28/2025/tt-nhnn,28/2025/tt-nhnn_10,ARTICLE,CONTAIN,
28/2025/tt-nhnn_10,27/2024/tt-nhnn_34,ARTICLE,AMEND,
28/2025/tt-nhnn,28/2025/tt-nhnn_11,ARTICLE,CONTAIN,
28/2025/tt-nhnn,28/2025/tt-nhnn_12,ARTICLE,CONTAIN,
28/2025/tt-nhnn,28/2025/tt-nhnn_13,ARTICLE,CONTAIN,
28/2025/tt-nhnn_13,28/2025/tt-nhnn_17,ARTICLE,GUIDE,
31 /2025/tt-nhnn,31 /2025/tt-nhnn_1,ARTICLE,CONTAIN,
31 /2025/tt-nhnn,31 /2025/tt-nhnn_2,ARTICLE,CONTAIN,
31 /2025/tt-nhnn,31 /2025/tt-nhnn_3,ARTICLE,CONTAIN,
31 /2025/tt-nhnn_3,31/2025/tt-nhnn_4,ARTICLE,GUIDE,
31 /2025/tt-nhnn_3,31/2025/tt-nhnn_7,ARTICLE,GUIDE,
31 /2025/tt-nhnn,31 /2025/tt-nhnn_4,ARTICLE,CONTAIN,
31 /2025/tt-nhnn_4,31/2025/tt-nhnn_6,ARTICLE,GUIDE,
31 /2025/tt-nhnn_4,31/2025/tt-nhnn_7,ARTICLE,GUIDE,
31 /2025/tt-nhnn_4,31/2025/tt-nhnn_8,ARTICLE,GUIDE,
31 /2025/tt-nhnn_4,32/2024/qh15_139,ARTICLE,GUIDE,
31 /2025/tt-nhnn,31 /2025/tt-nhnn_5,ARTICLE,CONTAIN,
31 /2025/tt-nhnn_5,31/2025/tt-nhnn_4,ARTICLE,GUIDE,
31 /2025/tt-nhnn,31 /2025/tt-nhnn_6,ARTICLE,CONTAIN,
31 /2025/tt-nhnn_6,31/2025/tt-nhnn_5,ARTICLE,GUIDE,
31 /2025/tt-nhnn,31 /2025/tt-nhnn_7,ARTICLE,CONTAIN,
31 /2025/tt-nhnn_7,31/2025/tt-nhnn_5,ARTICLE,GUIDE,
31 /2025/tt-nhnn,31 /2025/tt-nhnn_8,ARTICLE,CONTAIN,
31 /2025/tt-nhnn_8,31/2025/tt-nhnn_5,ARTICLE,GUIDE,
31 /2025/tt-nhnn,31 /2025/tt-nhnn_9,ARTICLE,CONTAIN,
31 /2025/tt-nhnn_9,31/2025/tt-nhnn_7,ARTICLE,GUIDE,
31 /2025/tt-nhnn,31 /2025/tt-nhnn_10,ARTICLE,CONTAIN,
31 /2025/tt-nhnn,31 /2025/tt-nhnn_11,ARTICLE,CONTAIN,
31 /2025/tt-nhnn,31 /2025/tt-nhnn_12,ARTICLE,CONTAIN,
31 /2025/tt-nhnn,31 /2025/tt-nhnn_13,ARTICLE,CONTAIN,
31 /2025/tt-nhnn_13,31/2025/tt-nhnn_9,ARTICLE,GUIDE,
31 /2025/tt-nhnn_13,31/2025/tt-nhnn_12,ARTICLE,GUIDE,
31 /2025/tt-nhnn_13,31/2025/tt-nhnn_14,ARTICLE,GUIDE,
31 /2025/tt-nhnn,31 /2025/tt-nhnn_14,ARTICLE,CONTAIN,
31 /2025/tt-nhnn,31 /2025/tt-nhnn_15,ARTICLE,CONTAIN,
29/2025/tt-nhnn,29/2025/tt-nhnn_1,ARTICLE,CONTAIN,
29/2025/tt-nhnn,29/2025/tt-nhnn_2,ARTICLE,CONTAIN,
29/2025/tt-nhnn_2,55/2015/NĐ-CP_2,ARTICLE,GUIDE,
29/2025/tt-nhnn,29/2025/tt-nhnn_3,ARTICLE,CONTAIN,
29/2025/tt-nhnn_3,55/2015/NĐ-CP_12,ARTICLE,GUIDE,
29/2025/tt-nhnn,29/2025/tt-nhnn_4,ARTICLE,CONTAIN,
29/2025/tt-nhnn,29/2025/tt-nhnn_5,ARTICLE,CONTAIN,
29/2025/tt-nhnn,29/2025/tt-nhnn_6,ARTICLE,CONTAIN,
29/2025/tt-nhnn_6,55/2015/NĐ-CP_14,ARTICLE,AMEND,
29/2025/tt-nhnn_6,55/2015/NĐ-CP_12,ARTICLE,AMEND,
29/2025/tt-nhnn_6,55/2015/NĐ-CP_14,ARTICLE,GUIDE,
29/2025/tt-nhnn_6,55/2015/NĐ-CP_12,ARTICLE,GUIDE,
29/2025/tt-nhnn,29/2025/tt-nhnn_7,ARTICLE,CONTAIN,
29/2025/tt-nhnn_7,55/2015/NĐ-CP_12,ARTICLE,GUIDE,
29/2025/tt-nhnn_7,55/2015/NĐ-CP_14,ARTICLE,GUIDE,
29/2025/tt-nhnn_7,55/2015/NĐ-CP_15,ARTICLE,GUIDE,
29/2025/tt-nhnn,29/2025/tt-nhnn_8,ARTICLE,CONTAIN,
30/2025/tt-nhnn,30/2025/tt-nhnn_1,ARTICLE,CONTAIN,
30/2025/tt-nhnn_1,15/2024/tt-nhnn_3,ARTICLE,AMEND,
30/2025/tt-nhnn,30/2025/tt-nhnn_2,ARTICLE,CONTAIN,
30/2025/tt-nhnn_2,15/2024/tt-nhnn_6,ARTICLE,AMEND,
30/2025/tt-nhnn,30/2025/tt-nhnn_3,ARTICLE,CONTAIN,
30/2025/tt-nhnn_3,30/2025/tt-nhnn_7,ARTICLE,AMEND,
30/2025/tt-nhnn_3,30/2025/tt-nhnn_7,ARTICLE,REPLACE,
30/2025/tt-nhnn,30/2025/tt-nhnn_4,ARTICLE,CONTAIN,
30/2025/tt-nhnn_4,30/2025/tt-nhnn_12,ARTICLE,REPLACE,
30/2025/tt-nhnn,30/2025/tt-nhnn_5,ARTICLE,CONTAIN,
30/2025/tt-nhnn_5,15/2024/tt-nhnn_14,ARTICLE,AMEND,
30/2025/tt-nhnn,30/2025/tt-nhnn_6,ARTICLE,CONTAIN,
30/2025/tt-nhnn_6,15/2024/tt-nhnn_15,ARTICLE,REPLACE,
30/2025/tt-nhnn,30/2025/tt-nhnn_7,ARTICLE,CONTAIN,
30/2025/tt-nhnn_7,15/2024/tt-nhnn_19,ARTICLE,AMEND,
30/2025/tt-nhnn,30/2025/tt-nhnn_8,ARTICLE,CONTAIN,
30/2025/tt-nhnn_8,15/2024/tt-nhnn_20,ARTICLE,AMEND,
30/2025/tt-nhnn,30/2025/tt-nhnn_9,ARTICLE,CONTAIN,
30/2025/tt-nhnn_9,30/2025/tt-nhnn_23,ARTICLE,AMEND,
30/2025/tt-nhnn,30/2025/tt-nhnn_10,ARTICLE,CONTAIN,
30/2025/tt-nhnn,30/2025/tt-nhnn_11,ARTICLE,CONTAIN,
30/2025/tt-nhnn,30/2025/tt-nhnn_12,ARTICLE,CONTAIN,
30/2025/tt-nhnn_12,41/2024/tt-nhnn_17,ARTICLE,REPEAL,
30/2025/tt-nhnn_12,30/2025/tt-nhnn_7,ARTICLE,GUIDE,
32/2025/tt-nhnn,32/2025/tt-nhnn_1,ARTICLE,CONTAIN,
32/2025/tt-nhnn,32/2025/tt-nhnn_2,ARTICLE,CONTAIN,
32/2025/tt-nhnn,32/2025/tt-nhnn_3,ARTICLE,CONTAIN,
32/2025/tt-nhnn_3,32/2025/tt-nhnn_1,ARTICLE,GUIDE,
32/2025/tt-nhnn,32/2025/tt-nhnn_4,ARTICLE,CONTAIN,
32/2025/tt-nhnn,32/2025/tt-nhnn_5,ARTICLE,CONTAIN,
32/2025/tt-nhnn,32/2025/tt-nhnn_6,ARTICLE,CONTAIN,
32/2025/tt-nhnn_6,64/2025/QH15_50,ARTICLE,GUIDE,
32/2025/tt-nhnn_6,64/2025/QH15_51,ARTICLE,GUIDE,
32/2025/tt-nhnn_6,64/2025/QH15_35,ARTICLE,GUIDE,
32/2025/tt-nhnn_6,64/2025/QH15_38,ARTICLE,GUIDE,
32/2025/tt-nhnn_6,78/2025/NĐ-CP_41,ARTICLE,GUIDE,
32/2025/tt-nhnn_6,64/2025/QH15_52,ARTICLE,GUIDE,
32/2025/tt-nhnn_6,78/2025/NĐ-CP_35,ARTICLE,GUIDE,
32/2025/tt-nhnn,32/2025/tt-nhnn_7,ARTICLE,CONTAIN,
32/2025/tt-nhnn_7,64/2025/QH15_61,ARTICLE,GUIDE,
32/2025/tt-nhnn,32/2025/tt-nhnn_8,ARTICLE,CONTAIN,
32/2025/tt-nhnn,32/2025/tt-nhnn_9,ARTICLE,CONTAIN,
32/2025/tt-nhnn_9,78/2025/NĐ-CP_10,ARTICLE,GUIDE,
32/2025/tt-nhnn,32/2025/tt-nhnn_10,ARTICLE,CONTAIN,
32/2025/tt-nhnn_10,78/2025/NĐ-CP_12,ARTICLE,GUIDE,
32/2025/tt-nhnn_10,64/2025/QH15_24,ARTICLE,GUIDE,
32/2025/tt-nhnn,32/2025/tt-nhnn_11,ARTICLE,CONTAIN,
32/2025/tt-nhnn_11,64/2025/QH15_27,ARTICLE,GUIDE,
32/2025/tt-nhnn_11,64/2025/QH15_28,ARTICLE,GUIDE,
32/2025/tt-nhnn_11,32/2025/tt-nhnn_3,ARTICLE,GUIDE,
32/2025/tt-nhnn_11,64/2025/QH15_29,ARTICLE,GUIDE,
32/2025/tt-nhnn_11,78/2025/NĐ-CP_14,ARTICLE,GUIDE,
32/2025/tt-nhnn_11,64/2025/QH15_30,ARTICLE,GUIDE,
32/2025/tt-nhnn_11,78/2025/NĐ-CP_15,ARTICLE,GUIDE,
32/2025/tt-nhnn_11,78/2025/NĐ-CP_2,ARTICLE,GUIDE,
32/2025/tt-nhnn_11,78/2025/NĐ-CP_3,ARTICLE,GUIDE,
32/2025/tt-nhnn_11,64/2025/QH15_31,ARTICLE,GUIDE,
32/2025/tt-nhnn_11,78/2025/NĐ-CP_16,ARTICLE,GUIDE,
32/2025/tt-nhnn,32/2025/tt-nhnn_12,ARTICLE,CONTAIN,
32/2025/tt-nhnn_12,78/2025/NĐ-CP_18,ARTICLE,GUIDE,
32/2025/tt-nhnn_12,64/2025/QH15_33,ARTICLE,GUIDE,
32/2025/tt-nhnn_12,78/2025/NĐ-CP_6,ARTICLE,GUIDE,
32/2025/tt-nhnn_12,32/2025/tt-nhnn,ARTICLE,GUIDE,
32/2025/tt-nhnn_12,64/2025/QH15_34,ARTICLE,GUIDE,
32/2025/tt-nhnn_12,78/2025/NĐ-CP_19,ARTICLE,GUIDE,
32/2025/tt-nhnn_12,78/2025/NĐ-CP_2,ARTICLE,GUIDE,
32/2025/tt-nhnn_12,78/2025/NĐ-CP_3,ARTICLE,GUIDE,
32/2025/tt-nhnn_12,78/2025/NĐ-CP_20,ARTICLE,GUIDE,
32/2025/tt-nhnn,32/2025/tt-nhnn_13,ARTICLE,CONTAIN,
32/2025/tt-nhnn_13,64/2025/qh15_37,ARTICLE,GUIDE,
32/2025/tt-nhnn_13,64/2025/qh15_38,ARTICLE,GUIDE,
32/2025/tt-nhnn_13,64/2025/qh15_40,ARTICLE,GUIDE,
32/2025/tt-nhnn,32/2025/tt-nhnn_14,ARTICLE,CONTAIN,
32/2025/tt-nhnn_14,78/2025/NĐ-CP_23,ARTICLE,GUIDE,
32/2025/tt-nhnn,32/2025/tt-nhnn_15,ARTICLE,CONTAIN,
32/2025/tt-nhnn_15,78/2025/NĐ-CP_26,ARTICLE,GUIDE,
32/2025/tt-nhnn,32/2025/tt-nhnn_16,ARTICLE,CONTAIN,
32/2025/tt-nhnn_16,78/2025/NĐ-CP_2,ARTICLE,GUIDE,
32/2025/tt-nhnn_16,78/2025/NĐ-CP_3,ARTICLE,GUIDE,
32/2025/tt-nhnn_16,78/2025/NĐ-CP_6,ARTICLE,GUIDE,
32/2025/tt-nhnn_16,64/2025/QH15_14,ARTICLE,GUIDE,
32/2025/tt-nhnn_16,78/2025/NĐ-CP_27,ARTICLE,GUIDE,
32/2025/tt-nhnn_16,78/2025/NĐ-CP_28,ARTICLE,GUIDE,
32/2025/tt-nhnn_16,78/2025/NĐ-CP_29,ARTICLE,GUIDE,
32/2025/tt-nhnn_16,78/2025/NĐ-CP_31,ARTICLE,GUIDE,
32/2025/tt-nhnn,32/2025/tt-nhnn_17,ARTICLE,CONTAIN,
32/2025/tt-nhnn_17,64/2025/QH15_14,ARTICLE,GUIDE,
32/2025/tt-nhnn_17,78/2025/NĐ-CP_32,ARTICLE,GUIDE,
32/2025/tt-nhnn_17,78/2025/NĐ-CP_6,ARTICLE,GUIDE,
32/2025/tt-nhnn_17,78/2025/NĐ-CP_2,ARTICLE,GUIDE,
32/2025/tt-nhnn_17,78/2025/NĐ-CP_3,ARTICLE,GUIDE,
32/2025/tt-nhnn_17,78/2025/NĐ-CP_34,ARTICLE,GUIDE,
32/2025/tt-nhnn,32/2025/tt-nhnn_18,ARTICLE,CONTAIN,
32/2025/tt-nhnn_18,64/2025/QH15_14,ARTICLE,GUIDE,
32/2025/tt-nhnn_18,78/2025/NĐ-CP_2,ARTICLE,GUIDE,
32/2025/tt-nhnn_18,78/2025/NĐ-CP_3,ARTICLE,GUIDE,
32/2025/tt-nhnn_18,78/2025/NĐ-CP_6,ARTICLE,GUIDE,
32/2025/tt-nhnn_18,78/2025/NĐ-CP_27,ARTICLE,GUIDE,
32/2025/tt-nhnn_18,78/2025/NĐ-CP_32,ARTICLE,GUIDE,
32/2025/tt-nhnn_18,78/2025/NĐ-CP_33,ARTICLE,GUIDE,
32/2025/tt-nhnn_18,78/2025/NĐ-CP_34,ARTICLE,GUIDE,
32/2025/tt-nhnn,32/2025/tt-nhnn_19,ARTICLE,CONTAIN,
32/2025/tt-nhnn_19,64/2025/QH15_15,ARTICLE,GUIDE,
32/2025/tt-nhnn_19,78/2025/NĐ-CP_36,ARTICLE,GUIDE,
32/2025/tt-nhnn_19,78/2025/NĐ-CP_6,ARTICLE,GUIDE,
32/2025/tt-nhnn_19,78/2025/NĐ-CP_2,ARTICLE,GUIDE,
32/2025/tt-nhnn_19,78/2025/NĐ-CP_3,ARTICLE,GUIDE,
32/2025/tt-nhnn_19,78/2025/NĐ-CP_37,ARTICLE,GUIDE,
32/2025/tt-nhnn_19,78/2025/NĐ-CP_38,ARTICLE,GUIDE,
32/2025/tt-nhnn_19,64/2025/QH15_51,ARTICLE,GUIDE,
32/2025/tt-nhnn,32/2025/tt-nhnn_20,ARTICLE,CONTAIN,
32/2025/tt-nhnn,32/2025/tt-nhnn_21,ARTICLE,CONTAIN,
32/2025/tt-nhnn_21,32/2025/tt-nhnn_20,ARTICLE,GUIDE,
32/2025/tt-nhnn,32/2025/tt-nhnn_22,ARTICLE,CONTAIN,
32/2025/tt-nhnn_22,64/2025/QH15_18,ARTICLE,GUIDE,
32/2025/tt-nhnn_22,78/2025/NĐ-CP_2,ARTICLE,GUIDE,
32/2025/tt-nhnn_22,78/2025/NĐ-CP_3,ARTICLE,GUIDE,
32/2025/tt-nhnn_22,32/2025/tt-nhnn_3,ARTICLE,GUIDE,
32/2025/tt-nhnn,32/2025/tt-nhnn_23,ARTICLE,CONTAIN,
32/2025/tt-nhnn_23,32/2025/tt-nhnn_22,ARTICLE,GUIDE,
32/2025/tt-nhnn_23,78/2025/NĐ-CP_40,ARTICLE,GUIDE,
32/2025/tt-nhnn,32/2025/tt-nhnn_24,ARTICLE,CONTAIN,
32/2025/tt-nhnn_24,32/2025/tt-nhnn_23,ARTICLE,GUIDE,
32/2025/tt-nhnn,32/2025/tt-nhnn_25,ARTICLE,CONTAIN,
32/2025/tt-nhnn_25,64/2025/QH15_53,ARTICLE,GUIDE,
32/2025/tt-nhnn,32/2025/tt-nhnn_26,ARTICLE,CONTAIN,
32/2025/tt-nhnn_26,64/2025/QH15_70,ARTICLE,GUIDE,
32/2025/tt-nhnn,32/2025/tt-nhnn_27,ARTICLE,CONTAIN,
32/2025/tt-nhnn,32/2025/tt-nhnn_28,ARTICLE,CONTAIN,
32/2025/tt-nhnn,32/2025/tt-nhnn_29,ARTICLE,CONTAIN,
33/2025/tt-nhnn,33/2025/tt-nhnn_1,ARTICLE,CONTAIN,
33/2025/tt-nhnn_1,17/2014/tt-nhnn_1,ARTICLE,AMEND,
33/2025/tt-nhnn,33/2025/tt-nhnn_2,ARTICLE,CONTAIN,
33/2025/tt-nhnn,33/2025/tt-nhnn_3,ARTICLE,CONTAIN,
33/2025/tt-nhnn_3,17/2014/tt-nhnn_3,ARTICLE,AMEND,
33/2025/tt-nhnn,33/2025/tt-nhnn_4,ARTICLE,CONTAIN,
33/2025/tt-nhnn_4,17/2014/tt-nhnn_5,ARTICLE,AMEND,
33/2025/tt-nhnn,33/2025/tt-nhnn_5,ARTICLE,CONTAIN,
33/2025/tt-nhnn_5,33/2025/tt-nhnn_6,ARTICLE,AMEND,
33/2025/tt-nhnn,33/2025/tt-nhnn_6,ARTICLE,CONTAIN,
33/2025/tt-nhnn_6,33/2025/tt-nhnn_7,ARTICLE,AMEND,
33/2025/tt-nhnn,33/2025/tt-nhnn_7,ARTICLE,CONTAIN,
33/2025/tt-nhnn_7,33/2025/tt-nhnn_8,ARTICLE,AMEND,
33/2025/tt-nhnn,33/2025/tt-nhnn_8,ARTICLE,CONTAIN,
33/2025/tt-nhnn_8,17/2014/tt-nhnn_9,ARTICLE,AMEND,
33/2025/tt-nhnn,33/2025/tt-nhnn_9,ARTICLE,CONTAIN,
33/2025/tt-nhnn_9,33/2025/tt-nhnn_12,ARTICLE,AMEND,
33/2025/tt-nhnn_9,33/2025/tt-nhnn_11,ARTICLE,GUIDE,
33/2025/tt-nhnn,33/2025/tt-nhnn_10,ARTICLE,CONTAIN,
33/2025/tt-nhnn_10,17/2014/tt-nhnn_15,ARTICLE,AMEND,
33/2025/tt-nhnn,33/2025/tt-nhnn_11,ARTICLE,CONTAIN,
33/2025/tt-nhnn_11,17/2014/tt-nhnn_17,ARTICLE,AMEND,
33/2025/tt-nhnn,33/2025/tt-nhnn_12,ARTICLE,CONTAIN,
33/2025/tt-nhnn_12,33/2025/tt-nhnn_18,ARTICLE,AMEND,
33/2025/tt-nhnn_12,33/2025/tt-nhnn_15,ARTICLE,GUIDE,
33/2025/tt-nhnn,33/2025/tt-nhnn_13,ARTICLE,CONTAIN,
33/2025/tt-nhnn_13,33/2025/tt-nhnn_19,ARTICLE,AMEND,
33/2025/tt-nhnn,33/2025/tt-nhnn_14,ARTICLE,CONTAIN,
33/2025/tt-nhnn_14,17/2014/tt-nhnn_20,ARTICLE,AMEND,
33/2025/tt-nhnn,33/2025/tt-nhnn_15,ARTICLE,CONTAIN,
33/2025/tt-nhnn_15,33/2025/tt-nhnn_22,ARTICLE,AMEND,
33/2025/tt-nhnn,33/2025/tt-nhnn_16,ARTICLE,CONTAIN,
33/2025/tt-nhnn,33/2025/tt-nhnn_17,ARTICLE,CONTAIN,
34/2025/tt-nhnn,34/2025/tt-nhnn_1,ARTICLE,CONTAIN,
34/2025/tt-nhnn,34/2025/tt-nhnn_2,ARTICLE,CONTAIN,
34/2025/tt-nhnn,34/2025/tt-nhnn_3,ARTICLE,CONTAIN,
34/2025/tt-nhnn,34/2025/tt-nhnn_4,ARTICLE,CONTAIN,
34/2025/tt-nhnn,34/2025/tt-nhnn_5,ARTICLE,CONTAIN,
34/2025/tt-nhnn,34/2025/tt-nhnn_6,ARTICLE,CONTAIN,
34/2025/tt-nhnn,34/2025/tt-nhnn_7,ARTICLE,CONTAIN,
34/2025/tt-nhnn,34/2025/tt-nhnn_8,ARTICLE,CONTAIN,
34/2025/tt-nhnn,34/2025/tt-nhnn_9,ARTICLE,CONTAIN,
34/2025/tt-nhnn,34/2025/tt-nhnn_10,ARTICLE,CONTAIN,
34/2025/tt-nhnn,34/2025/tt-nhnn_11,ARTICLE,CONTAIN,
34/2025/tt-nhnn,34/2025/tt-nhnn_12,ARTICLE,CONTAIN,
34/2025/tt-nhnn,34/2025/tt-nhnn_13,ARTICLE,CONTAIN,
34/2025/tt-nhnn_13,34/2025/tt-nhnn,ARTICLE,GUIDE,
34/2025/tt-nhnn,34/2025/tt-nhnn_14,ARTICLE,CONTAIN,
34/2025/tt-nhnn_14,34/2025/tt-nhnn_6,ARTICLE,GUIDE,
34/2025/tt-nhnn_14,34/2025/tt-nhnn_7,ARTICLE,GUIDE,
34/2025/tt-nhnn_14,34/2025/tt-nhnn_12,ARTICLE,GUIDE,
34/2025/tt-nhnn,34/2025/tt-nhnn_15,ARTICLE,CONTAIN,
34/2025/tt-nhnn_15,34/2025/tt-nhnn_8,ARTICLE,GUIDE,
34/2025/tt-nhnn_15,34/2025/tt-nhnn_9,ARTICLE,GUIDE,
34/2025/tt-nhnn_15,34/2025/tt-nhnn_12,ARTICLE,GUIDE,
34/2025/tt-nhnn,34/2025/tt-nhnn_16,ARTICLE,CONTAIN,
34/2025/tt-nhnn_16,34/2025/tt-nhnn_4,ARTICLE,GUIDE,
34/2025/tt-nhnn_16,34/2025/tt-nhnn_12,ARTICLE,GUIDE,
34/2025/tt-nhnn,34/2025/tt-nhnn_17,ARTICLE,CONTAIN,
34/2025/tt-nhnn_17,34/2025/tt-nhnn_5,ARTICLE,GUIDE,
34/2025/tt-nhnn_17,34/2025/tt-nhnn_12,ARTICLE,GUIDE,
34/2025/tt-nhnn,34/2025/tt-nhnn_18,ARTICLE,CONTAIN,
34/2025/tt-nhnn_18,24/2012/NĐ-CP_11,ARTICLE,GUIDE,
34/2025/tt-nhnn,34/2025/tt-nhnn_19,ARTICLE,CONTAIN,
34/2025/tt-nhnn_19,24/2012/NĐ-CP_11,ARTICLE,GUIDE,
34/2025/tt-nhnn,34/2025/tt-nhnn_20,ARTICLE,CONTAIN,
34/2025/tt-nhnn_20,24/2012/NĐ-CP_11,ARTICLE,GUIDE,
34/2025/tt-nhnn_20,34/2025/tt-nhnn_10,ARTICLE,GUIDE,
34/2025/tt-nhnn_20,34/2025/tt-nhnn_12,ARTICLE,GUIDE,
34/2025/tt-nhnn_20,34/2025/tt-nhnn_19,ARTICLE,GUIDE,
34/2025/tt-nhnn,34/2025/tt-nhnn_21,ARTICLE,CONTAIN,
34/2025/tt-nhnn_21,34/2025/tt-nhnn_11,ARTICLE,GUIDE,
34/2025/tt-nhnn_21,34/2025/tt-nhnn_12,ARTICLE,GUIDE,
34/2025/tt-nhnn_21,34/2025/tt-nhnn_19,ARTICLE,GUIDE,
34/2025/tt-nhnn,34/2025/tt-nhnn_22,ARTICLE,CONTAIN,
34/2025/tt-nhnn,34/2025/tt-nhnn_23,ARTICLE,CONTAIN,
34/2025/tt-nhnn,34/2025/tt-nhnn_24,ARTICLE,CONTAIN,
34/2025/tt-nhnn,34/2025/tt-nhnn_25,ARTICLE,CONTAIN,
34/2025/tt-nhnn,34/2025/tt-nhnn_26,ARTICLE,CONTAIN,
34/2025/tt-nhnn,34/2025/tt-nhnn_27,ARTICLE,CONTAIN,
34/2025/tt-nhnn_27,34/2025/tt-nhnn_26,ARTICLE,GUIDE,
34/2025/tt-nhnn,34/2025/tt-nhnn_28,ARTICLE,CONTAIN,
34/2025/tt-nhnn,34/2025/tt-nhnn_29,ARTICLE,CONTAIN,
34/2025/tt-nhnn,34/2025/tt-nhnn_30,ARTICLE,CONTAIN,
34/2025/tt-nhnn,34/2025/tt-nhnn_31,ARTICLE,CONTAIN,
34/2025/tt-nhnn,34/2025/tt-nhnn_32,ARTICLE,CONTAIN,
34/2025/tt-nhnn_32,34/2025/tt-nhnn_18,ARTICLE,GUIDE,
34/2025/tt-nhnn_32,24/2012/NĐ-CP_4,ARTICLE,GUIDE,
34/2025/tt-nhnn,34/2025/tt-nhnn_33,ARTICLE,CONTAIN,
34/2025/tt-nhnn_33,24/2022/TT-NHNN_1,ARTICLE,REPEAL,
34/2025/tt-nhnn_33,34/2025/tt-nhnn_29,ARTICLE,GUIDE,
34/2025/tt-nhnn_33,34/2025/tt-nhnn_19,ARTICLE,GUIDE,
34/2025/tt-nhnn_33,34/2025/tt-nhnn_20,ARTICLE,GUIDE,
34/2025/tt-nhnn_33,24/2012/NĐ-CP_11,ARTICLE,GUIDE,